Name,Amount Raised,Round,Description,Everywhere Sectors,Verticles,Team,Investors,Date of Announcement,Source,Website,LinkedIn,Location,Batch Date,Batch Date Precision,Most Recent Batch
Upright,400000,,"Plant-based goods to nourish our world Upright has created the world’s first protein-rich, allergen-free, instant vegan oat milk option with double the protein of other oat milks.","Climate / Sustainability,BioTech",Alt Protein; Climate Tech; Future Food; Nutrition & Wellness,Betty Tang,SOSV (IndieBio),IndieBio NY 03,SOSV,http://uprightoats.com,https://www.linkedin.com/company/uprightoats,,,,
Allied Microbiota,0,,"We use microbes to clean soil, turning brownfield into greenfield Allied Microbiota develops microbes to degrade environmental contaminants.",Climate / Sustainability,Climate Tech; Industrial & Research Tools; Industrial Bio; Sustainable Manufacturing,Lauralynn Kourtz,SOSV (IndieBio),IndieBio NY 01,SOSV,http://alliedmicrobiota.com,https://www.linkedin.com/company/allied-microbiota,,,,
Materia Bioworks,635000,Pre-Seed,Empowering Companies to Launch Sustainable Products Materia Bioworks uses AI to help brands and manufacturers transition away from petroleum plastics.,Climate / Sustainability,AI & Machine Learning; Industrial Bio; Sustainable Manufacturing,"Michael Williamson, Hasitha Alwis, Kevin Eriksen, Rajan Manocha",SOSV (IndieBio),IndieBio NY 10,SOSV,http://materiabioworks.com,https://www.linkedin.com/company/materia-bioworks,,,,
5H45,"$800,000",,"Functionalized Biomaterials Dedicated to Haircare 5h45 is a biotechnology company reinventing how we style and care for hair. Founded by Lea Majerholc after a near-fatal reaction to a chemical straightening treatment, 5h45 was born to end the cycle…",Consumer,Consumer Bio; Industrial & Research Tools,,SOSV (IndieBio),IndieBio NY 10,SOSV,http://5h45.co,,,,,
Deep Root BioLabs,$1.02 Million,Pre-Seed,Rapidly Reprogramming Plants from the Inside Out Industrial pollution and mineral shortages have created an urgent need for sustainable cleanup and resource recovery.,Climate / Sustainability,AgTech; Industrial & Research Tools; Industrial Bio,,SOSV (IndieBio),IndieBio NY 2025 H2,SOSV,http://deeprootbio.com,https://www.linkedin.com/company/deep-root-biolabs,,2025-07-01,season,True
Moonlight Therapeutics,$3.3 Million,Series A,"Eliminating childhood allergies with at-home treatments Moonlight Therapeutics is developing MOON101, a clinical peanut allergy immunotherapy delivered via proprietary skin stamp.",BioTech,Therapeutics,,SOSV (IndieBio),IndieBio NY 2025 H2,SOSV,http://moonlighttx.com,https://www.linkedin.com/company/moonlight-tx,,2025-07-01,season,True
iOrgan Bio,$1.9 Million,Seed,"Supplying Cells to Improve the Human Condition iOrgan Bio is redefining how human cells are made by turning biology into an industrial, data-defined process.",Health,AI & Machine Learning; Healthcare,,SOSV (IndieBio),IndieBio NY 2025 H2,SOSV,http://iorgan.bio,https://www.linkedin.com/company/iorganbio,,2025-07-01,season,True
Forage Evolution,$1.875 Million,Pre-Seed,"The First Living Operating System Forage Evolution is building the next-generation workhorse for biotechnology. For decades, the field has relied on E. coli—a slow, manual system that limits how quickly scientists can design and test new biology.",Climate / Sustainability,Sustainable Manufacturing,,SOSV (IndieBio),IndieBio NY 10,SOSV,http://forageevo.com,https://www.linkedin.com/company/forage-evolution,,,,
Janus Labs,"$635,000",Pre-Seed,"Redefining the animal-human bond Animals can’t tell us when something is wrong, so they suffer in silence. Janus is changing that by listening directly to the brain.",Consumer,Consumer Bio; Consumer Devices,,SOSV (IndieBio),IndieBio NY 2025 H2,SOSV,http://www.januslabs.com,https://www.linkedin.com/company/januslabs,,2025-07-01,season,True
Primary Bioscience,"$705,000",Pre-Seed,"Unlocking biology: de novo protein sequencing Primary Bioscience is addressing one of biology’s biggest blind spots: we still can’t directly read proteins, the molecules that actually drive health and disease.",BioTech,AI & Machine Learning; Industrial & Research Tools,,SOSV (IndieBio),IndieBio NY 2025 H2,SOSV,https://primarybioscience.com/,https://www.linkedin.com/company/primary-bioscience,,2025-07-01,season,True
Circadian OS,$2.7 Million,Pre-Seed,Temporal intelligence for precision circadian therapies Circadian OS develops circadian intelligence to improve therapy outcomes using temporal biomarkers and multimodal temporal data.,Health,Healthcare,,SOSV (IndieBio),IndieBio NY 2025 H2,SOSV,http://circadian-os.com,https://www.linkedin.com/company/circadian-os,,2025-07-01,season,True
Klona Biotech,$1.4 Million,Pre-Seed,"Accessible, Scalable, Personalized Implants Klona Biotech is redefining reconstructive medicine with 3D-printed, personalized implants for mechanically demanding tissues like ligaments, tendons, and cartilage.","Health,BioTech",Computational Bio; Healthcare,"Kai Latham, Anne Behre",SOSV (IndieBio),IndieBio NY 2025 H2,SOSV,https://www.klonabiotech.com,https://www.linkedin.com/company/klona-biotech,,2025-07-01,season,True
Sable,$1.8 Million,Pre-Seed,Science-Backed Skincare for Fat Reduction Furthering the biotech and beauty industry by developing a line of slimming creams to target unwanted subcutaneous fat.,"CPG,Consumer",Consumer Bio; Consumer Packaged Goods,,SOSV (IndieBio),IndieBio NY 2025 H2,SOSV,http://sabletherapeutics.com,https://www.linkedin.com/company/sable-biobeauty,,2025-07-01,season,True
Anomer Bio,"$650,000",Pre-Seed,synthetic sugars to edit immunity and fibrosis Glycans are complex sugars that coat proteins and dictate how cells and tissues behave.,BioTech,Therapeutics,,SOSV (IndieBio),IndieBio NY 2025 H2,SOSV,https://anomer.bio/,https://www.linkedin.com/company/anomer-bio,,2025-07-01,season,True
Logos Research,,Pre-Seed,"AI agents grounded in formal verification, no hallucinations The infrastructure layer that anchors AI reasoning in mathematical certainty. Algorithms are synthesised from formal specifications and verified before deployment.",,AI & Machine Learning,Cris Salvi,SOSV (IndieBio),SOSV IBSF 25H2 2025,SOSV,https://www.logosresearch.ai/,https://www.linkedin.com/company/logosresearch,,2025-01-01,year,True
Inixi Bio,$1 Million,Pre-Seed,Stopping cancer at stage zero Inixi Bio is building tumor initiation inhibitors for patients with high cancer risk—like statins for cancer Most cancer drugs chase tumors after they appear.,"Health,BioTech",Biopharma; Healthcare; Human Health; Therapeutics,"Keaton Carano, Jonathan Spalding",SOSV (IndieBio),SOSV IBSF 25H2 2025,SOSV,http://inixi.bio,https://www.linkedin.com/company/inixi-bio,,2025-01-01,year,True
ReefStarter,"$300,000",Pre-Seed,ReefStarter: an ecological breakwater system We design coastal protection barriers that mimic the benefits of natural reef ecosystems.,Climate / Sustainability,Climate Tech; Industrial Equipment; Manufacturing & Energy; Materials,"Robert Weaver, Bridget Baumgartner",SOSV (IndieBio),SOSV IBSF 25H2 2025,SOSV,http://reefstarter.net,https://www.linkedin.com/company/reefstarter-inc,,2025-01-01,year,True
Augment Biologics,$1 Million,Pre-Seed,"AI-guided glycoprotein drug design with site-specific glycan writing Augment’s AI-guided GlycoTemplating platform writes glycans into biologics’ primary sequence with site-specific accuracy to improve efficacy, safety, durability, and manufacturing.",BioTech,AI & Machine Learning; Biopharma; Computational Bio; Human Health; Therapeutics,Ben Kellman,SOSV (IndieBio),SOSV IBSF 25H2 2025,SOSV,https://augmentbiologics.com,https://www.linkedin.com/company/augment-biologics,,2025-01-01,year,True
SuperCool Earth,"$600,000",Pre-Seed,"Ending Global Water Bankruptcy. With water scarcity accelerating across the globe, massively reshaping agricultural and energy landscapes, reliable precipitation has become a critical infrastructure play with venture-backed companies, government…","Climate / Sustainability,FinTech / Insurance",AgTech; Circular Economy; Climate Tech; Industrial Bio,"Michelle Grau, Dacia Leon",SOSV (IndieBio),SOSV IBSF 25H2 2025,SOSV,https://rethinkice.com/,https://www.linkedin.com/company/supercool-earth,,2025-01-01,year,True
FloUV,"$300,000",Pre-Seed,Revolutionizing beverage IndieBio has not seen a foodtech company take off this fast since we funded NotCo in 2017. FloUV makes UV-C sterilization systems that are 4x cheaper and draw 10x less electricity than existing systems.,"CPG,Climate / Sustainability",Circular Economy; Industrial Bio; Manufacturing & Energy; Sustainable Manufacturing,"Ankit Patras, Pankaj Uttarwar",SOSV (IndieBio),SOSV IBSF 25H2 2025,SOSV,http://flouv.us,https://www.linkedin.com/company/flouv,,2025-01-01,year,True
HyIvy Health,4731000,Pre-Seed,"Patient centric chronic pelvic pelvic pain therapy HyIvy is a medtech company that has already submitted an FDA 510(k) clearance, and has over 300 hospitals, GYNs, and PT clinics on their waitlist.",Health,Healthcare; Human Health; Medtech; Remote care; Women's Health,Rachel Bartholomew,SOSV (IndieBio),SOSV IBSF 25H2 2025,SOSV,http://hyivy.com,https://www.linkedin.com/company/hyivy-health,,2025-01-01,year,True
Gilly,"$300,000",Pre-Seed,"Better, cheaper animal feed In the $600 Billion commodity animal feed market, farmers are being squeezed from all angles. As feed prices continue to rise, they are desperate for solutions to lower their input costs while still maintaining animal…","Climate / Sustainability,BioTech,Logistics / Supply Chain",AgTech; Alt Protein; Climate Tech; Food Supply Chain Solutions; Industrial Bio,"Vincent Wu, Bo Xu",SOSV (IndieBio),SOSV IBSF 25H2 2025,SOSV,http://gillybio.com,https://www.linkedin.com/company/gillybio,,2025-01-01,year,True
Metabolize,"$500,000",Pre-Seed,"Sustainable Weight and Metabolic Health - For Everyone, Everywhere Metabolize’s NatLean is a precision metabolite designed to restore natural satiety signaling after GLP-1 medications fade.","CPG,Climate / Sustainability,Consumer",Consumer Bio; Consumer Packaged Goods; Human Health; Nutrition & Wellness,"Gideon Meir, Morris Laster",SOSV (IndieBio),SOSV IBSF 25H2 2025,SOSV,http://metabolize.life,https://www.linkedin.com/company/metabolize-life,,2025-01-01,year,True
California Perovskite Technology Inc. (CPTI),"$920,000",Pre-Seed,"CPTI transforms surfaces into power sources with world-best perovskite films. As the physical world becomes smarter with AI onboard, it means every electronic device, every sensor, and every robot will run algorithms at the edge.","Climate / Sustainability,Deeptech / Robotics / AR/VR,Gaming / Media / Entertainment",Climate Tech; Energy; Hard Tech; Industrial IoT; Manufacturing & Energy; Materials,"Vivian Qu, Josh Douglas",SOSV (IndieBio),SOSV IBSF 25H2 2025,SOSV,http://cpti.co,https://www.linkedin.com/company/california-perovskite-technology-inc,,2025-01-01,year,True
Lambda Agri,1500000,Pre-Seed,Red-light additives for greenhouses Lambda increases greenhouse crop yields and quality by up to 20% by converting excess UV in sunlight to useful red light for photosynthesis.,"Climate / Sustainability,Logistics / Supply Chain",AgTech; Climate Tech; Energy; Food Supply Chain Solutions; Materials,Monica Saavedra,SOSV (IndieBio),SOSV IBSF 25H2 2025,SOSV,http://www.Lambda.Energy,https://www.linkedin.com/company/lambda-agri,,2025-01-01,year,True
RAWGA,$7.9M,,"Beyond Ordinary : Innovating the Future of Premium Wellness RAWGA is a next-generation Bio-Deeptech company pioneering the future of anti-aging. Our story began from the ground, rooted in the essentials of food and nature.",Climate / Sustainability,Nutrition & Wellness; Sustainable Manufacturing,"Peter Ha, Raw Kim, Boosik Jang",SOSV (IndieBio),SOSV Portfolio: Po Bronson,SOSV,http://rawga.com,https://www.linkedin.com/company/rawga-inc,,,,
Post Translational Medicines,500000,Pre-Seed,Building the world’s first Aging Atlas Post Translational Medicines (PTM) is pioneering a new paradigm in drug discovery by systematically targeting the dynamic regulatory layer of biology that exists beyond the genome and proteome: the Dark…,"Health,BioTech",Biopharma; Computational Bio; Healthcare; Human Health; Therapeutics,"Kevin Scott, Bryan Ngo",SOSV (IndieBio),SOSV IBSF 25H2 2025,SOSV,https://ptmedicines.com,,,2025-01-01,year,True
Flovision,,Series A,"Modular AI station providing real-time control, feedback, and analytics FloVision Solutions provides modular AI systems that measure yield and quality at production speed, then enable real-time control and operator guidance.",Data & Analytics,,,SOSV (IndieBio),SOSV Portfolio: Po Bronson,SOSV,https://flovisionsolutions.com/,https://www.linkedin.com/company/flovisionsolutions,,,,
Hoofprint Biome,,Seed,Hoofprint Biome represents a new paradigm in solving methane emissions from cattle. The vast majority of solutions to solve methane emissions from cattle deploy chemicals.,Climate / Sustainability,,"Evan Savell, Scott Collins, Kathryn Polkoff",SOSV (IndieBio),IndieBio SF 13,SOSV,https://www.hoofprintbiome.com/,https://www.linkedin.com/company/hoofprint-biome,,,,
SynPlexity,580000,Seed,Printing DNA sequences that are longer and at a cheaper price point. SynPlexity prints massively parallel amounts of DNA sequences – longer and cheaper than anything else.,,Industrial & Research Tools,"Calin Plesa, Samuel Hinton",SOSV (IndieBio),IndieBio SF 16,SOSV,https://synplexity.com,https://www.linkedin.com/company/synplexity,,,,
Phytogenesis,3200000,Seed,"Increasing yields and grower profitability with broad spectrum innate plant defense activation Commercializing newly discovered molecules that induce innate plant defense mechanisms with the goal of greatly reducing, or even eliminating, the need…","Climate / Sustainability,Logistics / Supply Chain,Deeptech / Robotics / AR/VR",AgTech; Food Supply Chain Solutions,,SOSV (IndieBio),IndieBio SF 16,SOSV,https://www.phytogenesis.com,https://www.linkedin.com/company/phytogenesis,,,,
Minutia,6900000,Series A,"In vivo monitored insulin-producing cell transplants for diabetes; A functional cure for Type I Diabetes which does not require systemic immunosuppressants or an invasive transplant procedure, plus built-in safety monitoring and kill switch…",BioTech,Therapeutics,,SOSV (IndieBio),IndieBio SF 16,SOSV,https://www.minutia.co,https://www.linkedin.com/company/minutiainc,,,,
Metabolic Psychiatry Labs,$1.5 Million,Seed,"Metabolism-driven mental health care, personalized and remote Metabolic Psychiatry Labs delivers integrated mental health care that targets root metabolic drivers like insulin resistance, inflammation, and nutrition.",Health,Digital Health; Healthcare,,SOSV (IndieBio),IndieBio SF 16,SOSV,https://metabolicpsychiatrylabs.com,https://www.linkedin.com/company/metabolic-psychiatry-labs,,,,
Fermeate,"$450,000",Seed,"Transforming economics of microbial biomanufacturing using light Biomanufacturing holds exceptional promise to replace unsustainable manufacturing methods in a plethora of industries, yet so far very few biomanufacturing processes have proven…",Climate / Sustainability,Manufacturing & Energy,Kevin Xu,SOSV (IndieBio),IndieBio SF 16,SOSV,https://fermeate.com,https://www.linkedin.com/company/fermeate,,,,
DisperseBio,"$300,000",Seed,Nature-inspired peptide coatings that prevent biofouling Peptide-based solution that disrupts the growth of biofilms by activating the microbe’s natural self biofilm dispersion pathway,,Industrial & Research Tools,Bruno Grandsard,SOSV (IndieBio),IndieBio SF 16,SOSV,https://blueconomy-il.com/company/dispersebio/,https://www.linkedin.com/company/dispersebio,,,,
Antarka,4250000,Seed,"enzyme for uv damage, cosmetic ingredient Antarka is redefining skincare with next-generation enzymes, specialized in repairing DNA damage caused by UV radiation.",CPG,Nutrition & Wellness,"Juan Jose Marizcurrena, Celica Cagide, Betania Martinez",SOSV (IndieBio),IndieBio SF 16,SOSV,https://www.antarka.bio,https://www.linkedin.com/company/antarka,,,,
Ceal,8000000,Seed,"Ceal is a carbon dioxide removal company paving the way for a Net-Zero environment Ceal, a carbon dioxide removal (CDR) company, is paving the way for a Net-Zero environment using the most energy-efficient technology ready to scale.",Climate / Sustainability,Manufacturing & Energy,,SOSV (IndieBio),IndieBio SF 16,SOSV,https://ceal.earth,https://www.linkedin.com/company/ceal-minerals,,,,
Mothership Materials,"$600,000",Seed,"Ag waste to power the bioeconomy Capturing new ingredients by molecularly upcycling agricultural waste, paving the way for a sustainable, circular, and traceable bioeconomy.",Climate / Sustainability,Sustainable Manufacturing,"Jo Marini, Agnes Ostafin",SOSV (IndieBio),IndieBio NY 09,SOSV,https://www.mothershipmaterials.com,https://www.linkedin.com/company/mothershipmaterials,,,,
Tastee Tape,"$275,000",Pre-Seed,"Truly sustainable packaging, even edible Tastee Tape is reducing the 13 billion lbs of packaging film with a bio-based, health-conscious, affordable option.",Climate / Sustainability,Sustainable Manufacturing,Marie Eric,SOSV (IndieBio),IndieBio NY 08,SOSV,https://www.tasteetape.com/,https://www.linkedin.com/company/tastee-tape,,,,
Giraffe Bio,"$1,136,000",Seed,Upcycling Critical Minerals Data-driven biomolecular design to boost the efficiency and sustainability of mining for critical minerals.,Climate / Sustainability,Sustainable Manufacturing,Alejandro Sempe,SOSV (IndieBio),IndieBio NY 09,SOSV,https://www.giraffe-bio.com,https://www.linkedin.com/company/giraffe-bio,,,,
Semion,"$475,000",Pre-Seed,Restoring crops' ability to defend against pests Activating plant defense mechanisms silenced during the process of domestication to develop novel pest control solutions.,Climate / Sustainability,AgTech,"Emilio Molina, Alejandro Sebastian Forlin",SOSV (IndieBio),IndieBio NY 09,SOSV,https://semionbio.com,https://www.linkedin.com/company/semionbio,,,,
NanoPlume,"$705,000",Seed,"Bio-based super insulation Manufacturing the next generation of ultra-insulating, affordable, bio-based aerogels to maximize energy efficiency across multiple industries.",Climate / Sustainability,Sustainable Manufacturing,Theresa Hoffmann,SOSV (IndieBio),IndieBio NY 09,SOSV,http://nanoplume.com,https://www.linkedin.com/company/nanoplume,,,,
Bactery,"$275,000",Seed,"Green energy, right at your feet Capturing green energy generated by bacteria found in soil for remote sensors and IoT devices.",Climate / Sustainability,AgTech; Manufacturing & Energy,Jakub Dziegielowski,SOSV (IndieBio),IndieBio NY 09,SOSV,http://www.bactery.co.uk,https://www.linkedin.com/company/bactery-ltd,,,,
Capro-X,"$975,000",Seed,"Capro-X is an ag-tech company that improves the sustainability in the dairy industry. Companies working in precision fermentation have ambitious plans to upcycle organic waste, but most struggle with high costs and poor scalability.",Climate / Sustainability,,"Juan Guzman, Paul Lee",SOSV (IndieBio),IndieBio 09,SOSV,https://capro-x.com,https://www.linkedin.com/company/capro-x-inc,,,,
Quorum Earth,"$800,000",Seed,Biopesticides made from fungi Using the power of the fungal kingdom to develop non-toxic biopesticides to save the bees.,Climate / Sustainability,AgTech,Chris Kantrowitz,SOSV (IndieBio),IndieBio NY 09,SOSV,https://www.quorumearth.com,https://www.linkedin.com/company/quorum-earth,,,,
Tinkeso Therapeutics,"$500,000",Seed,"Off-the-shelf NKT cell therapies for cancer and immunity Tinkeso Therapeutics develops off-the-shelf, allogeneic Natural Killer T (NKT) cell therapies for cancers and immune-mediated disorders.",BioTech,Therapeutics,Emmie Fan,SOSV (IndieBio),IndieBio NY 09,SOSV,https://tinkeso.com/,https://www.linkedin.com/company/tinkeso-therapeutics,,,,
heXembio,$9.5 Million,Seed,Rejuvenating Human Blood Cells for Improved Healthspan HexemBio rejuvenates aged hematopoietic stem cells to improve immune function and bone marrow transplant outcomes for hematological malignancies and overall healthspan expansion.,BioTech,Therapeutics,"Joshua Hislop, Samira Kiani",SOSV (IndieBio),IndieBio NY 09,SOSV,https://www.hexemb.io,https://www.linkedin.com/company/hexembio,,,,
Asta Bio,450000,Pre-Seed,"Reimagining Cancer Treatment with Targeted Radiotherapy Our technology combines 211-Astatine, the most druggable alpha-emitting radioisotope, with multivalent single-domain antibodies to deliver potent alpha radiation that breaks DNA strands and…","BioTech,Health",Therapeutics,Ahmad Reza Saadat,SOSV (IndieBio),IndieBio NY 09,SOSV,https://www.astabiotx.com,https://www.linkedin.com/company/asta-bio-tx,,,,
Stream Genomics,"$525,000",Seed,Sequencing for everyone Transforming next generation sequencing into commoditized market with ultrafast and affordable technology..,BioTech,Industrial & Research Tools,Bojan Obradovic,SOSV (IndieBio),IndieBio SF 15,SOSV,https://stream-genomics.com/,https://www.linkedin.com/company/stream-genomics,,,,
BugBiome,700000,Seed,"Biopesticides from the microbiome At BugBiome, our mission is to create safer pest control solutions by harnessing natural microbiomes through our high-throughput screening platform.",Climate / Sustainability,AgTech,Alicia Showering,SOSV (IndieBio),IndieBio NY 08,SOSV,https://bugbiome.com/,https://www.linkedin.com/company/bugbiome,,,,
Nutrition from Water,3600000,Seed,"Affordable, natural nutrition from pristine waters Founded in 2020 in New Zealand, Delaware-incorporated and Portugal-headquartered biotechnology company Nutrition from Water (NXW) utilizes microalgae biotechnology to create highly nutritious, non…",,Future Food,"Alex Worker, Hamish Howard, Toby Lane",SOSV (IndieBio),IndieBio SF 15,SOSV,https://newfish.co.nz/,https://www.linkedin.com/company/newfishnz,,,,
Athos,275000,Pre-Seed,Leveraging the power of microbes to facilitate carbon capture at the pace needed to protect the planet.,,Industrial & Research Tools,Gabriel Villar,SOSV (IndieBio),IndieBio NY 08,SOSV,https://www.athos.bio,https://www.linkedin.com/company/athos-bioindustries,,,,
BioLattice,1000000,Seed,Revolutionizing Tissue Repair BioLattice is on a mission to end corneal blindness. Only 1 in 70 patients who need cornea tissue get access to it.,,Medtech,Linda Alunkal,SOSV (IndieBio),IndieBio NY 08,SOSV,https://biolatticetech.com,https://www.linkedin.com/company/biolattice,,,,
Oxyle,9000000,Seed,"Permanently eliminate hardest-to-treat PFAS from wastewater Oxyle engineers PFAS destruction systems that permanently eliminate PFAS from wastewater, including the toughest-to-treat short- and ultrashort-chain compounds.",Climate / Sustainability,Sustainable Manufacturing,,SOSV (IndieBio),IndieBio SF 10,SOSV,https://www.oxyle.com/,https://www.linkedin.com/company/oxyle-ag-8215,,,,
California Organic,,Series A,World's first green ammonia that is California-certified organic California Organic makes the world’s first green ammonia that is California-certified organic.,Climate / Sustainability,AgTech,Tim Stemwedel,SOSV (IndieBio),SOSV Portfolio: Po Bronson,SOSV,https://organicag.com/,https://www.linkedin.com/company/california-orgainc-fertilizers-inc.,,,,
Cereswaves,"$500,000",Seed,"World's first ""electrofertilzer"" -- boosting crop and animal growth and health Cereswaves’ revolutionary Energy Pang device delivers the world’s first “electrofertilizer,” boosting crop and animal health and growth.",Climate / Sustainability,AgTech,"Robert Ryu, Tony Hur",SOSV (IndieBio),IndieBio SF 14,SOSV,https://ceres-waves.com/,https://www.linkedin.com/company/cereswaves-corporation,,,,
Sci-Lume,835000,Seed,"Bylon™: the sustainable apparel fiber replacement, at the scale we need Sci-Lume Labs’ Bylon is the truly circular apparel fiber that can replace conventional fibers like nylon, polyester, and cotton.","CPG,Climate / Sustainability",Sustainable Manufacturing,Oliver Shafaat,SOSV (IndieBio),IndieBio NY 08,SOSV,https://www.sci-lumelabs.com,https://www.linkedin.com/company/sci-lume-labs,,,,
Starstone,525000,Pre-Seed,"Next generation construction with biological building blocks Leveraging the latest advancements in biology, Starstone aims to lead the $1 trillion cement and concrete industry into a future where innovation and sustainability come together.","BioTech,PropTech,Climate / Sustainability",Sustainable Manufacturing,Gabriel Peer,SOSV (IndieBio),IndieBio NY 08,SOSV,http://www.thestarstone.com,https://www.linkedin.com/company/thestarstone,,,,
Able Sciences,525000,Seed,"Reimagining cell engineering for next-generation disease-fighting cells ABLE Sciences is focused on reimagining cell engineering to create next-generation, disease-fighting cells.",BioTech,Therapeutics,"Jolly Mazumdar, Thimmaiah Chendrimada",SOSV (IndieBio),IndieBio SF 15,SOSV,https://ablesciences.com,,,,,
AquaLith,$2.055 Million,Seed,"Fast-charging, safer lithium-ion battery materials for EVs. AquaLith manufactures next-generation batteries and battery materials.","Transportation / Mobility,Climate / Sustainability",Sustainable Manufacturing; Transportation Tech,"Martin Laudenbach, Greg Cooper",SOSV (IndieBio),IndieBio SF 15,SOSV,https://www.aqualith.net,https://www.linkedin.com/company/aqualithadvancedmaterials,,,,
SpiralWave,$1.025 Million,Seed,"Single-Step Liquid Fuels from Air -- Using Just Electronics The carbon capture and utilization sector relies on a mishmash of expensive membranes, chemicals, catalysts, and electrolytes, across many steps. Can’t we just do this with electronics?",Climate / Sustainability,Sustainable Manufacturing,"Adam Amad, Abed Bukhari",SOSV (IndieBio),IndieBio SF 15,SOSV,https://spiralwave.io,https://www.linkedin.com/company/spiralwave,,,,
Transition,1140000,Seed,"Reinventing biology in mining to power what comes next Delivering data-driven, biological solutions to accelerate copper extraction in new and existing heap leaching operations, with initial focus on copper.","BioTech,Climate / Sustainability",Sustainable Manufacturing,"Alexandra Shiluk, Sasha Milshteyn",SOSV (IndieBio),IndieBio SF 15,SOSV,https://transition.bio,https://www.linkedin.com/company/transition-biomining-inc,,,,
BryoSphere Biotechnologies,"$275,000",Seed,Transforming moss into scalable bioactive skincare ingredients BryoSphere is harnessing 500 million years of moss evolution to make the next generation of skincare ingredients.,"BioTech,CPG,Climate / Sustainability",Sustainable Manufacturing; Therapeutics,"Hila Behar, Liz Mahon",SOSV (IndieBio),IndieBio SF 15,SOSV,https://bryosphere.ca,https://www.linkedin.com/company/bryosphere,,,,
Farm Minerals,500000,Seed,"Farm Minerals has the cheapest method of making emissions-free fertilizers in the world. How cheap? Cheaper than Haber-Bosch. That’s not in the future, or when scaled up, or after $500M of capex is put in the ground. That’s today.",Climate / Sustainability,AgTech,"Vsevolod Kizner, Nikita Volodin",SOSV (IndieBio),IndieBio SF 15,SOSV,https://www.farmminerals.com,https://www.linkedin.com/company/farm-minerals,,,,
Reactosome,"$550,000",Seed,"Synthetic cell platform Reactosome is a synthetic cell platform that enables an efficient new class of nucleic acid therapies, unlocking treatments for complex diseases like solid cancers and age-related disorders by affecting 10x more genes than…",BioTech,Therapeutics,"Giorgio Fracasso, Ksenia Burka",SOSV (IndieBio),IndieBio SF 15,SOSV,https://reactosome.com/,https://www.linkedin.com/company/reactosome,,,,
Hypercell Technologies,$1.5 Million,Seed,"Elevating food safety. Redefining standards. At Hypercell, we identify and manage biological contamination of the food chain to improve productivity and protect human health.",Health,Diagnostics,"Sam Jactel, Bruno Jactel",SOSV (IndieBio),IndieBio SF 15,SOSV,https://www.hypercelltechnologies.com,https://www.linkedin.com/company/hypercelltech,,,,
RyboDyn,"$525,000",Seed,"Unlocking the dark proteome for breakthrough immunotherapies RyboDyn uses RyboCypher™ to decode the dark transcriptome and dark proteome, revealing hidden, disease-specific protein targets overlooked by conventional sequencing.",BioTech,Therapeutics,"Imad Ajjawi, Ashley Woodfin, Corey Dambacher",SOSV (IndieBio),IndieBio SF 15,SOSV,https://www.rybodyn.com/,https://www.linkedin.com/company/rybodyn,,,,
Unibaio,300000,Pre-Seed,"Bio NanoCarriers that make agrochemicals more sustainable Farmers spend nearly $230 billion every year on herbicides, pesticides, and fertilizers designed to increase crop yields.",Climate / Sustainability,AgTech,"Matias Figliozzi, Claudia Casalongue",SOSV (IndieBio),IndieBio NY 07,SOSV,https://www.unibaio.com,https://www.linkedin.com/company/unibaio,,,,
Carbon Bridge,1200000,Seed,"Making renewable methanol from methane, using microbes. CarbonBridge (an ARPAe awardee) pivoted to biotech in 2023, and converts methane to methanol, using microbes in a proprietary bioreactor with a direct-gas system for mass transfer without…",Climate / Sustainability,Manufacturing & Energy,"Manu Pillai, Sophia Xu",SOSV (IndieBio),IndieBio NY 07,SOSV,https://carbonbridge.io,https://www.linkedin.com/company/carbonbridge,,,,
Xias Bio,$5 Million,Pre-Seed,"Replacing Animal Proteins Xias Bio is a biotechnology company focused on developing sustainable, animal-free protein alternatives with excellent product-market fit.","BioTech,Climate / Sustainability",Sustainable Manufacturing,"Faadil Fawzy, David Harvey",SOSV (IndieBio),IndieBio NY 07,SOSV,https://www.xiasbio.com,https://www.linkedin.com/company/xias-bio,,,,
Terra Bioindustries,750000,Pre-Seed,"Creating upcycled ingredients, Decarbonizing supply chains Discarded food accounts for 8-10% of greenhouse gas emissions and costs the global economy $940 billion per year.","Climate / Sustainability,Logistics / Supply Chain",Climate Tech; Future Food,Steve George,SOSV (IndieBio),IndieBio NY 07,SOSV,https://terrabioindustries.com,https://www.linkedin.com/company/terra-bioindustries,,,,
FREZENT Biological Solutions,525000,Pre-Seed,"Preventing cancer recurrence by targeting dormant cells Frezent develops first-in-class antibody and antibody-drug conjugate therapies to prevent cancer recurrence by targeting dormant, non-dividing cancer cells.",BioTech,Therapeutics,"Natasha Shtraizent, Lina Freage",SOSV (IndieBio),IndieBio NY 07,SOSV,https://www.frezent.com,https://www.linkedin.com/company/frezent-biological-solutions,,,,
Earnest Agriculture,1750000,Pre-Seed,"The Microbial Platform Powering the Future of Farming. To feed a global population of 9.7 billion people by 2050, farmers need to produce 50% more calories than they do today.",Climate / Sustainability,AgTech; Climate Tech; Sustainable Manufacturing,Eddy Mejia,SOSV (IndieBio),IndieBio NY 07,SOSV,https://www.earnest.ag,https://www.linkedin.com/company/growearnest,,,,
Afynia,,Pre-Seed,"Trusted source for information & easy-to-use products for women’s health conditions Globally, one in ten women will suffer from endometriosis, a painful and debilitating gynecological condition.",Health,Diagnostics; Women's Health,"Jocelyn Wessels, Lauren Foster",SOSV (IndieBio),IndieBio NY 07,SOSV,https://afynia.com,https://www.linkedin.com/company/aima-laboratories,,,,
Aequor Inc,200158,Pre-Seed,"We clean water from deep sea to deep space At least 1.7 billion people worldwide rely on contaminated drinking water, resulting in over 500,000 deaths per year.","Climate / Sustainability,Deeptech / Robotics / AR/VR",Sustainable Manufacturing,Marilyn Bruno,SOSV (IndieBio),IndieBio NY 07,SOSV,https://aequorinc.com,https://www.linkedin.com/company/aequor-inc.,,,,
Calder Biosciences,625,Pre-Seed,Creating Next-Generation Vaccines to Protect Against Infection Calder Biosciences engineers nano-scale subunit vaccine immunogens using 3D-Vaxlock™ conformation locking.,BioTech,Therapeutics,Christopher P. Marshall,SOSV (IndieBio),IndieBio NY 06,SOSV,https://www.calderbiosciences.com,https://www.linkedin.com/company/calder-biosciences-inc,,,,
ViAn Therapeutics,575000,Pre-Seed,"Simple daily eye drop to protect retinal vision. VIAN Therapeutics develops VIAN-001, a simple daily anti-angiogenic and anti-inflammatory eye drop for retinal diseases like AMD and DME.",BioTech,Therapeutics,Juan Pablo Robles,SOSV (IndieBio),IndieBio SF 14,SOSV,https://www.viantx.com,https://www.linkedin.com/company/vian-tx,,,,
VIA Fuels,525000,Pre-Seed,"A shortcut to jet fuel and BTX chemistry -- scalable today. Founded by veterans of oil & gas, coming together with synbio experts, VIA Fuels makes decarbonized jet fuel.",Climate / Sustainability,Sustainable Manufacturing,"Philip Barr, Lewis Dutel",SOSV (IndieBio),IndieBio SF 14,SOSV,https://viabiofuels.com/,https://www.linkedin.com/company/viabiofuels,,,,
TippingPoint Biosciences,,Pre-Seed,First ever therapeutics for cancers driven by aberrant chromatin networks Packaging of our DNA into chromatin is critical for dictating which parts of the genome can be transcribed and which cannot.,"Health,BioTech",Healthcare; Therapeutics,Laura Hsieh,SOSV (IndieBio),IndieBio SF 14,SOSV,http://tippingpointbiosciences.com/,https://www.linkedin.com/company/tippingpoint-biosciences,,,,
Everbloom,,Pre-Seed,Oil-free plastics : melt-spun polyester fiber replacement 70% of apparel fibers are manufactured with incredibly efficient melt-spinning machines – but no prior materials innovation has been able to work on these machines and tap their low-cost…,Climate / Sustainability,Sustainable Manufacturing,Simardev Gulati,SOSV (IndieBio),IndieBio SF 14,SOSV,https://www.everbloom.bio,https://www.linkedin.com/company/everbloombio,,,,
Lillianah Technologies,,Pre-Seed,"Cost-effective marine bioremediation for durable carbon removal and ecosystem restoration Lillianah is scaling ocean CO2 removal with their integrated phytoplankton cultivation, release, and MRV stack.","Climate / Sustainability,Deeptech / Robotics / AR/VR",AgTech; Robotics,"Michael Beman, Benjamin Slotnick",SOSV (IndieBio),IndieBio SF 14,SOSV,https://www.lillianah.com,https://www.linkedin.com/company/lillianah-technologies,,,,
Kresko RNAtech,900000,Pre-Seed,"Unlock bioactive RNAs for next-gen wellness products Kresko develops bioactive RNA ingredients from fresh foods using Serkanto AI to predict, validate, and stabilize RNA functions.",,Nutrition & Wellness,"Carla Borini Etichetti, Uciel Chorostecki, Silvana Spinelli",SOSV (IndieBio),IndieBio SF 14,SOSV,https://kreskornatech.com/,https://www.linkedin.com/company/kresko-rnatech,,,,
Palate Therapeutics,640000,Pre-Seed,"Unlock the Taste of Health At Palate Therapeutics, we are committed to fostering a healthier society by redefining the way we experience the sweetness in our lives.",BioTech,Therapeutics,David Francis,SOSV (IndieBio),IndieBio NY 06,SOSV,https://www.palatetx.com/,https://www.linkedin.com/company/palate-therapeutics,,,,
Nukoko,,Pre-Seed,Cocoa-free chocolate that is healthier and dramatically less impactful on the environment NuKoKo is the new wave of bean-to-bar manufacturing.,,Future Food,"Kit Tomlinson, Ross Newton",SOSV (IndieBio),IndieBio NY 06,SOSV,https://www.nukoko.co.uk/,https://www.linkedin.com/company/nukokoltd,,,,
CroBio,2600000,Pre-Seed,"An innovation in drought resilience, rooted in biology CroBio is a biotech start-up that harnesses the power of soil bacteria to combat decades of soil health decline and counter the impact of climate change.","Climate / Sustainability,BioTech",AgTech,Wayne Mulhall,SOSV (IndieBio),IndieBio NY 06,SOSV,https://www.crobio.com,https://www.linkedin.com/company/crobio,,,,
Cell BioEngines,1275000,Pre-Seed,"Off-the-shelf, HLA-matched cell therapies without genetic engineering Cell BioEngines develops allogeneic, off-the-shelf cell therapies for oncology applications.",BioTech,Therapeutics,"Alexey Bersenev, Ajay Vishwakarma",SOSV (IndieBio),IndieBio NY 06,SOSV,https://cellbioengines.com,https://www.linkedin.com/company/cell-bioengines,,,,
Care Constitution,,Pre-Seed,Building the future of telehealth! Care Constitution is striving to build the next generation of telehealth systems enhanced by new AI mathematics that assists clinicians in achieving virtual quantitative diagnostic exams.,Health,Diagnostics; Digital Health,"Guillaume Joerger, Marc Garbey",SOSV (IndieBio),IndieBio NY 06,SOSV,https://careconstitution.com,https://www.linkedin.com/company/care-constitution,,,,
Alkali Labs,,Pre-Seed,Unlocking $12B/yr of low-concentration lithium brines in the US AlkaLi Labs is working on a biological platform for the extraction of valuable minerals from unconventional water sources such as oilfield brine waste streams.,Climate / Sustainability,Sustainable Manufacturing,"Luis Valencia, Jacob Roberts",SOSV (IndieBio),IndieBio SF 14,SOSV,https://www.alkalilabs.com,https://www.linkedin.com/company/alkali-labs,,,,
Re-Fresh Global,,Pre-Seed,Upcycling unsorted textile waste into trusted raw materials Re-Fresh Global upcycles mixed and unsorted textile waste into chemicals and raw materials. Most modern-day textile wastes are blends of natural and synthetic components.,Climate / Sustainability,Sustainable Manufacturing,"Viktoria Kanar, Revital Nadiv",SOSV (IndieBio),IndieBio SF 14,SOSV,https://re-fresh.global/,https://www.linkedin.com/company/re-fresh-global,,,,
Carbonade,1200000,Pre-Seed,Sustainable aviation fuel with single step carbon capture and utilization Carbonade makes syngas directly – in one step – from just air and water.,"Transportation / Mobility,Climate / Sustainability",Sustainable Manufacturing,Raanan Shelach,SOSV (IndieBio),IndieBio SF 14,SOSV,https://www.carbonade-sys.com/,https://www.linkedin.com/company/carbonade,,,,
Vitarka Therapeutics,2000000,Pre-Seed,"Targeting the undruggable Vitarka Therapeutics is developing ENDOPORE, a drug-delivery technology designed to bring therapeutics into cells to treat disease.",BioTech,Biopharma; Therapeutics,Vineeta Tripathi,SOSV (IndieBio),IndieBio NY 05,SOSV,https://www.vitarka.co.uk,https://www.linkedin.com/company/vitarka-therapeutics,,,,
Pneuma,,Pre-Seed,Everything breathes Pneuma is developing the next generation of sustainable materials – implementing the process of photosynthesis as a product feature.,Climate / Sustainability,Materials; Sustainable Manufacturing,"Deyan Georgiev, Spas Kerimov",SOSV (IndieBio),IndieBio NY 05,SOSV,https://pneuma.bio,https://www.linkedin.com/company/pneuma-bio,,,,
FluoSphera,1000000,Seed,"Drug Discovery without animals To successfully develop drugs, we need to precisely predict candidate drug metabolization, efficacy, and safety before clinical trials.",BioTech,Industrial & Research Tools; Therapeutics,Grégory Segala,SOSV (IndieBio),IndieBio NY 05,SOSV,https://fluosphera.com,https://www.linkedin.com/company/fluosphera,,,,
BioFluff,3200000,Pre-Seed,"No Animals. No Plastic. No Comprise. BioFluff is a biomaterials startup creating plant based alternatives to fur, shearling, fleece and plush for the fashion, interior and toy industries",Climate / Sustainability,Materials; Sustainable Manufacturing,"Roni Gamzon, Luke Henning, Steven Usdan, Martin Stuebler",SOSV (IndieBio),IndieBio NY 05,SOSV,https://bio-fluff.com,https://www.linkedin.com/company/biofluff,,,,
Bioeutectics,725000,Pre-Seed,Green Natural and Biodegradable Solvents Bioeutectics has developed a technology capable of revolutionizing today’s industrial processes by supplying the next generation of green solvents.,Climate / Sustainability,Climate Tech; Materials; Sustainable Manufacturing,"Federico Gomez, Sergio Passini Cabello, Tomas Silicaro",SOSV (IndieBio),IndieBio NY 05,SOSV,https://www.bioeutectics.com,https://www.linkedin.com/company/76191234,,,,
Atlantic Fish Co,535000,Pre-Seed,"Developing cultivated seafood to provide the world with delicious and sustainable protein Atlantic Fish is using cellular agriculture technology to develop sustainable, cultivated seafood.","Climate / Sustainability,BioTech",AgTech; Alt Protein; Climate Tech; Future Food,Doug Grant,SOSV (IndieBio),IndieBio NY 05,SOSV,https://www.atlanticfish.co,https://www.linkedin.com/company/atlantic-fish-company,,,,
AIMA,600000,Pre-Seed,"Empowering menstruators to manage their pain with freedom and dignity AIMA, a female-led team, is developing clinically tested CBD-derived products for personalized period pain management.",,Biopharma; Medtech; Women's Health,"Melanie Borg, Lanna Last",SOSV (IndieBio),IndieBio NY 05,SOSV,https://www.my-aima.com,https://www.linkedin.com/company/aima-inc,,,,
west~bourne,208888,Pre-Seed,Carbon-neutral provisions made exclusively from regenerative farming More info at the IndieBio website We know undeniably that regenerative agriculture can unlock soil as one of the biggest carbon sinks on earth.,"Climate / Sustainability,Consumer",Climate Tech; Future Food; Marketplaces,Camilla Marcus,SOSV (IndieBio),IndieBio SF 13,SOSV,https://westbourne.com/,https://www.linkedin.com/company/west-bourne,,,,
Reach Neuro,965000,Pre-Seed,"The first and only treatment option for chronic stroke patients to move again voluntarily More info at the IndieBio website At Reach Neuro, Inc.","BioTech,Health",Biopharma; Therapeutics,"Marc Powell, Douglas Weber, Peter Gerszten, Marco Capogrosso",SOSV (IndieBio),IndieBio SF 13,SOSV,http://reachneuro.com/,https://www.linkedin.com/company/reach-neuro,,,,
Nitrofix,3625000,Pre-Seed,"Modular zero-carbon green ammonia, produced on-site NitroFix develops breakthrough technology for zero-carbon, decentralized on-site green ammonia production.",Climate / Sustainability,AgTech; Sustainable Manufacturing,"Meital Alon, Ophira Melamed",SOSV (IndieBio),IndieBio SF 13,SOSV,https://nitro-fix.com/,https://www.linkedin.com/company/nitrofix,,,,
Mirá Biotech,,Pre-Seed,WAste biomass pellets replacing coal at cheaper cost without sacrificing performance More info at the IndieBio website Mirá has revolutionized the way we make engineered wood boards like MDF by creating three technologies to manufacture MDF without…,"BioTech,Climate / Sustainability",Sustainable Manufacturing,"Andre Candelaria, Gustavo Candelaria, Annabell Acosta",SOSV (IndieBio),IndieBio SF 13,SOSV,https://www.mirabio.co,https://www.linkedin.com/company/mir%C3%A1-biotech,,,,
Minus Materials,275000,Pre-Seed,"Bio-renewable carbon-negative limestone for decarbonization of portland cement More info at the IndieBio website Minus Materials grows carbon-negative, biorenewable limestone – the main feedstock for portland cement manufacturing – using calcifying…",Climate / Sustainability,Circular Economy; Climate Tech; Materials; Sustainable Manufacturing,"Sarah Williams, Danielle Beatty, Wil Srubar",SOSV (IndieBio),IndieBio SF 13,SOSV,https://www.minusmaterials.com/,https://www.linkedin.com/company/minus-materials,,,,
Melio,,Seed,Delivering pathogen testing at the speed of software with one test for all pathogens. More info on the IndieBio website Melio is breaking the one-pathogen one-probe paradigm in diagnostics to deliver the unmet holy grail for pathogen testing for…,Health,Biopharma; Diagnostics; Human Health,Mridu Sinha,SOSV (IndieBio),IndieBio SF 13,SOSV,https://melio.tech,https://www.linkedin.com/company/melio-labs,,,,
MAA’VA,525000,Seed,"Regenerating the built environment through circular materials Humanity builds the equivalent of a city the size of Paris every five days — and by 2050, 2.5 billion more people will move to cities — driving unprecedented demand for concrete…",Climate / Sustainability,Climate Tech; Sustainable Manufacturing,Marieh Mehran,SOSV (IndieBio),IndieBio SF 13,SOSV,https://www.maava.co,https://www.linkedin.com/company/maa-va,,,,
Laguna Bio,1500000,Seed,Turning microbes into durable innate cancer immunity Laguna Bio develops microbe-based cancer therapeutics using its QUAIL platform to activate a powerful innate immune response in the body.,"Health,BioTech",Healthcare; Therapeutics,"Russell Carrington, Jonathan Kotula",SOSV (IndieBio),IndieBio SF 13,SOSV,https://lagunabio.com,https://www.linkedin.com/company/laguna-bio,,,,
Ingrediome,2075000,Pre-Seed,"Real muscle protein meat, made with biomanufacturing More info at the IndieBio website At Ingrediome, we create real meat and seafood by using photosynthetic precision fermentation to create nature-identical animal proteins.","Climate / Sustainability,BioTech",Alt Protein; Climate Tech; Future Food,"Michael Kaholi, Aviel Even",SOSV (IndieBio),IndieBio SF 13,SOSV,https://ingrediome.com,https://www.linkedin.com/company/ingrediome,,,,
Infinite Elements,,Pre-Seed,"Bio-mining platform to refine and recycle rare earth elements More info at the IndieBio website Infinite Elements harnesses extremophiles to extract, concentrate, and purify rare earth metals found in magnets.",Climate / Sustainability,Climate Tech; Energy; Sustainable Manufacturing,Jesica Urbina,SOSV (IndieBio),IndieBio SF 13,SOSV,https://www.infiniteelements.com,https://www.linkedin.com/company/infinte-elements,,,,
Gozen Bioworks,,Seed,"Animal free leather with unprecedented strength, look, and feel. More info at the IndieBio website Leather is one of the most versatile, durable, and desirable materials in fashion.",Climate / Sustainability,Circular Economy; Climate Tech; Materials; Sustainable Manufacturing,"Kadir Eren, Ece Gözen, Pelin Gözen",SOSV (IndieBio),IndieBio SF 13,SOSV,https://www.gozeninstitute.com/,https://www.linkedin.com/company/gozen-institute,,,,
Asterix Foods,,Pre-Seed,"Next wave of functional bioactive animal-free proteins More info at the IndieBio website If you are interested in the next wave of functional food proteins, please reach out to us.",BioTech,Future Food,Dan Even,SOSV (IndieBio),IndieBio SF 13,SOSV,https://www.asterixfoods.com/,https://www.linkedin.com/company/asterix-foods,,,,
A2A,150000,Growth,Computational solutions for life-threatening diseases A2A Pharmaceuticals has designed new drug candidates for cancers like Leukemia and other life threatening diseases.,"BioTech,Cybersecurity",Biopharma; Computational Bio; Human Health; Therapeutics,"Matthew Welsch, Sridhar Vempati, Edward Painter",SOSV (IndieBio),IndieBio 04,SOSV,https://a2apharma.com,https://www.linkedin.com/company/10227777,,,,
Tidal Vision,$200M,Series A,"Your turn-key chitosan biomolecular solutions provider Tidal Vision is the only commercial scale US-based manufacturer of chitosan, a non-toxic, non-hazmat, biodegradable and market-proven industrial biopolymer extracted from crab shells.","Climate / Sustainability,BioTech",Climate Tech; Sustainable Manufacturing,"Craig Kasberg, Vivian Qu",SOSV (IndieBio),IndieBio 04,SOSV,https://tidalvisionusa.com,https://www.linkedin.com/company/tidal-vision,,,,
Ten63 Therapeutics,2570000,Series A,"In silico drug design based on movement Ten63 Therapeutics improves human health by developing potent therapeutics against medically-validated, yet “undruggable” targets.",BioTech,Biopharma; Data & Information Tech; Human Health; Therapeutics,"Mark Hallen, Jonathan Jou, Marcel Frenkel",SOSV (IndieBio),IndieBio 08,SOSV,http://Ten63tx.com,https://www.linkedin.com/company/gavilan-biodesign,,,,
SyntheX,,Series A,"Drugging the undruggable SyntheX engineers cells with its ToRFLEx platform to discover rare, selective drugs for previously inaccessible protein targets.","Health,BioTech",Biopharma; Healthcare; Human Health; Therapeutics,"Maria Soloveychik, Charly Chahwan",SOSV (IndieBio),IndieBio 03,SOSV,http://synthexlabs.com,https://www.linkedin.com/company/synthex-inc.,,,,
Soliome,0,Pre-Seed,"Sunscreen so safe, you can eat it Sóliome is using peptides to make the world’s safest suncreen, both for humans and for the environment.","Climate / Sustainability,Consumer",Climate Tech; Consumer Bio; Human Health; Sustainable Manufacturing,"Anthony Young, Micah Nelp",SOSV (IndieBio),IndieBio SF 12,SOSV,http://soliome.com,https://www.linkedin.com/company/s,,,,
Ria Health,1400000,Growth,Tech-enabled telehealth practice providing treatment for Alcohol Use Disorder (AUD) Ria Health delivers evidence-based alcohol addiction treatment through a private at-home program built around a mobile app.,Health,Digital Health; Healthcare; Human Health; Remote care,"John Mendelson, David Deacon, Bob Nix, Tom Nix",SOSV (IndieBio),IndieBio 04,SOSV,http://riahealth.com,https://www.linkedin.com/company/riahealth,,,,
Qidni Labs Inc.,,Series A,Miniaturized dialysis without tap water or bulky systems Qidni works on implantable artificial kidneys for three million patients with kidney failure (end-stage renal disease). Hemodialysis needs 120L of dialysate per four-hour session of dialysis.,,Human Health; Medtech,"Morteza Ahmadi, Andrew Mendonca",SOSV (IndieBio),IndieBio 03,SOSV,http://qidni.com,https://www.linkedin.com/company/qidni,,,,
Pyrone,470000,Pre-Seed,"Selective and targeted bio-insecticides to manage resistance at scale across Agriculture, animal health, and human health applications Pyrone is making the one-step precursor to the world’s most valuable chemicals cheaper than anyone can.","Climate / Sustainability,Consumer",AgTech; Climate Tech; Consumer Bio; Industrial Bio,"Alexander Hutagalung, Brent Shanks, Steven Bessette",SOSV (IndieBio),IndieBio SF 12,SOSV,http://pyronesys.com,https://www.linkedin.com/company/pyrone-systems-inc,,,,
Prellis Biologics,$79.6M,Growth,"Breakthrough therapeutic drug discovery/drug development company for antibody therapeutics, created via bioprinted lymph node organoids.",BioTech,Biopharma; Human Health; Medtech; Therapeutics,Mike Nohaile,SOSV (IndieBio),IndieBio 05,SOSV,http://prellisbio.com,https://www.linkedin.com/company/prellis-biologics,,,,
OncoPrecision,,Seed,Patient-derived biology powering predictive antibody drug discovery. OncoPrecision leverages high-throughput biology and AI/ML to build patient-centric therapeutic antibody programs.,"Health,BioTech",Healthcare; Human Health; Therapeutics,"Gerardo Gatti, Candelaria Llorens de los Ríos, Gastón Soria, Tarek Ali Zaki",SOSV (IndieBio),IndieBio SF 11,SOSV,http://oncoprecision.bio,https://www.linkedin.com/company/oncoprecision,,,,
Lux Bio,500000,Pre-Seed,"The future of light Lux Bio is the first company in the world developing enzyme-powered light for real-world applications. Our long-duration enzyme platform unlocks multi-billion-dollar markets across safety, defense, entertainment, cosmetics,…",Climate / Sustainability,Climate Tech; Industrial Bio; Materials; Sustainable Manufacturing,"Paige Whitehead, Yamila Franco",SOSV (IndieBio),IndieBio NY 02,SOSV,https://www.luxbio.ca,https://www.linkedin.com/company/luxbio,,,,
NovoNutrients,3200000,Series A,"Food from CO2 Novomeal turns waste CO2 into protein for aquaculture and other animal feed. With the same process plants use to turn CO2 into fruits and vegetables, this unique gas fermentation bests agricultural proteins, being up to one thousand…","Climate / Sustainability,BioTech",AgTech; Alt Protein; Climate Tech; Future Food,"Brian Sefton, David Tze",SOSV (IndieBio),IndieBio 07,SOSV,http://novonutrients.com,https://www.linkedin.com/company/novonutrients,,,,
Neurocarrus Inc,4100000,Pre-Seed,Developing long acting non-opioid chronic pain medications Neurocarrus is a biotechnology company developing a novel drug delivery technology to safely disrupt pain signals without addiction-forming medications or disruption of muscular control.,BioTech,Biopharma; Data & Information Tech; Human Health; Nutrition & Wellness,Paul Blum,SOSV (IndieBio),IndieBio 06,SOSV,http://neurocarrus.com,https://www.linkedin.com/company/neurocarrus,,,,
multus media,1190000,Series A,Creating animal-free growth media for the cultivated meat industry Multus Media develops the key ingredient to make cultivated meat affordable and profitable.,"Climate / Sustainability,BioTech",AgTech; Alt Protein; Climate Tech; Future Food,"Cai Linton, Kevin Pan, Reka Tron",SOSV (IndieBio),IndieBio NY 01,SOSV,http://multus.media,https://www.linkedin.com/company/multus-media,,,,
Nat4Bio,,Pre-Seed,Mimicking Nature to preserve our Food & Environment Nat4Bio is a biotechnology platform that develops naturally sourced and zero-residue coatings that protect fruits from spoilage.,"Climate / Sustainability,Logistics / Supply Chain",AgTech; Climate Tech; Food Supply Chain Solutions; Industrial Bio,"Leandro Sanchez, Joaquin Fisch",SOSV (IndieBio),IndieBio NY 04,SOSV,https://www.nat4bio.com/,https://www.linkedin.com/company/nat4bio,,,,
Liberum Bio,300000,Pre-Seed,"AI-guided protein design with standardized experimental datasets Liberum offers a platform for desktop protein manufacturing. Taking advantage of our suite of proprietary molecular and hardware technologies, we bring speed, scalability, and cost…",BioTech,Industrial Bio; Medtech,"Aidan Tinafar, Keith Pardee, Ryan Fobel",SOSV (IndieBio),IndieBio SF 10,SOSV,http://liberumbio.com,https://www.linkedin.com/company/liberumbio,,,,
Kutanios,420000,Pre-Seed,Defending skin against environmental and aging-related damage Kutanios produces a peptide-based ingredient that prevents skin damage from aging and sun exposure via topical application.,"BioTech,Consumer",Consumer Bio; Human Health; Therapeutics,"Irina Miller, Norman Miller",SOSV (IndieBio),IndieBio NY 03,SOSV,https://www.kutanios.com/,https://www.linkedin.com/company/kutanios-ltd,,,,
Jungla,,,"We increasingly look to our genomes for answers. Jungla ensures we find them. ** ACQUIRED 2018 by public company Invitae (Nasdaq: NVTA), subsequently purchased by Labcorp in 2024 ** Headquartered in South San Francisco, Jungla is a biotechnology…",BioTech,Data & Information Tech; Human Health; Remote care,"Carlos Araya, Alexandre Colavin",SOSV (IndieBio),IndieBio 03,SOSV,https://jungla.bio,https://www.linkedin.com/company/jungla-inc-,,,,
Oobli,5500000,Growth,Making healthy foods sweet with protein Oobil (formerly Joywell Foods) is a food tech company focused on building new and exciting foods around the best tasting and healthiest sweeteners in the world.,"Climate / Sustainability,BioTech",Alt Protein; Climate Tech; Industrial Bio; Nutrition & Wellness,"Tammy Johnson, Ali Wing, Jason Ryder, Alan Perlstein",SOSV (IndieBio),IndieBio 03,SOSV,https://oobli.com,https://www.linkedin.com/company/ooblifoods,,,,
"Jointechlabs, Inc.",1325000,Seed,"Pioneering access to high-quality fat grafts, fat-derived stem cells, and cell therapies Jointechlabs Inc. is an emerging leader in point-of-care regenerative and rejuvenation medicine therapies.",BioTech,Human Health; Therapeutics,"Felix Pustilnik, Nishit Pancholi, Nathan Katz",SOSV (IndieBio),IndieBio 06,SOSV,http://jointechlabs.com,https://www.linkedin.com/company/jointechlabs,,,,
Intrinsic Medicine (fka Lupa Bio),400000,Series A,"Developing the next generation of essential, disease-modifying medicines Lupa Bio is developing a new drug based on a sugar found in human milk to treat inflammatory diseases.",BioTech,Biopharma; Human Health; Microbiome; Therapeutics,"Alex Martinez, Jason Ferrone",SOSV (IndieBio),IndieBio 09,SOSV,http://intrinsicmedicine.com,https://www.linkedin.com/company/intrinsicmed-inc,,,,
Inso Bio,3780000,Seed,"Next-generation sample prep. In Solution The need to process many samples is holding genomics back in all sectors, from personalized genomics to agriculture.",,Human Health; Industrial & Research Tools; Industrial Bio,"Adam Bisogni, Harvey Tian",SOSV (IndieBio),IndieBio NY 03,SOSV,https://inso.bio/,https://www.linkedin.com/company/insobio,,,,
Indee Labs,6091245,Series A,Developing scalable hardware for gene delivery Our hardware is uniquely positioned to efficiently develop and scale the manufacturing of gene-modified cell therapies like chimeric antigen receptor T-cells.,"Logistics / Supply Chain,Deeptech / Robotics / AR/VR",Biopharma; Human Health; Medtech,Ryan Pawell,SOSV (IndieBio),IndieBio 02,SOSV,http://indeelabs.com,https://www.linkedin.com/company/indee-,,,,
Huue,,Series A,Huue is making cleaner jeans with an eco-friendly indigo dyeing process Huue is making more sustainable jeans with their clean indigo dye made with microbial fermentation instead of traditional petrochemical synthesis.,Climate / Sustainability,Climate Tech; Industrial Bio; Materials; Sustainable Manufacturing,"Tammy Hsu, Michelle Zhu",SOSV (IndieBio),IndieBio 08,SOSV,http://huue.bio,https://www.linkedin.com/company/huue,,,,
AvantGuard,550000,Series A,"Developing your first line of defense for when antibiotics fail AvantGuard is a venture backed, Cornell University spin-off, IndieBio alum with grant funding from the NIH and NSF, among others, run by an experienced entrepreneur.","CPG,Deeptech / Robotics / AR/VR,Consumer",Consumer Packaged Goods; Human Health; Industrial Bio; Nutrition & Wellness,"Ted Eveleth, Gregory Bertsch",SOSV (IndieBio),IndieBio NY 01,SOSV,https://www.avantguardinc.com,https://www.linkedin.com/company/avantguard-inc,,,,
Girihlet,2500000,Seed,Immune repertoires Girihlet is a multi-dimensional platform that will accelerate the discovery of disease-monitoring and therapeutic strategies for complex immune diseases.,Health,Diagnostics; Human Health,"Anitha Jayaprakash, Ravi Sachidanandam",SOSV (IndieBio),IndieBio 02,SOSV,http://girihlet.com,https://www.linkedin.com/company/girihlet-inc-,,,,
Finless Foods,54000000,Growth,Creating a future for seafood where the ocean thrives Finless Foods is committed to creating a future for seafood where the ocean thrives.,"Climate / Sustainability,BioTech",Alt Protein; Climate Tech; Future Food,Michael Selden,SOSV (IndieBio),IndieBio 05,SOSV,http://finlessfoods.com,https://www.linkedin.com/company/finlessfoods,,,,
Diadem Biotherapeutics,,Seed,"Engineered extracellular vesicles that tune immunity precisely Diadem Biotherapeutics, Inc. is a platform therapeutics company developing a broad pipeline of first-in-class immunotherapies.",BioTech,Biopharma; Human Health; Therapeutics,"Mickey Pentecost, Woytek Bartkowski",SOSV (IndieBio),IndieBio 09,SOSV,http://diadembio.com,https://www.linkedin.com/company/19064452,,,,
Dalton Bioanalytics,,Seed,"One-shot multi-omic profiling for biomakerr discovery, advanced health profiling, process optimization, and drug development Dalton Bioanalytics has developed a new way of analyzing all of the different types of biochemicals in blood.","BioTech,Health,Data & Analytics",Diagnostics; Human Health,"Seungjun Yeo, Austin Quach",SOSV (IndieBio),IndieBio 09,SOSV,http://daltonbioanalytics.com,https://www.linkedin.com/company/dalton-bioanalytics,,,,
Cybele Microbiome,560000,Pre-Seed,Precision control for the skin microbiome At Cybele Microbiome we have an AI platform that brings precision control to the microbiome.,Consumer,Consumer Bio; Microbiome; Nutrition & Wellness,"Brian Jessup, Nicole Scott, Eddie Adams",SOSV (IndieBio),IndieBio SF 10,SOSV,http://cybelemicrobiome.com,https://www.linkedin.com/company/cybelemicrobiome,,,,
Convalesce Inc,,Pre-Seed,"Stem cell therapy for neurodegenerative diseases Convalesce is a therapeutic company enabling stem cell-based therapy for neurodegenerative conditions like Parkinson’s, harnessing state-of-art biomaterials.","BioTech,Health",Biopharma; Therapeutics,"Amrutraj Zade, Subhadeep Das",SOSV (IndieBio),IndieBio 07,SOSV,http://convalesce.co,https://www.linkedin.com/company/convalesce,,,,
Conan MedTech,668000,Pre-Seed,Real-time concussion detection Conan MedTech is producing a rapid POC diagnostic test for concussions that can be performed on the sidelines.,Health,Diagnostics; Human Health,"Dania Giaddui, Bayan A. Alturkestani",SOSV (IndieBio),IndieBio NY 04,SOSV,https://www.conanmedtech.com,,,,,
Circularis,,,"Control any gene, any species Circularis has developed a powerful and novel method to regulate gene expression to increase minimum bio-therapeutic production yields by up to ten times.",Climate / Sustainability,Biopharma; Human Health; Industrial Bio; Medtech; Sustainable Manufacturing,"James Lincoln, LeAnn Lindsay, Paul Feldstein",SOSV (IndieBio),IndieBio 02,SOSV,http://circularisbiotech.com,https://www.linkedin.com/company/circularisbiotech,,,,
Ceragen,0,Seed,"Probiotics for plants to increase crop yields Ceragen contributes to the sustainable intensification of crop production with a single application of their ACCelerate probiotic, which increases hydroponic tomato yields up to 16% in field trials.","Climate / Sustainability,Consumer",AgTech; Climate Tech; Consumer Bio; Microbiome,"Jeff Mores, Matthew Rose, Danielle Rose",SOSV (IndieBio),IndieBio NY 03,SOSV,https://ceragengrow.com,https://www.linkedin.com/company/ceragengrow,,,,
Cellens Inc,1000000,Seed,"Non-invasive urine cancer diagnostics with nanoscale touch Cellens develops a non-invasive, urine-based cancer diagnostic platform that detects cancer using label-free single-cell biophysical fingerprints.","Health,BioTech",Computational Bio; Diagnostics; Healthcare; Human Health,"Tanuj Sapra, Jean Pham, Igor Sokolov",SOSV (IndieBio),IndieBio SF 12,SOSV,https://cellensinc.com,https://www.linkedin.com/company/cellens-inc,,,,
Cayuga Biotech,2400000,Seed,Biomimetic Solutions for Hemorrhage Control Cayuga Biotech is a clinical-stage company developing novel therapeutics to address hemorrhage by harnessing the body’s innate ability to stop bleeding.,BioTech,Biopharma; Human Health; Therapeutics,"Andrea Ashford-Hicks, Nathan Ogden, Kyle Ploense",SOSV (IndieBio),IndieBio NY 01,SOSV,http://cayugabiotech.com,https://www.linkedin.com/company/cayuga-biotech,,,,
CASPR Biotech,400000,,"Next-generation CRISPR diagnostics Caspr.bio has a COVID-19 test leveraging the CRISPR Cas-12 enzyme that is cheap and rapid, at point of care.","BioTech,Health",Diagnostics; Human Health; Medtech,"Carla Gimenez, Lucia Curti, Franco Goytia",SOSV (IndieBio),IndieBio 08,SOSV,https://caspr.bio/,https://www.linkedin.com/company/casprbio,,,,
Carbix,752000,Pre-Seed,"Carbon-negative construction materials from smart CO2 reactors Carbix transforms CO2 into raw materials, like carbonates, for sustainable cement and concrete.","Climate / Sustainability,PropTech",Climate Tech; Materials; Sustainable Manufacturing,"Johann Sammy, Vinit Dighe",SOSV (IndieBio),IndieBio SF 10,SOSV,http://carbixcorp.com,https://www.linkedin.com/company/carbixcorp,,,,
Calyx,0,Series A,AI decision making to improve poultry health and grower decision making BioInspira provides an emissions monitoring service for the industry.,,Food Software; Industrial Bio; Industrial IoT,"Benson Fan, Ray Chiu",SOSV (IndieBio),IndieBio 04,SOSV,http://calyxtechs.com,https://www.linkedin.com/company/calyxtechs,,,,
California Cultured,5000000,Seed,"Sustainable chocolate without the cacao beans, deforestation, or exploitation California Cultured produces sustainable chocolate produced from plant stem cells cultured to highlight the best flavors and functional compounds.","Climate / Sustainability,BioTech",Alt Protein; Climate Tech; Future Food,"Steve Stearns, Harrison Yoon, Alan Perlstein",SOSV (IndieBio),IndieBio SF 11,SOSV,http://cacultured.com,https://www.linkedin.com/company/california-cultured,,,,
Rheom,3359000,Seed,"Next-gen materials leveraging the plastics supply chain Rheom Materials is pioneering next-gen materials that leverage existing plastics manufacturing to create scalable, biobased alternatives from the Earth for the Earth.","Climate / Sustainability,Logistics / Supply Chain",Climate Tech; Industrial Bio; Materials; Sustainable Manufacturing,"Carolina Ferril, Robbie Pateder, Zimri T. Hinshaw",SOSV (IndieBio),IndieBio NY 02,SOSV,http://www.rheom.com,https://www.linkedin.com/company/buchaleather,,,,
P.Happi,,Seed,Next-generation microbiome femcare for a healthy urinary tract We are a female health company developing next-generation femcare. Our bio-active intimate cream fights resistant bacteria that cause urinary tract infections and intimate discomfort.,Consumer,Consumer Bio; Human Health; Microbiome; Nutrition & Wellness; Women's Health,Chiara Heide,SOSV (IndieBio),IndieBio NY 01,SOSV,https://www.p-happi.com,https://www.linkedin.com/company/phappi,,,,
Bosque Foods,,Seed,"Whole muscle meat alternatives grown naturally from fungi Bosque Foods leverages the power of fungi to create the next generation of meat alternatives that will satisfy omnivores and flexitarians alike, starting with whole-cut meat products grown…","Climate / Sustainability,BioTech",Alt Protein; Climate Tech; Future Food,Isabella Iglesias-Musachio,SOSV (IndieBio),IndieBio NY 03,SOSV,https://bosquefoods.com,https://www.linkedin.com/company/bosquefoods,,,,
BiomeSense,500000,Seed,"Revolutionizing microbiome discovery BiomeSense is developing an integrated biosensor and cloud-based software platform to massively scale the collection and analysis of gut microbiome data, producing up to 30 times the data of existing tools for…",Health,Healthcare; Human Health; Medtech; Microbiome,"Dylan Nichols, Savas Tay, Kevin Honaker",SOSV (IndieBio),IndieBio 08,SOSV,http://biomesenseinc.com,https://www.linkedin.com/company/18984244,,,,
Biolumen,,Seed,I-stomach sugar and caloric elimination BioLumen is a nutritional technology company that has developed a dietary fiber technology platform that can mitigate the negative impact of a western diet heavy in processed foods.,Consumer,Consumer Bio; Microbiome; Nutrition & Wellness,Paolo Costa,SOSV (IndieBio),IndieBio 09,SOSV,http://biolumen.tech,https://www.linkedin.com/company/biolumen,,,,
BioAesthetics,4632850,Series A,"The next step in breast reconstruction BioAesthetics is developing a tissue engineered nipple-areolar complex (NAC) for patients with incomplete or removed NACs due to disease, surgery, or birth defects.","BioTech,PropTech",Human Health; Therapeutics; Women's Health,"Nick Pashos, William Heim",SOSV (IndieBio),IndieBio 05,SOSV,http://bio-aesthetics.com,https://www.linkedin.com/company/bioaesthetics,,,,
Beeflow,$17M,Series A,Increasing crop yields by providing the next generation of bee pollination to farmers Beeflow develops smart and strong bees for crop pollination.,"Climate / Sustainability,Logistics / Supply Chain",AgTech; Climate Tech; Food Supply Chain Solutions,Matías Viel,SOSV (IndieBio),IndieBio 06,SOSV,http://beeflow.com,https://www.linkedin.com/company/beeflow,,,,
AsimicA,325000,Pre-Seed,Boosting microbial fermentation with our innovative microbial stem cells AsimicA has developed technology to increase the productivity of microbial biosynthetic factories manyfold.,Climate / Sustainability,Climate Tech; Industrial Bio; Sustainable Manufacturing,Nikolai Mushnikov,SOSV (IndieBio),IndieBio SF 10,SOSV,http://asimica.com,https://www.linkedin.com/company/asimica-inc,,,,
ArgenTAG,1445000,Pre-Seed,"Cell studies for everyone, everywhere ArgenTag builds a Single-Cell RNA Library Kit for long-read sequencing that tags and converts individual-cell mRNA into full-length cDNA.",Health,Biopharma; Diagnostics; Human Health; Industrial & Research Tools,"Sofía Lavista Llanos, Joaquin Ezpeleta, Elizabeth Tapia, Pilar Bulacio, Leandro Ciappina",SOSV (IndieBio),IndieBio NY 04,SOSV,https://www.argentag.com,https://www.linkedin.com/company/argentagbio,,,,
AnimalBiome,,,Microbiome-based diagnostics and supplements for pets with chronic digestive disorders AnimalBiome creates microbiome-based therapeutics to treat the more than nine million cats and dogs in the U.S. living with chronic digestive disorders.,"Health,Consumer",Consumer Bio; Industrial Bio; Microbiome; Nutrition & Wellness,"Holly H. Ganz, PhD",SOSV (IndieBio),IndieBio 04,SOSV,http://animalbiome.com,https://www.linkedin.com/company/15232747,,,,
Aluna Medical Diagnostics,,Series A,"Hospital-grade lung monitoring from home, anytime Aluna is a portable spirometer with a mobile interface that objectively tracks asthma severity to allow for a personalized and real-time action plan. Aluna automatically tracks your FEV1% over time.",Health,Diagnostics; Human Health; Medtech; Remote care,"Charvi Shetty, Huyson Lam, Inderjit Jutla",SOSV (IndieBio),IndieBio 03,SOSV,https://alunacare.com,https://www.linkedin.com/company/alunacare,,,,
Aja Labs,,Seed,Superhuman hair engineered from nature Aja Labs creates biodegradable hair from plant fibers that behaves just like human hair using advances in polymer engineering and bioengineering to produce a sustainable and nourishing product.,"Climate / Sustainability,Consumer",Climate Tech; Consumer Bio; Nutrition & Wellness; Women's Health,"Suna Lumeh, Osahon Ojeaga",SOSV (IndieBio),IndieBio SF 11,SOSV,http://ajalabs.co,https://www.linkedin.com/company/aja-labs,,,,
Alora,,Pre-Seed,"Developing high yield and heat tolerant rice genetics to improve global food security We believe it is a basic human right that every human being has the food they need to survive, each day of their lives.","Climate / Sustainability,Cybersecurity",AgTech; Climate Tech,"Luke Young, Rory James Hornby",SOSV (IndieBio),IndieBio 09,SOSV,https://www.alora.world,https://www.linkedin.com/company/alora-wave,,,,
Protera Biosciences,,Series A,"Smarter proteins for a sustainable future Protera Biosciences is advancing the science of protein engineering to address critical challenges in food, agriculture, the environment, and human health.","Climate / Sustainability,BioTech",Climate Tech; Future Food; Industrial Bio; Nutrition & Wellness,"Francia Navarrete, Juan Duarte, Leonardo Álvarez, Rodrigo Infante",SOSV (IndieBio),IndieBio 04,SOSV,http://proterabio.com,https://www.linkedin.com/company/protera-bio,,,,
Ivy Natal,300000,Pre-Seed,"Unlocking human fertility Ivy Natal aims to help patients have genetic children, using a process that starts with a simple skin biopsy. Our approach directly activates the skin cell’s existing DNA to transform it into a new, healthy egg cell.",BioTech,Therapeutics; Women's Health,"Jeff Hsu, Colin Bortner",SOSV (IndieBio),IndieBio SF 10,SOSV,http://ivynatal.com,https://www.linkedin.com/company/ivynatal,,,,
Avisa Myko,850000,Pre-Seed,"Natural soluble melanin at 4,000 times lower cost for UV and radiation protection The team at Avisa Myko has spent years reducing the cost of melanin production via fungal fermentation and can now produce it at 4,000 times lower cost than existing…",Climate / Sustainability,Industrial Bio; Sustainable Manufacturing,Ravi Adgulwar,SOSV (IndieBio),IndieBio 09,SOSV,http://avisamyko.com,https://www.linkedin.com/company/avisa-myko-inc,,,,
Amino Labs,,Pre-Seed,Making biotechnology education accessible Amino Labs is pioneering accessible genetic engineering by enabling non-experts to begin learning and doing genetic engineering projects outside of traditional environments.,"BioTech,Consumer",Consumer Bio; Medtech,"Julie Legault, Justin Pahara",SOSV (IndieBio),IndieBio 02,SOSV,http://amino.bio,https://www.linkedin.com/company/amino-labs,,,,
Protonintel,1900000,Seed,"Know yourself Protonintel provides continuous, real-time, and accurate biomarker monitoring to better manage chronic disease and save lives.",Health,Biopharma; Computational Bio; Diagnostics; Human Health; Medtech,"Victor Cadarso, Francis Steiner, Sahan Ranamukha",SOSV (IndieBio),IndieBio SF 12,SOSV,https://protonintel.com,https://www.linkedin.com/company/protonintelligence,,,,
microTERRA,1500000,Seed,Powering the plant-based future microTERRA has developed a unique functional ingredient for the plant-based food industry that has no color or taste.,"Climate / Sustainability,BioTech,Consumer",Alt Protein; Climate Tech; Consumer Bio; Future Food,"Fanny Villiers, Marissa Flores",SOSV (IndieBio),IndieBio NY 02,SOSV,http://microterra.com.mx,https://www.linkedin.com/company/microterramx,,,,
Vertical Oceans,6000000,Series A,"Smart urban aquaculture Vertical Oceans is producing sustainable seafood using a balanced ecosystem of shrimp, fish, and algae managed by smart algorithms. Farm to fork in under eight hours, we bring premium, clean seafood to your plate.","Climate / Sustainability,BioTech",AgTech; Alt Protein; Climate Tech,"John Diener, Enzo Acerbi",SOSV (IndieBio),IndieBio SF 11,SOSV,http://verticaloceans.blue,https://www.linkedin.com/company/verticaloceans,,,,
Avalo.ai,,Seed,"Gene discovery and prediction platform breeding climate-resilient crops Avalo.ai has created a Gene Discovery by Informationless Perturbation (GDIP) method that reduces false positive rates by 10–100 times, depending on the trait and the organism.",Climate / Sustainability,AgTech; Climate Tech,"Mariano Alvarez, Brendan Collins",SOSV (IndieBio),IndieBio SF 11,SOSV,https://avalo.ai,https://www.linkedin.com/company/avalo-inc,,,,
Membio,,Seed,A leader in single-use bioreactor technology,BioTech,Biopharma; Human Health; Medtech; Therapeutics,"Andrew Pundsack, Ashley Keefner, Shane Kilpatrick",SOSV (IndieBio),IndieBio 09,SOSV,http://membio.ca,https://www.linkedin.com/company/membio,,,,
Harmony Baby Nutrition,1300000,Series A,Developer of Breast Milk Protein-Based Formulas Harmony Baby Nutrition is a biotech-driven company revolutionizing the $100B global infant formula market by creating products that mirror the form and function of human milk.,"Climate / Sustainability,BioTech,Dev Tools / Cloud,Consumer",Alt Protein; Climate Tech; Consumer Bio; Future Food; Human Health; Women's Health,Wendel de Oliveira Afonso,SOSV (IndieBio),IndieBio NY 02,SOSV,http://harmonybabynutrition.com,https://www.linkedin.com/company/harmony-baby-nutrition,,,,
Reazent,400000,Pre-Seed,Making agriculture sustainable and efficient Reazent makes fully-organic and safe products to replace or reduce synthetic petroleum-based chemicals in agriculture.,Climate / Sustainability,AgTech; Climate Tech,Sumit Verma,SOSV (IndieBio),IndieBio SF 10,SOSV,http://reazent.com,https://www.linkedin.com/company/reazent,,,,
Ranomics,,Seed,Improving genetic tests Ranomics is building the world’s first comprehensive knowledge base of functionally-characterized genetic variants to help determine their role in disease development and treatment.,,Data & Information Tech; Human Health,"Cathy Tie, Leo Wan",SOSV (IndieBio),IndieBio 01,SOSV,http://ranomics.com,https://www.linkedin.com/company/ranomics,,,,
Zymochem,$35M,Series A,"Sustainable Materials using patented Carbon-Conserving (C2) microbes ZymoChem is breakthrough science for a fossil-free future. We develop bio-based materials for everyday products without compromising Cost, Performance, Scale, or Sustainability.",Climate / Sustainability,Climate Tech; Industrial Bio; Sustainable Manufacturing,"Jon Kuchenreuther, Harshal Chokhawala",SOSV (IndieBio),IndieBio 01,SOSV,https://www.zymochem.com/,https://www.linkedin.com/company/zymochem,,,,
Mendel,,Growth,Personalized medicine navigator for cancer patients Mendel is a hybrid intelligent engine (human/AI) that can collect a patient’s medical records and combine it with the genetic profile of his or her cancer to find personalized meds that are still…,"BioTech,Health",Data & Information Tech; Human Health; Therapeutics,"Ruchi Deshpande, Karim Galil, Shaheryar Ahmed, Wael Salloum",SOSV (IndieBio),IndieBio 04,SOSV,http://mendel.ai,https://www.linkedin.com/company/mendel-ai,,,,
Mimio Health,,Seed,"Fasting benefits on demand, powered by your biology Mimio creates fasting-like health benefits through a patented biomimetic daily supplement.","BioTech,Consumer",Consumer Bio; Human Health; Nutrition & Wellness,"Caitlin Beatty, Chris Rhodes",SOSV (IndieBio),IndieBio SF 11,SOSV,https://www.mimiohealth.com,https://www.linkedin.com/company/mimiohealth,,,,
Lypid,1100000,Series A,"Lypid makes vegan fat perform like animal fat Lypid makes plant-based foods without compromise. Our secret sauce: a sustainable, healthy, and tastier fat alternative.","Climate / Sustainability,BioTech",Alt Protein; Climate Tech; Future Food,"Michelle Lee, Jen-Yu Huang",SOSV (IndieBio),IndieBio SF 11,SOSV,http://lypid.co,https://www.linkedin.com/company/lypid,,,,
Microgenesis,600000,Seed,"A new fertility test and treatment for women everywhere Microgenesis offers a new fertility test and treatment that restores the fertility potential of women everywhere with a three-month, drug-free treatment.",Health,Diagnostics; Human Health; Medtech; Women's Health,"Gabriela Gutierrez, Leandro Barreiro, Agustina Azpiroz",SOSV (IndieBio),IndieBio SF 10,SOSV,http://microgenesis.net,https://www.linkedin.com/company/64713350,,,,
QuantumCyte,2200000,Seed,Answers from every biopsy QuantumCyte has developed an advanced AI-integrated platform for modern pathology to significantly improve patient outcomes.,"Health,Deeptech / Robotics / AR/VR",Diagnostics; Human Health; Medtech,"John Butler, Bidhan Chaudhuri",SOSV (IndieBio),IndieBio 05,SOSV,http://quantumcyte.com,https://www.linkedin.com/company/quantumcyte-inc.,,,,
MycoWorks,,Growth,"Creating materials with the power of organic technology We are a team of creative engineers, designers, and scientists working to solve today’s greatest challenges with products made from mycelium, a rapidly renewable natural resource.","Climate / Sustainability,Consumer",Climate Tech; Consumer Bio; Materials; Sustainable Manufacturing,"Philip Ross, Matthew Scullin",SOSV (IndieBio),IndieBio 03,SOSV,http://mycoworks.com,https://www.linkedin.com/company/mycoworks,,,,
Free to Feed,250000,Seed,Helping parents navigate food allergies Free to Feed is a medical technology company dedicated to finding solutions for mothers of food-intolerant infants.,"Health,PropTech,Consumer",Consumer Bio; Diagnostics; Future Food; Human Health; Women's Health,Trillitye Paullin,SOSV (IndieBio),IndieBio NY 02,SOSV,http://freetofeed.com,https://www.linkedin.com/company/freetofeed,,,,
Michroma,450000,Series A,"Novel bio-colorants through biotechnology Michroma revolutionizes the food industry by replacing synthetic, non-vegetarian and non-sustainable colorants with a natural option using biotechnology.","Climate / Sustainability,BioTech",Climate Tech; Future Food; Industrial Bio; Sustainable Manufacturing,"Ricky Cassini, Mauricio Braia",SOSV (IndieBio),IndieBio 09,SOSV,http://michroma.co,https://www.linkedin.com/company/michroma,,,,
Proteinea,2900000,Pre-Seed,"AI-designed antibody Fc tuning for safer, longer efficacy Protein engineering company using proprietary AI to design next-gen antibodies with improved efficacy, safety, and convenience.",BioTech,AI & Machine Learning; Alt Protein; Industrial Bio; Therapeutics,"Abdulaziz Elgammal, Mahmoud Eljendy",SOSV (IndieBio),IndieBio SF 11,SOSV,http://proteinea.com,https://www.linkedin.com/company/proteinea,,,,
Upside Foods,,Growth,"Making your favorite food a force for good By growing meat directly from animal cells, we’re making future-friendly, real meat that makes you and the world smile. We stand for all of the good and none of the bad.","Climate / Sustainability,BioTech",Alt Protein; Climate Tech; Future Food,Uma Valeti,SOSV (IndieBio),IndieBio 02,SOSV,http://upsidefoods.com,https://www.linkedin.com/company/upsidefoods,,,,
New Culture,,Growth,"Animal-free cheese made to stretch, melt, and taste real At New Culture, we are revolutionizing how dairy products are made. Instead of using animals, we are using microbes to express dairy proteins and culture real dairy products that are…","Climate / Sustainability,BioTech",Alt Protein; Climate Tech; Future Food,"Inja Radman, Matt Gibson",SOSV (IndieBio),IndieBio 08,SOSV,http://newculture.co.nz,https://www.linkedin.com/company/18886747,,,,
Ardra Bio,,Pre-Seed,All natural flavors and fragrances Natural flavors and fragrances is the fastest growing category in a market worth over $23 billion globally.,Climate / Sustainability,Climate Tech; Industrial Bio; Sustainable Manufacturing,"Jonas Mueller, Radhakrishnan Mahadevan, Pratish Gawand",SOSV (IndieBio),IndieBio 03,SOSV,http://ardrabio.com,https://www.linkedin.com/company/ardra-inc,,,,
OneSkin,500000,Series A,"Finding molecules able to reverse skin aging OneSkin aims to promote skin rejuvenation by decoding the aging process. By replicating skin aging using 3D models and correlating biological markers with chronological age, we have created an efficient…","BioTech,Consumer",Consumer Bio; Human Health; Nutrition & Wellness; Therapeutics,"Mariana Lima, Julianna Lott de Carvalho, Carolina Reis",SOSV (IndieBio),IndieBio 03,SOSV,http://oneskin.co,https://www.linkedin.com/company/oneskin,,,,
Prolific Machines,$86.5M,Growth,"Transforming biomanufacturing with light-controlled, AI-optimized biotherapeutics; Prolific Machines combines cutting-edge technologies to enable cell production at a new scale.","Climate / Sustainability,BioTech",Climate Tech; Human Health; Industrial Bio; Sustainable Manufacturing,"Deniz Kent, Max Huisman, Declan Jones",SOSV (IndieBio),IndieBio SF 11,SOSV,http://prolific-machines.com,https://www.linkedin.com/company/prolific-machines,,,,
Kolibri,1900000,Seed,Using sound to enable advanced therapies Kolibri is pioneering acoustic cell engineering to radically cut the cost and complexity of therapeutic manufacturing.,"Deeptech / Robotics / AR/VR,Health,BioTech",Hard Tech; Healthcare; Human Health; Therapeutics,"Gabriel Dumy, Amélie Quilichini",SOSV (IndieBio),IndieBio NY 06,SOSV,https://www.kolibrilab.com,https://www.linkedin.com/company/kolibrilab,,,,
Voyage Foods,,Growth,"Our favorite foods, forever Recreating the foods and drinks that face environmental, ethical, and health challenges in a way that’s sustainable, scalable, and shockingly scrumptious.",Climate / Sustainability,Climate Tech; Future Food,Adam Maxwell,SOSV (IndieBio),SOSV Portfolio: Po Bronson,SOSV,http://voyagefoods.com,https://www.linkedin.com/company/voyage-foods,,,,
Kalia Health,825000,Pre-Seed,"Bringing healthcare home Kalia Health is dedicated to improving maternal health through engineering a safe, affordable, and accessible home-based early detection test for preeclampsia (PE).",Health,Diagnostics; Human Health; Women's Health,Denali Dahl,SOSV (IndieBio),IndieBio NY 04,SOSV,https://www.kaliahealth.com/,https://www.linkedin.com/company/kalia-health,,,,
Capra Biosciences,500000,Seed,Petrochemicals without the petroleum Capra Biosciences is bringing down the biomanufacturing capex by greater than 10 times through our novel biofilm-based bioreactor design.,Climate / Sustainability,Climate Tech; Industrial Bio; Sustainable Manufacturing,"Andrew Magyar, Elizabeth Onderko",SOSV (IndieBio),IndieBio SF 11,SOSV,http://caprabiosciences.com,https://www.linkedin.com/company/capra-biosciences,,,,
Ozone Bio,500000,Seed,"Emissions-free chemicals brought to life by zombie cells Ozone Bio has developed an emissions-free, low-cost adipic acid produced from wood-derived feedstocks to make the world’s only bio-nylon 6, 6 that can compete in the open market.",Climate / Sustainability,Climate Tech; Industrial Bio; Sustainable Manufacturing,"Anna Khusnutdinova, Khorcheska Batyrova",SOSV (IndieBio),IndieBio SF 11,SOSV,http://ozonebiocorp.com,,,,,
Scindo,250000,Seed,"Sustainable everyday Carbon chains are the backbones in most modern products, extracted from crude oil and converted into anything from materials to ingredients.",Climate / Sustainability,Climate Tech; Industrial Bio; Sustainable Manufacturing,"Gustaf Hemberg, Juliet Sword",SOSV (IndieBio),IndieBio NY 01,SOSV,https://scindo.bio/,https://www.linkedin.com/company/scindo,,,,
Tesarakt,,Pre-Seed,"Reinventing Brain Care Through AI Neurological disorders, like Alzheimer’s, can be challenging to diagnose, especially earlier in the disease progression when symptoms are subtle.",Health,Computational Bio; Diagnostics; Human Health,"Sarah Hsu, Kristina Vulgan",SOSV (IndieBio),IndieBio NY 04,SOSV,https://www.tesarakt.com,https://www.linkedin.com/company/tesarakt,,,,
Solid Ox Motors,,Pre-Seed,"All-electric, grid optional Solid Ox Motors will manufacture mobile Solid Oxide Fuel Cell (SOFC) range extenders for battery electric vehicles.","Climate / Sustainability,Transportation / Mobility",Climate Tech; Energy; Transportation Tech,"Brandon Balili, Jared Moore",SOSV (IndieBio),IndieBio SF 12,SOSV,https://www.solidoxmotors.com,https://www.linkedin.com/company/solidoxmotors,,,,
CellCrine,500000,Pre-Seed,$300K will make 50 Million Liters of SP CDM for CMI The Concept of Making Cultured Meat is done. The Proof of Concept to make it possible has been validated by a third party.,"Climate / Sustainability,BioTech",Alt Protein; Climate Tech; Future Food,Rodolfo Faudoa,SOSV (IndieBio),IndieBio SF 12,SOSV,https://www.cellcrine.com,https://www.linkedin.com/company/elfamed-inc,,,,
Chi Botanic,,Seed,The plant cell company Chi Botanic revolutionizes how natural products are made by applying synthetic biology and automation to create and scale customized plant stem cell cultures.,Climate / Sustainability,Climate Tech; Future Food; Industrial Bio,"Jonathan Meuser, Robert Jinkerson",SOSV (IndieBio),IndieBio 09,SOSV,http://chibotanic.com,https://www.linkedin.com/company/chi-botanic,,,,
Wayfinder Biosciences,,Seed,Targeting functional RNA structures to generate new small molecule medicines for undruggable protein targets Wayfinder Bio develops orally available small-molecule medicines that bind disease-protein mRNAs and prevent harmful proteins from being…,BioTech,Biopharma; Computational Bio; Human Health; Industrial & Research Tools; Industrial Bio; Therapeutics,"Jason Fontana, David Sparkman-Yager",SOSV (IndieBio),IndieBio SF 12,SOSV,https://wayfinderbio.com,https://www.linkedin.com/company/wayfinder-biosciences,,,,
Unlocked Labs,1025000,Pre-Seed,Optimized Probiotics with Measurable Outcomes Unlocked is developing probiotics with enhanced abilities to take up and break down compounds in the GI tract – thereby safely bringing down levels throughout the human body.,"CPG,Consumer",Consumer Bio; Consumer Packaged Goods; Human Health; Microbiome; Nutrition & Wellness,Christoph Geisler,SOSV (IndieBio),IndieBio SF 12,SOSV,https://theraneutrics.com,https://www.linkedin.com/company/unlocked-labs,,,,
Climate Crop,,Pre-Seed,Photosynthesis unlimited ClimateCrop aims to unlock the limits of photosynthesis to capture more carbon and increase crop yields.,Climate / Sustainability,AgTech; Climate Tech,"Yehuda Borenstein, Erez Eliyahu, Vivekanand Tiwari",SOSV (IndieBio),IndieBio SF 12,SOSV,https://climate-crop.com/,https://www.linkedin.com/company/climatecrop,,,,
Sea & Believe,,Pre-Seed,Plant-based seafood Plantruption stands for disruption and we are on a mission to create Irelands first plant-based seafood. We are researching and collaborating with universities and food technologists to provides Plant based seafood that’s close…,"Climate / Sustainability,BioTech,Consumer",Alt Protein; Climate Tech; Consumer Bio; Future Food,"Piyali Chakraborty, Jennifer O’Brien",SOSV (IndieBio),IndieBio SF 12,SOSV,https://www.sea-believe.com,https://www.linkedin.com/company/plantruption,,,,
RizLab Health,2200000,Pre-Seed,Bringing blood analysis to patients' fingertips RizLab Health is addressing the pandemic of antimicrobial resistance and helping clinicians by pinpointing the source of infection (and thus preventing inappropriate antibiotic prescriptions) with…,Health,Computational Bio; Diagnostics; Human Health,"Shahriar Azizpour, Mehdi Javanmard",SOSV (IndieBio),IndieBio NY 03,SOSV,http://rizlabhealth.com,https://www.linkedin.com/company/rizlab-health-inc,,,,
Electro-Active Technologies,2970000,Seed,"Turning organic waste into high value organic fertilizer and power Our process enables companies and communities to reinvest their organic waste into value-added products, including renewable hydrogen.",Climate / Sustainability,Climate Tech; Energy; Sustainable Manufacturing,"Abhijeet Borole, Alex Lewis",SOSV (IndieBio),IndieBio 08,SOSV,http://electroactive.tech,https://www.linkedin.com/company/electro-active-technologies,,,,
BioROSA Technologies Inc.,,Seed,Creating a biologically-based diagnostic standard of care for autism spectrum disorders Over 30 million children and over 100 million people around the world live with autism spectrum disorders (ASD).,"Health,BioTech",Diagnostics; Healthcare; Human Health,John Slattery,SOSV (IndieBio),IndieBio 07,SOSV,http://biorosa.com,https://www.linkedin.com/company/biorosa-technologies,,,,
Catalog Technologies,,Growth,Infinite data archives We are encoding the world’s digital information into DNA—fitting entire data centers into the palm of your hand. What CATALOG is building can be thought of as a printing press with movable typefaces.,Climate / Sustainability,Climate Tech; Industrial Bio; Sustainable Manufacturing,"Nathaniel Bernard Roquet, Hyunjun Park",SOSV (IndieBio),IndieBio 04,SOSV,http://catalogdna.com,https://www.linkedin.com/company/15199950,,,,
mFluiDX,,Seed,"Enabling molecular detection anywhere The mFluiDx platform is fully autonomous, smart-phone enabled unit ideal for on-site testing. Also, Injection molding allows mass production of chips at cost 1000 times lower than PCR.","BioTech,Health",Diagnostics; Human Health,Charlie Yeh,SOSV (IndieBio),IndieBio 03,SOSV,http://mfluidx.com,https://www.linkedin.com/company/mfluidx,,,,
Perennial,,Seed,"Innovating in senior nutrition with plants Through relentless innovation, we are bringing a more clean and modern approach to global adult nutrition by harnessing the power of plants.",,Future Food,"Craig Deebank, Sara Bonham",SOSV (IndieBio),IndieBio 03,SOSV,http://liveperennial.com,https://www.linkedin.com/company/perennial-sciences,,,,
TomTex,1900000,Pre-Seed,Designing the future of sustainable biomaterial The TômTex mission is to create innovative material designs that parallel lifecycles observed in nature and serve as alternatives to the production methods that have contributed to our world’s…,Climate / Sustainability,Climate Tech; Industrial Bio; Sustainable Manufacturing,"Ross McBee, Uyen Tran, Atom Nguyen",SOSV (IndieBio),IndieBio NY 03,SOSV,https://www.tomtex.co/,https://www.linkedin.com/company/t%C3%B4mtex,,,,
Helex,,Seed,Genomic medicines for kidney diseases with high unmet need Helex is developing first-in-class non-viral genetic medicines for renal indications.,BioTech,Biopharma; Computational Bio; Data & Information Tech; Human Health,"Anirudh Nishtala, Rohini Kalvakuntla, Poulami Chaudhuri",SOSV (IndieBio),IndieBio NY 03,SOSV,https://www.helex.bio,https://www.linkedin.com/company/helexbio,,,,
Pannex Therapeutics,2500000,Pre-Seed,Developing anti-addictive painkillers to save lives Pannex Therapeutics is developing first-in-class Panx1 channel blockers targeting shared neuroinflammatory and immune pathways.,BioTech,Biopharma; Human Health; Therapeutics,David Bravo,SOSV (IndieBio),IndieBio NY 03,SOSV,https://pannextherapeutics.com/,https://www.linkedin.com/company/pannex-therapeutics,,,,
General Sense,4000000,Series A,Identifying the Chemical World Through Scent General Sense is building the chemical sensing layer for artificial intelligence. The company’s Nose-Computer Interface (NCI) reads neural signals directly from a dog’s olfactory bulb — the point where…,"Health,Climate / Sustainability",Computational Bio; Diagnostics; Human Health; Sustainable Manufacturing,"Westley Dang, Peter Ledochowitsch, Gabriel Lavella",SOSV (IndieBio),IndieBio SF 11,SOSV,https://www.generalsense.com/,https://www.linkedin.com/company/generalsense,,,,
Flore (FKA Sun Genomics),1120000,Series A,"Precision probiotic formulas tailored to your microbiome Flore crafts precision probiotics from your microbiome test, mapped to 352 markers, 23,000+ microbes, and 209 conditions.","BioTech,Consumer",Consumer Bio; Human Health; Microbiome; Nutrition & Wellness,,SOSV (IndieBio),IndieBio 06,SOSV,http://flore.com,https://www.linkedin.com/company/florehealth,,,,
Pheronym,,Pre-Seed,Directed plant protection Pheronym uses a new kind of pheromone to manage microscopic roundworms called nematodes for eco-friendly agricultural pest control.,Climate / Sustainability,AgTech; Climate Tech,"Cameron Schiller, Fatma Kaplan",SOSV (IndieBio),IndieBio 05,SOSV,http://pheronym.com,https://www.linkedin.com/company/pheronym,,,,
KrakenSense,700000,Pre-Seed,A new way to rapidly detect pathogens in the food supply chain KrakenSense makes real-time pathogen detection sensors using cutting-edge nanotechnology and state-of-the-art calibration techniques.,"Health,Logistics / Supply Chain,Climate / Sustainability",Diagnostics; Industrial Bio; Sustainable Manufacturing,"Nisha Sarveswaran, Jamal Zeinalov",SOSV (IndieBio),IndieBio SF 10,SOSV,http://krakensense.com,https://www.linkedin.com/company/kraken-sense-ltd,,,,
Khepra,250000,Pre-Seed,"Renewable fuels and chemicals from waste Using proprietary ultrasonic technology, Khepra can activate the thousands of megawatt hours of renewable electricity that are wasted every year and use it to upcycle plastics and agricultural wastes into…",Climate / Sustainability,Climate Tech; Energy; Industrial Bio; Sustainable Manufacturing,"Julie Kring, Madeleine Allen",SOSV (IndieBio),IndieBio SF 10,SOSV,http://khepra.net,https://www.linkedin.com/company/khepra,,,,
ANA Therapeutics,,,"Investigating niclosamide as a treatment for COVID-19 ANA Therapeutics developing ANA-001, a proprietary capsule formulation of niclosamide for coronavirus indications, currently in Phase 2/3 clinical trials as a treatment for COVID-19.",BioTech,Therapeutics,Akash Bakshi,SOSV (IndieBio),SOSV Portfolio: Po Bronson,SOSV,https://www.neurobopharma.com,,,,,
Spintex,,Pre-Seed,"Spider-inspired silk fibres for sustainable, high-performance materials At Spintex, we unlocked the secrets of nature’s textile experts, spiders, to produce a low-cost and sustainable biomaterial platform for spinning high-performance silk fibers.",Climate / Sustainability,Climate Tech; Materials; Sustainable Manufacturing,"Alex Greenhalgh, Martin Frydrych",SOSV (IndieBio),IndieBio SF 10,SOSV,http://spintex.co.uk,https://www.linkedin.com/company/spintex,,,,
Sequential Skin,500000,Seed,"The world's first at-home genetic and skin microbiome test Sequential Skin is providing personalized skincare solutions. Our easy-to-use at-home test kit uses advanced genetic sequencing technology to understand how your genes, skin microbiome, and…",Consumer,Consumer Bio; Human Health; Microbiome; Nutrition & Wellness,"Albert Dashi, Oliver Worsley",SOSV (IndieBio),IndieBio NY 02,SOSV,http://sequential.bio,https://www.linkedin.com/company/sequentialbio,,,,
GateHouse Bio (fka sRNAlytics),2400000,Series A,Breaking RNA codes to enable precision sRNA medicine Gatehouse Bio unlocks disease-driving RNA codes to power precision sRNA medicine. Its Code-Breaker™ platform maps complex mRNA::sRNA activity relationships to identify biomarkers and drug targets.,"BioTech,Health",Biopharma; Diagnostics; Human Health,David Salzman,SOSV (IndieBio),IndieBio 06,SOSV,https://gatehousebio.com,https://www.linkedin.com/company/27453999,,,,
Dahlia Biosciences,,Pre-Seed,Dahlia Biosciences is providing the next generation of multiplexed in situ single-cell RNA analysis tools for research and diagnostic applications.,Health,Human Health; Medtech,"Michael Lin, Un Kwon-Casado",SOSV (IndieBio),IndieBio 06,SOSV,http://dahliabio.com,https://www.linkedin.com/company/dahliabio,,,,
Diptera.ai,,Seed,Stopping mosquito-borne disease Diptera.ai’s technology cuts the cost of SIT—a natural and highly-efficient insect birth control method—to make it a widespread solution against mosquitoes.,Climate / Sustainability,AgTech; Computational Bio; Human Health,"Victor Levitin, Ariel Livne",SOSV (IndieBio),IndieBio NY 01,SOSV,http://diptera.ai,https://www.linkedin.com/company/smtlabs-co,,,,
Blue Planet Ecosystems,,Seed,"Designing, building, and operating artificial ecosystems for sustainable food production Blue Planet Ecosystems builds, develops, and operates modular, closed-loop photo protein reactors for sustainable food production in extreme environments.","Climate / Sustainability,BioTech",Alt Protein; Climate Tech; Future Food,"Georg Schmitzberger, Thomas Daniele, Paul Schmitzberger",SOSV (IndieBio),IndieBio 08,SOSV,http://blue-planet-ecosystems.com,https://www.linkedin.com/company/blue-planet-ecosystems,,,,
The EVERY Company,,Growth,"Creating Vital Ingredients For The World The EVERY Company, headquartered in South San Francisco, is a market leader in engineering, manufacturing and formulating animal-free, animal proteins as ingredients for the global food and beverage industry.","Climate / Sustainability,BioTech",Alt Protein; Climate Tech; Future Food,"Eitan Darwish, Arturo Elizondo",SOSV (IndieBio),IndieBio 01,SOSV,http://theeverycompany.com,https://www.linkedin.com/company/clara-foods,,,,
Prime Roots,,Growth,Fungi for foodies Prime Roots (formerly Terramino Foods) is revolutionizing protein. We are using fungi super protein as the base of our delicious high-protein products that are good for you and the world.,"Climate / Sustainability,BioTech",Alt Protein; Climate Tech; Future Food,"Joshua Nixon, Kimberlie Le",SOSV (IndieBio),IndieBio 06,SOSV,http://primeroots.com,https://www.linkedin.com/company/primeroots,,,,
STÄMM,,Series A,"Biomanufacturing everywhere Leveraging microfluidics, electroporation, and robotics, Stämm is downsizing a whole biotech plant into an all-in-one, plug-and-play desktop unit.","Climate / Sustainability,Deeptech / Robotics / AR/VR,Health",Climate Tech; Hard Tech; Healthcare; Human Health; Industrial Bio,"Juan Francisco Llamazares, Federico Vegh",SOSV (IndieBio),IndieBio 07,SOSV,http://stamm.bio,https://www.linkedin.com/company/stammbiotech,,,,
Filtricine,,Series A,"Developing a drug-free cancer therapy based on nutrient deprivation Filtricine, Inc. is a pre-clinical-stage therapeutic company.","BioTech,Health",Biopharma; Human Health; Therapeutics,"Xiyan Li, Jimmy Wang, Grace Yang",SOSV (IndieBio),IndieBio 07,SOSV,http://filtricine.com,https://www.linkedin.com/company/filtricine,,,,
Lingrove,$17.5M,Series A,"Transform spaces with impact-resistant, eco-friendly wall coverings, and buliding materials Creating ‘wood’ without the tree. Their formable, natural fiber and resin replicates the performance, look, feel and re-usability of premium wood from…","Climate / Sustainability,Deeptech / Robotics / AR/VR,Consumer",Climate Tech; Consumer Bio; Materials; Sustainable Manufacturing,"Joe Luttwak, Desi Banatao",SOSV (IndieBio),IndieBio 06,SOSV,http://lingrove.com,https://www.linkedin.com/company/lingrove,,,,
Geltor,5000000,Growth,"Building food with biology Many of the foods we love, the medicines we need, and the cosmetics we use daily rely on a single ingredient: gelatin. At Geltor, we make real gelatin, without the animal.","Climate / Sustainability,BioTech",Alt Protein; Climate Tech; Sustainable Manufacturing,"Alexander Lorestani, Nick Ouzounov",SOSV (IndieBio),IndieBio 02,SOSV,http://geltor.com,https://www.linkedin.com/company/geltor-inc,,,,
Endless West,,Growth,"Makers of molecular spirits Endless West is a beverage company using science to create its own blend of wines and spirits. Its first product, Glyph, is the first whiskey to ever be crafted note by note using molecules (or flavor and aroma notes)…","Climate / Sustainability,BioTech",Climate Tech; Future Food; Industrial Bio,"Alec Lee, Mardonn Chua",SOSV (IndieBio),IndieBio 01,SOSV,http://endlesswest.com,https://www.linkedin.com/company/endlesswest,,,,
Particella,,Seed,"Oral Gene Medicines Particella Inc., (formerly DNAlite Therapeutics) is a biotechnology company that has developed a novel proprietary lipid nanoparticle that can deliver mRNA and other nucleic acids orally.",BioTech,Biopharma; Human Health; Therapeutics,"Timothy Day, Mubhij Ahmad",SOSV (IndieBio),IndieBio 05,SOSV,https://particella.bio,https://www.linkedin.com/company/particella,,,,
"NeuroQore, Inc.",3000000,Seed,"Breakthrough rapid treatment for major depressive disorder and imminent risk of suicide NeuroQore is comprised of a team of passionate and motivated scientists, engineers, and clinicians dedicated to developing pioneering neuromodulation treatments…","BioTech,Health",Human Health; Medtech; Mental health; Therapeutics,"Mehran Talebinejad, Adrian Chan",SOSV (IndieBio),IndieBio 04,SOSV,http://neuroqore.com,https://www.linkedin.com/company/10956369,,,,
Innatrix,999999,Pre-Seed,Sustainable and Safe Solutions to Replace Agrochemicals Innatrix’s seasoned team of AgriTech professionals are working to replace agrochemical with biological pesticides for farmers.,Climate / Sustainability,AgTech; Industrial Bio,Jiarui Li,SOSV (IndieBio),IndieBio NY 04,SOSV,https://www.innatrix.com,https://www.linkedin.com/company/innatrix,,,,
Puna Bio,,Seed,"Growing crops in impossible conditions Puna Bio uses extremophiles – microorganisms 3.5 billion years old, sourced from La Puna, the highest and driest desert on Earth – to develop biological inputs for agriculture that increase yields, reduce…",Climate / Sustainability,AgTech; Climate Tech,"Franco Levis, Carolina Belfiore, Maria Eugenia Farias",SOSV (IndieBio),IndieBio SF 12,SOSV,https://puna.bio,https://www.linkedin.com/company/punabio,,,,
Veloz Bio,250000,Seed,"""Last mile"" protein manufacturing Veloz is a biotech company leveraging molecular farming to develop and manufacture sustainable and affordable animal-free, alternative proteins.","Climate / Sustainability,BioTech",AgTech; Climate Tech; Future Food; Industrial Bio,Flavio Siller,SOSV (IndieBio),IndieBio SF 12,SOSV,https://velozbio.com,https://www.linkedin.com/company/velozbio,,,,
NURO CORP,1067000,Pre-Seed,"One of the world's leading manufacturers of non-invasive Neurotechnology NURO is the architect of NUOS, KOMPOS, PAD and MENTIS, all leading non-invasive neurotechnologies for healthcare and non-healthcare applications.","BioTech,Consumer",Consumer Bio; Therapeutics,"Pascal Gand, Francois Gand",SOSV (IndieBio),IndieBio 06,SOSV,http://nuro.ca,https://www.linkedin.com/company/nuro-corp-,,,,
NotCo,,Growth,"Innovative and disruptive food products We use artificial intelligence to create exceptional foods. We gave life to a computer that has scientific knowledge to generate delicious, healthy, and accessible products from plants.","Climate / Sustainability,BioTech",Alt Protein; Climate Tech; Future Food,"Karim Pichara, Pablo Zamora, Matias Muchnick",SOSV (IndieBio),IndieBio 05,SOSV,http://notco.ai,https://www.linkedin.com/company/the-not-co-,,,,
Kyomei,,Pre-Seed,Transforming meat protein production with plants Kyomei is using a novel strategy to scale production of meat myoglobin produced in plants.,"Climate / Sustainability,BioTech",AgTech; Alt Protein; Climate Tech; Future Food,"Meir Wachs, Kyoko Morimoto",SOSV (IndieBio),IndieBio NY 03,SOSV,https://kyomei.co.uk,https://www.linkedin.com/company/kyomeiproteins,,,,
Karma Biotechnologies,6000000,Seed,LNP technology that can deliver both DNA and RNA payloads to solid tumor microenvironments Karma is an in vivo cell therapy company that uses a proprietary LNP technology to reprogram key immune cells to infiltrate tumors and break down their…,BioTech,Human Health; Therapeutics,"Alan Johnson, Andrew Gray",SOSV (IndieBio),IndieBio SF 14,SOSV,http://karmabiotech.com,https://www.linkedin.com/company/karma-biotechnologies,,,,
