Name,Amount Raised,Round,Description,Everywhere Sectors,Verticles,Team,Investors,Date of Announcement,Source,Website,LinkedIn,Location,Batch Date,Batch Date Precision,Most Recent Batch
Zetta Joule,"$16,100,000",,ZettaJoule delivers modernized HTGR through Energy-as-a-Service Solution Our aim: Transform the energy ecosystem to a clean and sustainable one by unlocking the potential of nuclear fission technology.,Climate / Sustainability,Advanced Nuclear; Small Modular Reactor; High-Temperature Reactor; Industrial Process Heat; AI Data Center Power; Firm Clean Power,,SOSV (HAX),HAX Seed 2024,SOSV,http://zetta-joule.com,https://www.linkedin.com/company/zettajoule,,2024-01-01,year,
TopologiQ,,,Building microprocessors/supercomputers for real-time edge compute.,Dev Tools / Cloud,,,SOSV (HAX),HAX Seed 2026,SOSV,https://www.topologiq.ai/,https://www.linkedin.com/company/topologiq-inc,,2026-01-01,year,True
RB-Ware,,,"No-code robotic solutions for metalworking Robotics company building no-code, AI-powered systems that bring full autonomy to metal fabrication processes like welding, grinding, cutting, deburring, and polishing eliminating the need for programming.","Dev Tools / Cloud,Deeptech / Robotics / AR/VR",,,SOSV (HAX),HAX Seed 2026,SOSV,https://rb-ware.com/,https://www.linkedin.com/company/rbwinternational,,2026-01-01,year,True
Diamond Quanta,,,"Scalable engineered diamond platform for use across industries Diamond Quanta is revolutionizing the semiconductor industry with breakthrough diamond technology, unlocking high-value applications in electronic and quantum technologies.",Climate / Sustainability,Manufacturing & Energy,,SOSV (HAX),HAX Seed 2026,SOSV,https://diamondquanta.com,https://www.linkedin.com/company/diamond-quanta,,2026-01-01,year,True
Kenyi Technologies,$1 Million,Pre-Seed,Developing an Edge Infrastructure platform that enables the use of Cloud Native SW stacks Kenyi Technologies is driving the future of Edge Infrastructure.,Dev Tools / Cloud,AI & Machine Learning; Data & Information Tech,Vincent Loncke,SOSV (HAX),HAX Seed 2026,SOSV,https://kenyitech.com,https://www.linkedin.com/company/kenyi-technologies,,2026-01-01,year,True
Upright,400000,,"Plant-based goods to nourish our world Upright has created the world’s first protein-rich, allergen-free, instant vegan oat milk option with double the protein of other oat milks.","Climate / Sustainability,BioTech",Alt Protein; Climate Tech; Future Food; Nutrition & Wellness,Betty Tang,SOSV (IndieBio),IndieBio NY 03,SOSV,http://uprightoats.com,https://www.linkedin.com/company/uprightoats,,,,
Allied Microbiota,0,,"We use microbes to clean soil, turning brownfield into greenfield Allied Microbiota develops microbes to degrade environmental contaminants.",Climate / Sustainability,Climate Tech; Industrial & Research Tools; Industrial Bio; Sustainable Manufacturing,Lauralynn Kourtz,SOSV (IndieBio),IndieBio NY 01,SOSV,http://alliedmicrobiota.com,https://www.linkedin.com/company/allied-microbiota,,,,
Optimize Health,285000,Series A,"Remote care platform and services Optimize Health , a HAX portfolio company that provides device-agnostic Remote Patient Monitoring (RPM), Patient Engagement and Workflow software for front-line healthcare providers, recently launched a COVID-19…",Health,Digital Health; Healthcare; Human Health; Remote care,Todd Haedrich,SOSV,HAX Growth 03,SOSV,http://optimize.health,https://www.linkedin.com/company/arthurhealth,,,,
5QXT,"$450,000",,"Waste-to-value metal extraction from slags and battery waste using low-capex, low-water “Quantum Extraction” corrosion-based process.","Climate / Sustainability,Deeptech / Robotics / AR/VR",Manufacturing & Energy; Critical Minerals; Metal Recovery; Smelter Slag; Battery Recycling; Industrial Waste Remediation; Waste Valorization,Guillermo Teare,SOSV (HAX),HAX Seed 2025,SOSV,https://5qxt.com/,https://www.linkedin.com/company/5qxt,,2025-01-01,year,
Robotic Actuators Company,,,Digital hydraulic actuation for scalable mobile robots. RAC (Robotic Actuators Company) is building a scalable mobile robot platform powered by a battery-electric Digital Hydraulic Transmission (DHT) that targets electric-like efficiency with…,Deeptech / Robotics / AR/VR,Manufacturing & Energy,,SOSV (HAX),HAX Seed 2026,SOSV,,,,2026-01-01,year,True
Halltech B.V.,$1.5 Million,,Unlocking the next generation semiconductors HallTech is building the thin-film deposition platform that unlocks the next semiconductor nodes.,Deeptech / Robotics / AR/VR,Manufacturing & Energy,,SOSV (HAX),HAX Seed 2026,SOSV,https://www.halltech.nl,https://www.linkedin.com/company/halltechbv,,2026-01-01,year,True
VISION IV,$2 Million,Pre-Seed,"Development, manufacuring, and distribution of synthetic diamond for semiconductor, sensor, and quantum technology Our technology is specialized in producing high-quality diamond substrates that are the foundation for next-generation power…","Logistics / Supply Chain,Deeptech / Robotics / AR/VR",,,SOSV (HAX),HAX Seed 2025,SOSV,http://visioniv.co.jp,https://www.linkedin.com/company/vision-iv,,2025-01-01,year,
VeruStruct,$2.29 Million,,"At Verustruct, we believe everyone deserves a Safe, Affordable, and Sustainable Homes Verustruct is committed to building housing that’s better, faster, and cheaper to make homes accessible for everyone.","Deeptech / Robotics / AR/VR,Climate / Sustainability",Industrial Equipment; Robotics,,SOSV (HAX),HAX Seed 2025,SOSV,http://verustruct.com,https://www.linkedin.com/company/impact3d-incorporated,,2025-01-01,year,
Terabora,"$500,000",,"Worm inspired digging for cheaper, greener heating TeraBora is a worm inspired digging robot for ground source heat pump installation in every home",,,,SOSV (HAX),HAX Seed 2025,SOSV,https://terabora.com/,https://www.linkedin.com/company/terabora,,2025-01-01,year,
Navlive,$4 Million,Pre-Seed,"NavLive creates accurate 2d and 3d models of buildings in real time for architect and construction professionals AEC industry is lagging in tech incorporation to do things faster, cheaper and with less wastage.",PropTech,,,SOSV (HAX),HAX Seed 2025,SOSV,http://navlive.ai,https://www.linkedin.com/company/navlive,,2025-01-01,year,
Cargo Robotics,$3.6 Million,Pre-Seed,"We’re automating the last mile starting with robotic cargo bay for delivery vehicles. About Cargo Robotics: Founded by two Stanford grads who took delivery jobs at UPS and FedEx after a delivery mishap, Cargo Robotics is building a robotic delivery…","Transportation / Mobility,Logistics / Supply Chain,Deeptech / Robotics / AR/VR",,,SOSV (HAX),HAX Seed 2024,SOSV,https://withcargo.com/,,,2024-01-01,year,
Sharper Sense,1700000,Pre-Seed,"Clarity When It Counts For high performers, a single misperception can cause serious injury and cost millions of dollars. Sharper Sense single-use neurostimulation patches enhance cognition and senses while worn, providing clarity when it counts.",Health,Healthcare,,SOSV (HAX),HAX Seed 2024,SOSV,https://www.sharpersense.com,https://www.linkedin.com/company/sharpersense,,2024-01-01,year,
InnSight Technology,"$270,000",,Leading the Future in Point of Care Diagnostics Our company is dedicated to translational research initiatives that will advance diagnostics and evaluation of eye and systemic disease.,Health,,,SOSV (HAX),HAX Seed 2024,SOSV,http://innsightech.com,https://www.linkedin.com/company/innsight-tech-inc,,2024-01-01,year,
Tessellate2d,300000,Pre-Seed,Tessellate 2D manufactures atomically perfect 2D semiconductors for the future of computation. Tessellate 2D manufactures the highest quality two-dimensional semiconductors for next generation transistors.,Deeptech / Robotics / AR/VR,,,SOSV (HAX),HAX Seed 2025,SOSV,http://tessellate2d.com,https://www.linkedin.com/company/tessellate-2d,,2025-01-01,year,
General Neuro Inc,,Pre-Seed,"Breaking boundaries with shared language. General Neuro (NeuroLingo) is building a closed-loop neurostimulation system paired with an AI-first, gamified language-learning app to accelerate second-language acquisition by boosting brain plasticity…","Health,Consumer",Consumer Devices; Healthcare,Luke Knoble,SOSV (HAX),HAX Seed 2025,SOSV,https://generalneuro.com,https://www.linkedin.com/company/generalneuro,,2025-01-01,year,
Bosonic,$1.04 Million,Pre-Seed,"Building the Engine of the Imagination Age where brilliant people and limitless compute condense to transform the world. By computing with the fundamental laws of nature, quantum systems will unlock solutions we can barely imagine today.",Dev Tools / Cloud,AI & Machine Learning; Data & Information Tech,,SOSV (HAX),HAX Seed 2025,SOSV,https://bosonic.us/,https://www.linkedin.com/company/bosonic-corporation,,2025-01-01,year,
Nabu Optical Systems,"$250,000",Pre-Seed,Pioneering optical lithography for next-generation chip manufacturing Unlock faster production and lower barriers with advanced semiconductor solutions.,"Climate / Sustainability,Deeptech / Robotics / AR/VR",Manufacturing & Energy,"Johnathan Traudt, Imad Agha",SOSV (HAX),HAX Seed 2025,SOSV,https://www.nabulitho.com/,https://www.linkedin.com/company/nabu-optical,,2025-01-01,year,
Chemshift Technologies,"2,000,000",Pre-Seed,More environmentally friendly lithium refining Chemshift Technologies is a Canadian cleantech business striving to transform the North American lithium value chain.,Climate / Sustainability,Manufacturing & Energy; Critical Minerals; Lithium Refining; Battery-Grade Lithium; Midstream Processing; Domestic Supply Chain,"Tyler Barry, Drew Moxon",SOSV (HAX),HAX Seed 2025,SOSV,https://chemshift.com,https://www.linkedin.com/company/chemshift,,2025-01-01,year,
Tenor Energy,"$270,000",Pre-Seed,Electrifying the hardest part of industry: separations Separations consume 15% of the world’s energy and still run on 1800s technology: boiling water off with fuel.,Climate / Sustainability,Energy; Manufacturing & Energy; Industrial Electrification; Separations; Brine Concentration; Lithium Processing; Zero-Liquid Discharge; Water Reuse,,SOSV (HAX),HAX Seed 2025,SOSV,http://tenor.energy,,,2025-01-01,year,
AIR Corp,,Pre-Seed,"Autonomous civil infrastructure inspection with combined hardware and software solution Air Corp is building an AI safety copilot for industrial worksites that continuously monitors operations, detects unsafe behaviors and conditions in real time,…","Dev Tools / Cloud,Transportation / Mobility,Deeptech / Robotics / AR/VR",,Jim La,SOSV (HAX),HAX Seed 2025,SOSV,https://aircorp.ai,https://www.linkedin.com/company/aircorporation,,2025-01-01,year,
Aspect Aerospace,"$500,000",Pre-Seed,"Access a constellation-in-a-box with low-cost, single-board satellites deployed from a host ""aircraft carrier"" on orbit. Aspect Aerospace is redefining how constellations are built and operated with a “single-board satellite” (SBS) platform that…","Dev Tools / Cloud,Transportation / Mobility,Climate / Sustainability,Deeptech / Robotics / AR/VR",Data & Information Tech; Manufacturing & Energy,Drew Russ,SOSV (HAX),HAX Seed 2025,SOSV,https://aspectaerospace.com,https://www.linkedin.com/company/aspect-aerospace,,2025-01-01,year,
Cortisys,,Pre-Seed,"Unlocking the potential Cortisys is building an automated, standalone neuromodulation platform to deliver mental healthcare at scale.",Health,Healthcare,Victor Souza,SOSV (HAX),HAX Seed 2025,SOSV,https://cortisys.fi/,https://www.linkedin.com/company/cortisys,,2025-01-01,year,
Surf Therapeutics,,Pre-Seed,"Non-Invasive, At-home Ultrasound Neuromodulation for Chronic Inflammatory Disorders. Surf Therapeutics, Inc. is a clinical-stage company pioneering the development of non-invasive ultrasound neuromodulation technologies to modulate immune-related…","Health,BioTech",Healthcare,Nishant Doctor,SOSV (HAX),HAX Seed 2025,SOSV,https://www.surftherapeutics.com/,https://www.linkedin.com/company/surf-therapeutics,,2025-01-01,year,
Juno Propulsion,,,Rocket propulsion technology with rotating detonation combustion enabling the next phase of humanity in space Juno Propulsion is pioneering rocket engines based on rotating detonation rocket engine (RDRE) — an approach with the potential to leapfrog…,Deeptech / Robotics / AR/VR,,Ariana Martinez,SOSV (HAX),HAX Seed 2025,SOSV,https://junopropulsion.com,https://www.linkedin.com/company/juno-propulsion,,2025-01-01,year,
WeatherXM,,Series A,Community-powered web3 weather network,"Climate / Sustainability,Web3 / Crypto,Consumer",Climate Tech; Industrial IoT,"Stratos Theodorou, Manolis Nikiforakis",SOSV,SOSV dlab 04,SOSV,https://weatherxm.com,https://www.linkedin.com/company/weatherxm,,,,
Materia Bioworks,635000,Pre-Seed,Empowering Companies to Launch Sustainable Products Materia Bioworks uses AI to help brands and manufacturers transition away from petroleum plastics.,Climate / Sustainability,AI & Machine Learning; Industrial Bio; Sustainable Manufacturing,"Michael Williamson, Hasitha Alwis, Kevin Eriksen, Rajan Manocha",SOSV (IndieBio),IndieBio NY 10,SOSV,http://materiabioworks.com,https://www.linkedin.com/company/materia-bioworks,,,,
5H45,"$800,000",,"Functionalized Biomaterials Dedicated to Haircare 5h45 is a biotechnology company reinventing how we style and care for hair. Founded by Lea Majerholc after a near-fatal reaction to a chemical straightening treatment, 5h45 was born to end the cycle…",Consumer,Consumer Bio; Industrial & Research Tools,,SOSV (IndieBio),IndieBio NY 10,SOSV,http://5h45.co,,,,,
Deep Root BioLabs,$1.02 Million,Pre-Seed,Rapidly Reprogramming Plants from the Inside Out Industrial pollution and mineral shortages have created an urgent need for sustainable cleanup and resource recovery.,Climate / Sustainability,AgTech; Industrial & Research Tools; Industrial Bio,,SOSV (IndieBio),IndieBio NY 2025 H2,SOSV,http://deeprootbio.com,https://www.linkedin.com/company/deep-root-biolabs,,2025-07-01,season,True
Moonlight Therapeutics,$3.3 Million,Series A,"Eliminating childhood allergies with at-home treatments Moonlight Therapeutics is developing MOON101, a clinical peanut allergy immunotherapy delivered via proprietary skin stamp.",BioTech,Therapeutics,,SOSV (IndieBio),IndieBio NY 2025 H2,SOSV,http://moonlighttx.com,https://www.linkedin.com/company/moonlight-tx,,2025-07-01,season,True
iOrgan Bio,$1.9 Million,Seed,"Supplying Cells to Improve the Human Condition iOrgan Bio is redefining how human cells are made by turning biology into an industrial, data-defined process.",Health,AI & Machine Learning; Healthcare,,SOSV (IndieBio),IndieBio NY 2025 H2,SOSV,http://iorgan.bio,https://www.linkedin.com/company/iorganbio,,2025-07-01,season,True
Forage Evolution,$1.875 Million,Pre-Seed,"The First Living Operating System Forage Evolution is building the next-generation workhorse for biotechnology. For decades, the field has relied on E. coli—a slow, manual system that limits how quickly scientists can design and test new biology.",Climate / Sustainability,Sustainable Manufacturing,,SOSV (IndieBio),IndieBio NY 10,SOSV,http://forageevo.com,https://www.linkedin.com/company/forage-evolution,,,,
Janus Labs,"$635,000",Pre-Seed,"Redefining the animal-human bond Animals can’t tell us when something is wrong, so they suffer in silence. Janus is changing that by listening directly to the brain.",Consumer,Consumer Bio; Consumer Devices,,SOSV (IndieBio),IndieBio NY 2025 H2,SOSV,http://www.januslabs.com,https://www.linkedin.com/company/januslabs,,2025-07-01,season,True
Primary Bioscience,"$705,000",Pre-Seed,"Unlocking biology: de novo protein sequencing Primary Bioscience is addressing one of biology’s biggest blind spots: we still can’t directly read proteins, the molecules that actually drive health and disease.",BioTech,AI & Machine Learning; Industrial & Research Tools,,SOSV (IndieBio),IndieBio NY 2025 H2,SOSV,https://primarybioscience.com/,https://www.linkedin.com/company/primary-bioscience,,2025-07-01,season,True
NOCEnergy,"$2,700,000",Pre-Seed,"Electrifying High Temperature Industrial Heat NOC Energy replaces fossil-fired process heat with clean electrified heat, cutting industrial customers’ exposure to fuel price volatility while adding demand flexibility and meeting decarbonization…","Climate / Sustainability,Deeptech / Robotics / AR/VR",Climate Tech; Manufacturing & Energy; Robotics; Industrial Heat Electrification; High-Temperature Heat; Thermal Energy Storage; Industrial Decarbonization; Cement; Glass,,SOSV (HAX),HAX Seed 2024,SOSV,https://www.nocenergy.com/,https://www.linkedin.com/company/nocenergy,,2024-01-01,year,
Circadian OS,$2.7 Million,Pre-Seed,Temporal intelligence for precision circadian therapies Circadian OS develops circadian intelligence to improve therapy outcomes using temporal biomarkers and multimodal temporal data.,Health,Healthcare,,SOSV (IndieBio),IndieBio NY 2025 H2,SOSV,http://circadian-os.com,https://www.linkedin.com/company/circadian-os,,2025-07-01,season,True
Klona Biotech,$1.4 Million,Pre-Seed,"Accessible, Scalable, Personalized Implants Klona Biotech is redefining reconstructive medicine with 3D-printed, personalized implants for mechanically demanding tissues like ligaments, tendons, and cartilage.","Health,BioTech",Computational Bio; Healthcare,"Kai Latham, Anne Behre",SOSV (IndieBio),IndieBio NY 2025 H2,SOSV,https://www.klonabiotech.com,https://www.linkedin.com/company/klona-biotech,,2025-07-01,season,True
Sable,$1.8 Million,Pre-Seed,Science-Backed Skincare for Fat Reduction Furthering the biotech and beauty industry by developing a line of slimming creams to target unwanted subcutaneous fat.,"CPG,Consumer",Consumer Bio; Consumer Packaged Goods,,SOSV (IndieBio),IndieBio NY 2025 H2,SOSV,http://sabletherapeutics.com,https://www.linkedin.com/company/sable-biobeauty,,2025-07-01,season,True
Anomer Bio,"$650,000",Pre-Seed,synthetic sugars to edit immunity and fibrosis Glycans are complex sugars that coat proteins and dictate how cells and tissues behave.,BioTech,Therapeutics,,SOSV (IndieBio),IndieBio NY 2025 H2,SOSV,https://anomer.bio/,https://www.linkedin.com/company/anomer-bio,,2025-07-01,season,True
Logos Research,,Pre-Seed,"AI agents grounded in formal verification, no hallucinations The infrastructure layer that anchors AI reasoning in mathematical certainty. Algorithms are synthesised from formal specifications and verified before deployment.",,AI & Machine Learning,Cris Salvi,SOSV (IndieBio),SOSV IBSF 25H2 2025,SOSV,https://www.logosresearch.ai/,https://www.linkedin.com/company/logosresearch,,2025-01-01,year,True
Inixi Bio,$1 Million,Pre-Seed,Stopping cancer at stage zero Inixi Bio is building tumor initiation inhibitors for patients with high cancer risk—like statins for cancer Most cancer drugs chase tumors after they appear.,"Health,BioTech",Biopharma; Healthcare; Human Health; Therapeutics,"Keaton Carano, Jonathan Spalding",SOSV (IndieBio),SOSV IBSF 25H2 2025,SOSV,http://inixi.bio,https://www.linkedin.com/company/inixi-bio,,2025-01-01,year,True
ReefStarter,"$300,000",Pre-Seed,ReefStarter: an ecological breakwater system We design coastal protection barriers that mimic the benefits of natural reef ecosystems.,Climate / Sustainability,Climate Tech; Industrial Equipment; Manufacturing & Energy; Materials,"Robert Weaver, Bridget Baumgartner",SOSV (IndieBio),SOSV IBSF 25H2 2025,SOSV,http://reefstarter.net,https://www.linkedin.com/company/reefstarter-inc,,2025-01-01,year,True
Augment Biologics,$1 Million,Pre-Seed,"AI-guided glycoprotein drug design with site-specific glycan writing Augment’s AI-guided GlycoTemplating platform writes glycans into biologics’ primary sequence with site-specific accuracy to improve efficacy, safety, durability, and manufacturing.",BioTech,AI & Machine Learning; Biopharma; Computational Bio; Human Health; Therapeutics,Ben Kellman,SOSV (IndieBio),SOSV IBSF 25H2 2025,SOSV,https://augmentbiologics.com,https://www.linkedin.com/company/augment-biologics,,2025-01-01,year,True
SuperCool Earth,"$600,000",Pre-Seed,"Ending Global Water Bankruptcy. With water scarcity accelerating across the globe, massively reshaping agricultural and energy landscapes, reliable precipitation has become a critical infrastructure play with venture-backed companies, government…","Climate / Sustainability,FinTech / Insurance",AgTech; Circular Economy; Climate Tech; Industrial Bio,"Michelle Grau, Dacia Leon",SOSV (IndieBio),SOSV IBSF 25H2 2025,SOSV,https://rethinkice.com/,https://www.linkedin.com/company/supercool-earth,,2025-01-01,year,True
FloUV,"$300,000",Pre-Seed,Revolutionizing beverage IndieBio has not seen a foodtech company take off this fast since we funded NotCo in 2017. FloUV makes UV-C sterilization systems that are 4x cheaper and draw 10x less electricity than existing systems.,"CPG,Climate / Sustainability",Circular Economy; Industrial Bio; Manufacturing & Energy; Sustainable Manufacturing,"Ankit Patras, Pankaj Uttarwar",SOSV (IndieBio),SOSV IBSF 25H2 2025,SOSV,http://flouv.us,https://www.linkedin.com/company/flouv,,2025-01-01,year,True
HyIvy Health,4731000,Pre-Seed,"Patient centric chronic pelvic pelvic pain therapy HyIvy is a medtech company that has already submitted an FDA 510(k) clearance, and has over 300 hospitals, GYNs, and PT clinics on their waitlist.",Health,Healthcare; Human Health; Medtech; Remote care; Women's Health,Rachel Bartholomew,SOSV (IndieBio),SOSV IBSF 25H2 2025,SOSV,http://hyivy.com,https://www.linkedin.com/company/hyivy-health,,2025-01-01,year,True
Gilly,"$300,000",Pre-Seed,"Better, cheaper animal feed In the $600 Billion commodity animal feed market, farmers are being squeezed from all angles. As feed prices continue to rise, they are desperate for solutions to lower their input costs while still maintaining animal…","Climate / Sustainability,BioTech,Logistics / Supply Chain",AgTech; Alt Protein; Climate Tech; Food Supply Chain Solutions; Industrial Bio,"Vincent Wu, Bo Xu",SOSV (IndieBio),SOSV IBSF 25H2 2025,SOSV,http://gillybio.com,https://www.linkedin.com/company/gillybio,,2025-01-01,year,True
Metabolize,"$500,000",Pre-Seed,"Sustainable Weight and Metabolic Health - For Everyone, Everywhere Metabolize’s NatLean is a precision metabolite designed to restore natural satiety signaling after GLP-1 medications fade.","CPG,Climate / Sustainability,Consumer",Consumer Bio; Consumer Packaged Goods; Human Health; Nutrition & Wellness,"Gideon Meir, Morris Laster",SOSV (IndieBio),SOSV IBSF 25H2 2025,SOSV,http://metabolize.life,https://www.linkedin.com/company/metabolize-life,,2025-01-01,year,True
California Perovskite Technology Inc. (CPTI),"$920,000",Pre-Seed,"CPTI transforms surfaces into power sources with world-best perovskite films. As the physical world becomes smarter with AI onboard, it means every electronic device, every sensor, and every robot will run algorithms at the edge.","Climate / Sustainability,Deeptech / Robotics / AR/VR,Gaming / Media / Entertainment",Climate Tech; Energy; Hard Tech; Industrial IoT; Manufacturing & Energy; Materials,"Vivian Qu, Josh Douglas",SOSV (IndieBio),SOSV IBSF 25H2 2025,SOSV,http://cpti.co,https://www.linkedin.com/company/california-perovskite-technology-inc,,2025-01-01,year,True
Gynius,,Pre-Seed,"Bridging gaps, empower lives Gynius Plus AB is a Swedish medtech company pioneering accessible, high-quality solutions for women’s health.",,,,SOSV (HAX),HAX Seed 2025,SOSV,http://gynius.se,https://www.linkedin.com/company/gynius-plus-ab-sweden,,2025-01-01,year,
Lambda Agri,1500000,Pre-Seed,Red-light additives for greenhouses Lambda increases greenhouse crop yields and quality by up to 20% by converting excess UV in sunlight to useful red light for photosynthesis.,"Climate / Sustainability,Logistics / Supply Chain",AgTech; Climate Tech; Energy; Food Supply Chain Solutions; Materials,Monica Saavedra,SOSV (IndieBio),SOSV IBSF 25H2 2025,SOSV,http://www.Lambda.Energy,https://www.linkedin.com/company/lambda-agri,,2025-01-01,year,True
Terra Fusion Energy,"$1,500,000",Seed,"Design and build fusion power cores Bringing fusion energy to the grid, at a cost 10x cheaper than the competition",Climate / Sustainability,Manufacturing & Energy; Fusion Energy; Centrifugal Mirror; Magnetic Mirror; Plasma Physics; Firm Clean Power,Carlos Romero Talams,SOSV (HAX),HAX Seed 2024,SOSV,https://www.tf.energy,https://www.linkedin.com/company/terra-fusion-energy-corporation,,2024-01-01,year,
Cephia,,,"Reimagining vision. Redefining sensing. Cephia AI is co-founded by world-class researchers in computational imaging and AI. the research has been highlighted by Optics & Photonics News as breakthroughs in optics and featured in international media,…",,,,SOSV (HAX),HAX Seed 2024,SOSV,http://cephia.ai,https://www.linkedin.com/company/cephia-ai,,2024-01-01,year,
HabitAware,,Pre-Seed,Retrain your brain with our smart bracelet for compulsive behaviors HabitAware makes an awareness bracelet to prevent face touching. Its Keen bracelet uses machine learning to recognize hand gestures in real time.,"Deeptech / Robotics / AR/VR,Consumer",Consumer Devices; Hard Tech; Human Health; Remote care,"John Pritchard, Aneela Idnani Kumar, Kirk Klobe, Sameer Kumar",SOSV (HAX),HAX 08,SOSV,http://habitaware.com,https://www.linkedin.com/company/liv,,,,
smartAC.com,18000000,Series A,"HVAC remote fault detection and diagnosis SmartAC.com is reimagining HVAC memberships for the modern era. By combining connected technology, contractor enablement, and a homeowner-first experience, SmartAC.com helps contractors accelerate membership…","Climate / Sustainability,Health,Consumer",Climate Tech; Consumer Devices,"Andrew Parks, Josh Teekell",SOSV (HAX),HAX Growth 02,SOSV,http://smartAC.com,https://www.linkedin.com/company/smartac-com-inc,,,,
RAWGA,$7.9M,,"Beyond Ordinary : Innovating the Future of Premium Wellness RAWGA is a next-generation Bio-Deeptech company pioneering the future of anti-aging. Our story began from the ground, rooted in the essentials of food and nature.",Climate / Sustainability,Nutrition & Wellness; Sustainable Manufacturing,"Peter Ha, Raw Kim, Boosik Jang",SOSV (IndieBio),SOSV Portfolio: Po Bronson,SOSV,http://rawga.com,https://www.linkedin.com/company/rawga-inc,,,,
Post Translational Medicines,500000,Pre-Seed,Building the world’s first Aging Atlas Post Translational Medicines (PTM) is pioneering a new paradigm in drug discovery by systematically targeting the dynamic regulatory layer of biology that exists beyond the genome and proteome: the Dark…,"Health,BioTech",Biopharma; Computational Bio; Healthcare; Human Health; Therapeutics,"Kevin Scott, Bryan Ngo",SOSV (IndieBio),SOSV IBSF 25H2 2025,SOSV,https://ptmedicines.com,,,2025-01-01,year,True
Flovision,,Series A,"Modular AI station providing real-time control, feedback, and analytics FloVision Solutions provides modular AI systems that measure yield and quality at production speed, then enable real-time control and operator guidance.",Data & Analytics,,,SOSV (IndieBio),SOSV Portfolio: Po Bronson,SOSV,https://flovisionsolutions.com/,https://www.linkedin.com/company/flovisionsolutions,,,,
Lios,900000,Seed,"For a quieter world Lios is building a quieter world for tomorrow—eradicating noise pollution and avoidable hearing damage. We use advanced technology to eliminate the noise pollution of our modern world with SoundBounce, a game-changing innovation…",Climate / Sustainability,Sustainable Manufacturing,"Eimear Carroll, Rhona Togher",SOSV,SOSV Portfolio: Bill Liao,SOSV,https://www.lios-group.com,https://www.linkedin.com/company/liosgroup,,,,
Blaze Energy,Prefer to not disclose publicly at this time,Pre-Seed,"We turn internal combustion engines into powerful tools for decarbonization. Blaze Energy transforms existing engines to run on zero- or low-carbon fuels like ammonia, with minimal retrofitting.",Climate / Sustainability,Manufacturing & Energy; Maritime Decarbonization; Alternative Fuels; Fuel Reforming; Flex-Fuel Engines; Ammonia Fuel; Methanol Fuel; LNG; Engine Retrofit,,SOSV (HAX),HAX Seed 2024,SOSV,https://blazeenergytech.com,https://www.linkedin.com/company/blaze-energy-technologies,,2024-01-01,year,
YPlasma,$3.25 Million,Seed,"Empowering efficiency through plasma innovation YPlasma, a spin-off from INTA, develops advanced plasma actuators for precise ionic flow control, with applications spanning deicing, cooling, disinfection, aerodynamics, electro-stimulation, and…",Climate / Sustainability,Energy; Manufacturing & Energy,Mario Sanchez,SOSV (HAX),HAX Seed 2024,SOSV,https://www.yplasma.tech,https://www.linkedin.com/company/yplasma,,2024-01-01,year,
Nascent Materials,"$2,700,000",Seed,Powering the energy transition with next-generation cathode materials The U.S. lithium-ion battery industry is at a critical inflection point. More than 90% of cathode materials are produced in Asia—creating a massive cost and security gap in U.S.,Climate / Sustainability,Climate Tech; Energy; Manufacturing & Energy; Materials; Battery Materials; Cathode Materials; Lithium Iron Phosphate; Energy Storage; Domestic Supply Chain,,SOSV (HAX),HAX Seed 2024,SOSV,https://www.nascentmaterials.com,https://www.linkedin.com/company/nascent-materials,,2024-01-01,year,
Windfall Bio,,,Naturally transforming methane into organic fertilizer Harnessing methane-eating microbes to transform harmful GHG methane into organic soil nutrients on-site,Climate / Sustainability,Manufacturing & Energy,Josh Silverman,SOSV (HAX),HAX 2022,SOSV,https://windfall.bio,https://www.linkedin.com/company/windfallbio,,2022-01-01,year,
Cauldron,,Series A,Continuous hyper-fermentation unlocks price parity for mainstream biomanufactured goods Cauldron develops hyper-fermentation technology for precision fermentation to achieve cost parity with mainstream biomanufactured goods.,Climate / Sustainability,Climate Tech; Future Food; Sustainable Manufacturing,,SOSV,SOSV Portfolio: Sean O'Sullivan,SOSV,http://cauldronferm.com,https://www.linkedin.com/company/cauldron-ferm,,,,
Hoofprint Biome,,Seed,Hoofprint Biome represents a new paradigm in solving methane emissions from cattle. The vast majority of solutions to solve methane emissions from cattle deploy chemicals.,Climate / Sustainability,,"Evan Savell, Scott Collins, Kathryn Polkoff",SOSV (IndieBio),IndieBio SF 13,SOSV,https://www.hoofprintbiome.com/,https://www.linkedin.com/company/hoofprint-biome,,,,
Namu Robotics,765000,Pre-Seed,"AI-driven autonomous robotics for large-scale, data-verified reforestation [Test Update] Our company is a technology focused company that combines hardware, software and AI to build solutions to help customers in the forestry with their biggest…","Deeptech / Robotics / AR/VR,Transportation / Mobility",Robotics,Jesper Voois,SOSV (HAX),HAX Seed 2024,SOSV,http://namurobotics.ai,https://www.linkedin.com/company/namu-robotics,,2024-01-01,year,
Benerg,275000,Pre-Seed,Building scale biogas technology that converts food waste into energy highly efficiently. Benerg is an innovative renewable energy company that produces electricity from food waste with unprecedented efficiency.,Climate / Sustainability,Manufacturing & Energy,,SOSV (HAX),HAX Seed 2024,SOSV,https://benerg.io,https://www.linkedin.com/company/benerg,,2024-01-01,year,
XEra Energy,1,Pre-Seed,"Redefining the Destiny of Minerals Used in Batteries and Beyond XEra Energy Inc. (San Francisco, 2024) reclaims critical minerals, like Ni and Li, from batteries or ore concentrates using innovative hydro-separation and purification process,…",Climate / Sustainability,Manufacturing & Energy; Critical Minerals; Nickel Refining; Battery Recycling; Hydrometallurgy; Battery Materials; Domestic Supply Chain,,SOSV (HAX),HAX Seed 2024,SOSV,http://xeraenergy.com,https://www.linkedin.com/company/xeraenergy,,2024-01-01,year,
Serene Sleep,865000,Pre-Seed,"Solving snoring and sleep apnea with a simple, in-office 15-minute procedure. Serene Sleep is like Invisalign for snoring and sleep apnea.",Health,Healthcare,,SOSV (HAX),HAX Seed 2024,SOSV,http://serenesleep.io,https://www.linkedin.com/company/serene-sleep,,2024-01-01,year,
Flux Climate Tech,435000,Pre-Seed,Our elevator tech increases owners’ ROI by 25% and reduces global emissions by 300 Mt/y. In 2030 property owners will pay $120 billion every year for the electricity consumed by their elevators.,Climate / Sustainability,Industrial Equipment; Manufacturing & Energy,"Amon Tavor, Haggai Borkow",SOSV (HAX),HAX Seed 2024,SOSV,,,,2024-01-01,year,
Chronos DX,"$225,000",Pre-Seed,Giving people more time. ChronosDx is building a new bioassay platform technology for drug assays on in vitro cell models and non-invasive diagnostics on body fluids.,Health,Healthcare; Human Health,"Ella Mi, James Tyrrell",SOSV (HAX),HAX 2022,SOSV,http://chronosdx.co.uk,https://www.linkedin.com/company/chronosdx,,2022-01-01,year,
Gemma Robotics,$1.6 Million,Pre-Seed,The first autonomous makeup application robot Gemma is an autonomous makeup application robot that helps busy individuals achieve professional makeup looks in minutes.,"Transportation / Mobility,Deeptech / Robotics / AR/VR",,,SOSV (HAX),HAX Seed 2024,SOSV,http://www.gemmarobotics.com,https://www.linkedin.com/company/beautai,,2024-01-01,year,
Navion Energy,300000,Pre-Seed,"Sodium-ion batteries: 100% US supply chains, 50% the cost of lithium, 0% critical minerals Navion Energy specializes in advanced sodium-ion battery technology that offers efficient, cost-effective, and eco-friendly energy solutions.","Logistics / Supply Chain,Climate / Sustainability",Manufacturing & Energy; Sustainable Manufacturing,,SOSV (HAX),HAX Seed 2024,SOSV,https://navion.energy/,https://www.linkedin.com/company/navion-energy,,2024-01-01,year,
Danu Robotics,"$1,500,000",Pre-Seed,"We develop AI guided multi-picker robotic sorting system. Danu Robotics offers an AI-guided multi-picker robotic sorting system to fully automate waste sorting processes, increasing efficiency and revenue for recycling facilities.",Deeptech / Robotics / AR/VR,Robotics; Physical AI; Robotic Sorting; Computer Vision; Recycling; Material Recovery; Waste Management; Circular Economy,,SOSV (HAX),HAX Seed 2024,SOSV,https://danurobotics.com/,https://www.linkedin.com/company/danu-robotics,,2024-01-01,year,
Hidrogenics,"$250,000",Pre-Seed,Building next-gen pyrolysis reactor to produce CO2-free hydrogen & value-added carbon. Hidrogenics solves the problem of current methane pyrolysis technology which is the production of low value carbon product (mostly carbon black).,Climate / Sustainability,Manufacturing & Energy; Sustainable Manufacturing,"Negeen Zara, Moha Shahjamali",SOSV (HAX),HAX Seed 2024,SOSV,http://hidrogenics.com,https://www.linkedin.com/company/hidrogenics,,2024-01-01,year,
SynPlexity,580000,Seed,Printing DNA sequences that are longer and at a cheaper price point. SynPlexity prints massively parallel amounts of DNA sequences – longer and cheaper than anything else.,,Industrial & Research Tools,"Calin Plesa, Samuel Hinton",SOSV (IndieBio),IndieBio SF 16,SOSV,https://synplexity.com,https://www.linkedin.com/company/synplexity,,,,
Phytogenesis,3200000,Seed,"Increasing yields and grower profitability with broad spectrum innate plant defense activation Commercializing newly discovered molecules that induce innate plant defense mechanisms with the goal of greatly reducing, or even eliminating, the need…","Climate / Sustainability,Logistics / Supply Chain,Deeptech / Robotics / AR/VR",AgTech; Food Supply Chain Solutions,,SOSV (IndieBio),IndieBio SF 16,SOSV,https://www.phytogenesis.com,https://www.linkedin.com/company/phytogenesis,,,,
Minutia,6900000,Series A,"In vivo monitored insulin-producing cell transplants for diabetes; A functional cure for Type I Diabetes which does not require systemic immunosuppressants or an invasive transplant procedure, plus built-in safety monitoring and kill switch…",BioTech,Therapeutics,,SOSV (IndieBio),IndieBio SF 16,SOSV,https://www.minutia.co,https://www.linkedin.com/company/minutiainc,,,,
Metabolic Psychiatry Labs,$1.5 Million,Seed,"Metabolism-driven mental health care, personalized and remote Metabolic Psychiatry Labs delivers integrated mental health care that targets root metabolic drivers like insulin resistance, inflammation, and nutrition.",Health,Digital Health; Healthcare,,SOSV (IndieBio),IndieBio SF 16,SOSV,https://metabolicpsychiatrylabs.com,https://www.linkedin.com/company/metabolic-psychiatry-labs,,,,
Fermeate,"$450,000",Seed,"Transforming economics of microbial biomanufacturing using light Biomanufacturing holds exceptional promise to replace unsustainable manufacturing methods in a plethora of industries, yet so far very few biomanufacturing processes have proven…",Climate / Sustainability,Manufacturing & Energy,Kevin Xu,SOSV (IndieBio),IndieBio SF 16,SOSV,https://fermeate.com,https://www.linkedin.com/company/fermeate,,,,
DisperseBio,"$300,000",Seed,Nature-inspired peptide coatings that prevent biofouling Peptide-based solution that disrupts the growth of biofilms by activating the microbe’s natural self biofilm dispersion pathway,,Industrial & Research Tools,Bruno Grandsard,SOSV (IndieBio),IndieBio SF 16,SOSV,https://blueconomy-il.com/company/dispersebio/,https://www.linkedin.com/company/dispersebio,,,,
Antarka,4250000,Seed,"enzyme for uv damage, cosmetic ingredient Antarka is redefining skincare with next-generation enzymes, specialized in repairing DNA damage caused by UV radiation.",CPG,Nutrition & Wellness,"Juan Jose Marizcurrena, Celica Cagide, Betania Martinez",SOSV (IndieBio),IndieBio SF 16,SOSV,https://www.antarka.bio,https://www.linkedin.com/company/antarka,,,,
Ceal,8000000,Seed,"Ceal is a carbon dioxide removal company paving the way for a Net-Zero environment Ceal, a carbon dioxide removal (CDR) company, is paving the way for a Net-Zero environment using the most energy-efficient technology ready to scale.",Climate / Sustainability,Manufacturing & Energy,,SOSV (IndieBio),IndieBio SF 16,SOSV,https://ceal.earth,https://www.linkedin.com/company/ceal-minerals,,,,
Kaio Labs,,Pre-Seed,Accelerating Modular CO2-to-Chemicals Technology Kaio Labs develops carbon dioxide (CO2) conversion technologies that enable point-source conversion of waste emissions into value-added chemicals.,Climate / Sustainability,Climate Tech; Energy; Manufacturing & Energy; Materials,,SOSV (HAX),HAX Seed 2024,SOSV,https://kaiolabs.com/,https://www.linkedin.com/company/kaiolabs,,2024-01-01,year,
Mothership Materials,"$600,000",Seed,"Ag waste to power the bioeconomy Capturing new ingredients by molecularly upcycling agricultural waste, paving the way for a sustainable, circular, and traceable bioeconomy.",Climate / Sustainability,Sustainable Manufacturing,"Jo Marini, Agnes Ostafin",SOSV (IndieBio),IndieBio NY 09,SOSV,https://www.mothershipmaterials.com,https://www.linkedin.com/company/mothershipmaterials,,,,
Tastee Tape,"$275,000",Pre-Seed,"Truly sustainable packaging, even edible Tastee Tape is reducing the 13 billion lbs of packaging film with a bio-based, health-conscious, affordable option.",Climate / Sustainability,Sustainable Manufacturing,Marie Eric,SOSV (IndieBio),IndieBio NY 08,SOSV,https://www.tasteetape.com/,https://www.linkedin.com/company/tastee-tape,,,,
Giraffe Bio,"$1,136,000",Seed,Upcycling Critical Minerals Data-driven biomolecular design to boost the efficiency and sustainability of mining for critical minerals.,Climate / Sustainability,Sustainable Manufacturing,Alejandro Sempe,SOSV (IndieBio),IndieBio NY 09,SOSV,https://www.giraffe-bio.com,https://www.linkedin.com/company/giraffe-bio,,,,
Semion,"$475,000",Pre-Seed,Restoring crops' ability to defend against pests Activating plant defense mechanisms silenced during the process of domestication to develop novel pest control solutions.,Climate / Sustainability,AgTech,"Emilio Molina, Alejandro Sebastian Forlin",SOSV (IndieBio),IndieBio NY 09,SOSV,https://semionbio.com,https://www.linkedin.com/company/semionbio,,,,
NanoPlume,"$705,000",Seed,"Bio-based super insulation Manufacturing the next generation of ultra-insulating, affordable, bio-based aerogels to maximize energy efficiency across multiple industries.",Climate / Sustainability,Sustainable Manufacturing,Theresa Hoffmann,SOSV (IndieBio),IndieBio NY 09,SOSV,http://nanoplume.com,https://www.linkedin.com/company/nanoplume,,,,
Bactery,"$275,000",Seed,"Green energy, right at your feet Capturing green energy generated by bacteria found in soil for remote sensors and IoT devices.",Climate / Sustainability,AgTech; Manufacturing & Energy,Jakub Dziegielowski,SOSV (IndieBio),IndieBio NY 09,SOSV,http://www.bactery.co.uk,https://www.linkedin.com/company/bactery-ltd,,,,
Capro-X,"$975,000",Seed,"Capro-X is an ag-tech company that improves the sustainability in the dairy industry. Companies working in precision fermentation have ambitious plans to upcycle organic waste, but most struggle with high costs and poor scalability.",Climate / Sustainability,,"Juan Guzman, Paul Lee",SOSV (IndieBio),IndieBio 09,SOSV,https://capro-x.com,https://www.linkedin.com/company/capro-x-inc,,,,
Quorum Earth,"$800,000",Seed,Biopesticides made from fungi Using the power of the fungal kingdom to develop non-toxic biopesticides to save the bees.,Climate / Sustainability,AgTech,Chris Kantrowitz,SOSV (IndieBio),IndieBio NY 09,SOSV,https://www.quorumearth.com,https://www.linkedin.com/company/quorum-earth,,,,
Tinkeso Therapeutics,"$500,000",Seed,"Off-the-shelf NKT cell therapies for cancer and immunity Tinkeso Therapeutics develops off-the-shelf, allogeneic Natural Killer T (NKT) cell therapies for cancers and immune-mediated disorders.",BioTech,Therapeutics,Emmie Fan,SOSV (IndieBio),IndieBio NY 09,SOSV,https://tinkeso.com/,https://www.linkedin.com/company/tinkeso-therapeutics,,,,
heXembio,$9.5 Million,Seed,Rejuvenating Human Blood Cells for Improved Healthspan HexemBio rejuvenates aged hematopoietic stem cells to improve immune function and bone marrow transplant outcomes for hematological malignancies and overall healthspan expansion.,BioTech,Therapeutics,"Joshua Hislop, Samira Kiani",SOSV (IndieBio),IndieBio NY 09,SOSV,https://www.hexemb.io,https://www.linkedin.com/company/hexembio,,,,
Asta Bio,450000,Pre-Seed,"Reimagining Cancer Treatment with Targeted Radiotherapy Our technology combines 211-Astatine, the most druggable alpha-emitting radioisotope, with multivalent single-domain antibodies to deliver potent alpha radiation that breaks DNA strands and…","BioTech,Health",Therapeutics,Ahmad Reza Saadat,SOSV (IndieBio),IndieBio NY 09,SOSV,https://www.astabiotx.com,https://www.linkedin.com/company/asta-bio-tx,,,,
BioSapien Inc.,248000,Seed,"Targeted cancer drug delivery with a tiny patch. BioSapien develops MediChip™, a biocompatible 3D-printed drug-delivery patch that attaches directly to tissue to deliver targeted chemotherapy to tumors.","BioTech,Logistics / Supply Chain",Human Health; Medtech; Therapeutics,Khatija Ali,SOSV,IndieBio RebelBio 08,SOSV,http://biosapien.com,https://www.linkedin.com/company/biosapieninc,,,,
Sodex Innovations,$1 Million,Pre-Seed,Sodex Innovations provides a real-time digital twin of construction sites. Sodex Innovations is active in the construction industry and improves digitalization by installing advanced systems on construction machines.,PropTech,Industrial Equipment; Industrial IoT,Ralf Pfefferkorn,SOSV (HAX),HAX Seed 2024,SOSV,https://sodex-innovations.com/,https://www.linkedin.com/company/sodex-innovations,,2024-01-01,year,
Project K Energy,"$500,000",Pre-Seed,"We are experts in the design of new battery chemistries. Project K is developing potassium-ion batteries for fast-charging electric vehicles and affordable stationary storage while eliminating lithium, cobalt, nickel, and copper.",Climate / Sustainability,Manufacturing & Energy; Sustainable Manufacturing; Potassium-Ion Batteries; Lithium-Free; Fast Charging; Energy Storage; AI Data Center Power; EV Batteries,"Sam Wheeler, Kevin Hurlbutt",SOSV (HAX),HAX Seed 2024,SOSV,https://projectk.energy/,https://www.linkedin.com/company/project-k-energy,,2024-01-01,year,
Level Zero Health,"$375,000",Pre-Seed,Level 0 Health is creating the new default for hormone measurement and tracking. Level Zero is a biotech company is creating the new default for measuring and tracking hormones.,Health,Healthcare,,SOSV (HAX),HAX Seed 2024,SOSV,https://levelzerohealth.com,https://www.linkedin.com/company/level-zero-health,,2024-01-01,year,
Stream Genomics,"$525,000",Seed,Sequencing for everyone Transforming next generation sequencing into commoditized market with ultrafast and affordable technology..,BioTech,Industrial & Research Tools,Bojan Obradovic,SOSV (IndieBio),IndieBio SF 15,SOSV,https://stream-genomics.com/,https://www.linkedin.com/company/stream-genomics,,,,
BugBiome,700000,Seed,"Biopesticides from the microbiome At BugBiome, our mission is to create safer pest control solutions by harnessing natural microbiomes through our high-throughput screening platform.",Climate / Sustainability,AgTech,Alicia Showering,SOSV (IndieBio),IndieBio NY 08,SOSV,https://bugbiome.com/,https://www.linkedin.com/company/bugbiome,,,,
Nutrition from Water,3600000,Seed,"Affordable, natural nutrition from pristine waters Founded in 2020 in New Zealand, Delaware-incorporated and Portugal-headquartered biotechnology company Nutrition from Water (NXW) utilizes microalgae biotechnology to create highly nutritious, non…",,Future Food,"Alex Worker, Hamish Howard, Toby Lane",SOSV (IndieBio),IndieBio SF 15,SOSV,https://newfish.co.nz/,https://www.linkedin.com/company/newfishnz,,,,
Athos,275000,Pre-Seed,Leveraging the power of microbes to facilitate carbon capture at the pace needed to protect the planet.,,Industrial & Research Tools,Gabriel Villar,SOSV (IndieBio),IndieBio NY 08,SOSV,https://www.athos.bio,https://www.linkedin.com/company/athos-bioindustries,,,,
MIMiC Systems,"$1,800,000",Seed,"Solid-state heating and cooling systems at a building scale Heating and cooling make up the majority of energy consumption in buildings, representing over 40% of energy-related greenhouse gas (GHG) emissions.",Climate / Sustainability,Manufacturing & Energy; Solid-State Heating & Cooling; Thermoelectrics; Heat Pumps; Refrigerant-Free HVAC; Building Decarbonization; Power Electronics,"Theodorian Borca-Tasciuc, Berardo Matalucci",SOSV (HAX),HAX Seed 2023,SOSV,http://mimic.systems,https://www.linkedin.com/company/mimic-systems,,2023-01-01,year,
Silana,1200000,Seed,"Revolutionizing the Fashion Industry with Deep Tech Robotics Fashion is the second most polluting industry on the planet, trumped only by the oil and gas industry.","Deeptech / Robotics / AR/VR,Consumer",Robotics; Physical AI; Sewing Automation; Textile Robotics; Garment Manufacturing; Reshoring; Apparel,"Anton Wohlgemuth, Michael Mayr, Michael Hofmannrichter",SOSV (HAX),HAX Seed 2023,SOSV,http://wearesilana.com,https://www.linkedin.com/company/silana,,2023-01-01,year,
AtoMe,"$1,650,000",Seed,"Developing enhanced-performance materials for metal additive manufacturing To support a world desperately seeking clean energy, materials innovation needs to match the pace of design innovation.",Climate / Sustainability,Manufacturing & Energy; Advanced Alloys; Metal Additive Manufacturing; Nickel Superalloys; Extreme Environments; Oil & Gas; Aerospace; Nuclear Materials,Alexander O’Brien,SOSV (HAX),HAX Seed 2023,SOSV,http://atome.us,https://www.linkedin.com/company/atome-powder,,2023-01-01,year,
Canyon Magnet,500000,Seed,"CME is a HTS magnet innovator and manufacturer to revolutionize the magnet industry. As we look toward to 2050, global energy needs will be doubled.","Deeptech / Robotics / AR/VR,Climate / Sustainability",Manufacturing & Energy; Robotics; Superconducting Magnets; Superconductors; Fusion Supply Chain; Quantum Computing; AI Data Center Power; Cryogenics; Superconducting Energy Storage,,SOSV (HAX),HAX Seed 2024,SOSV,http://www.canyonmagnet.energy,https://www.linkedin.com/company/canyon-magnet,,2024-01-01,year,
Hyperlume,$1.2 Million,Seed,"Enabling technology for scalable green data transfer. AI is already creating a huge electricity burden, with data centres that today consume more electricity than Western countries like the UK, and this is set to grow exponentially.",,Industrial IoT,,SOSV (HAX),HAX Seed 2023,SOSV,https://www.hyperlume.com,https://www.linkedin.com/company/hyperlume-inc,,2023-01-01,year,
3DK Tech,400000,Pre-Seed,"Disrupting the additive manufacturing industry. Metal additive manufacturing has traditionally been confined to prototyping, hindered by the mechanical properties and low reliability of printed parts, which rendered them unsuitable for direct…","Deeptech / Robotics / AR/VR,Climate / Sustainability",Manufacturing & Energy; Robotics,,SOSV (HAX),HAX Seed 2023,SOSV,https://www.3dktech.com/,https://www.linkedin.com/company/3dktech,,2023-01-01,year,
Qnetic,9100000,Seed,Qnetic revolutionises the energy capacity and cost of flywheel energy storage systems. Meeting decarbonization targets necessitates the development of substantial grid-scale storage solutions that can charge and discharge twice a day.,"Dev Tools / Cloud,Climate / Sustainability",Manufacturing & Energy; Flywheel Energy Storage; Long-Duration Energy Storage; Grid-Scale Storage; Lithium-Free; AI Data Center Power; Grid Resilience,,SOSV (HAX),HAX Seed 2023,SOSV,https://www.qnetic.energy/,https://www.linkedin.com/company/qnetic,,2023-01-01,year,
Mesa Quantum,,Seed,"Revolutionizing navigation with chip-scale quantum sensors GPS stands as one of the most remarkable innovations of our era, transcending its use case as navigation tool to become the global reference for time.",Deeptech / Robotics / AR/VR,Industrial IoT; Robotics,,SOSV (HAX),HAX Seed 2023,SOSV,http://mesaquantumsystems.com,https://www.linkedin.com/company/mesa-quantum,,2023-01-01,year,
Terran Robotics,900000,Seed,"Turning dirt into affordable homes The United States is grappling with a significant housing shortage, with the rate of new home construction still trailing behind the pre-2008 financial crisis levels.",Deeptech / Robotics / AR/VR,Robotics; Physical AI; Construction Robotics; Adobe Construction; Housing Affordability; Low-Embodied Carbon; Built Environment,,SOSV (HAX),HAX 2022,SOSV,http://terranrobotics.ai,https://www.linkedin.com/company/terran-robotics,,2022-01-01,year,
BioLattice,1000000,Seed,Revolutionizing Tissue Repair BioLattice is on a mission to end corneal blindness. Only 1 in 70 patients who need cornea tissue get access to it.,,Medtech,Linda Alunkal,SOSV (IndieBio),IndieBio NY 08,SOSV,https://biolatticetech.com,https://www.linkedin.com/company/biolattice,,,,
Oxyle,9000000,Seed,"Permanently eliminate hardest-to-treat PFAS from wastewater Oxyle engineers PFAS destruction systems that permanently eliminate PFAS from wastewater, including the toughest-to-treat short- and ultrashort-chain compounds.",Climate / Sustainability,Sustainable Manufacturing,,SOSV (IndieBio),IndieBio SF 10,SOSV,https://www.oxyle.com/,https://www.linkedin.com/company/oxyle-ag-8215,,,,
California Organic,,Series A,World's first green ammonia that is California-certified organic California Organic makes the world’s first green ammonia that is California-certified organic.,Climate / Sustainability,AgTech,Tim Stemwedel,SOSV (IndieBio),SOSV Portfolio: Po Bronson,SOSV,https://organicag.com/,https://www.linkedin.com/company/california-orgainc-fertilizers-inc.,,,,
Cereswaves,"$500,000",Seed,"World's first ""electrofertilzer"" -- boosting crop and animal growth and health Cereswaves’ revolutionary Energy Pang device delivers the world’s first “electrofertilizer,” boosting crop and animal health and growth.",Climate / Sustainability,AgTech,"Robert Ryu, Tony Hur",SOSV (IndieBio),IndieBio SF 14,SOSV,https://ceres-waves.com/,https://www.linkedin.com/company/cereswaves-corporation,,,,
Sci-Lume,835000,Seed,"Bylon™: the sustainable apparel fiber replacement, at the scale we need Sci-Lume Labs’ Bylon is the truly circular apparel fiber that can replace conventional fibers like nylon, polyester, and cotton.","CPG,Climate / Sustainability",Sustainable Manufacturing,Oliver Shafaat,SOSV (IndieBio),IndieBio NY 08,SOSV,https://www.sci-lumelabs.com,https://www.linkedin.com/company/sci-lume-labs,,,,
Starstone,525000,Pre-Seed,"Next generation construction with biological building blocks Leveraging the latest advancements in biology, Starstone aims to lead the $1 trillion cement and concrete industry into a future where innovation and sustainability come together.","BioTech,PropTech,Climate / Sustainability",Sustainable Manufacturing,Gabriel Peer,SOSV (IndieBio),IndieBio NY 08,SOSV,http://www.thestarstone.com,https://www.linkedin.com/company/thestarstone,,,,
Able Sciences,525000,Seed,"Reimagining cell engineering for next-generation disease-fighting cells ABLE Sciences is focused on reimagining cell engineering to create next-generation, disease-fighting cells.",BioTech,Therapeutics,"Jolly Mazumdar, Thimmaiah Chendrimada",SOSV (IndieBio),IndieBio SF 15,SOSV,https://ablesciences.com,,,,,
AquaLith,$2.055 Million,Seed,"Fast-charging, safer lithium-ion battery materials for EVs. AquaLith manufactures next-generation batteries and battery materials.","Transportation / Mobility,Climate / Sustainability",Sustainable Manufacturing; Transportation Tech,"Martin Laudenbach, Greg Cooper",SOSV (IndieBio),IndieBio SF 15,SOSV,https://www.aqualith.net,https://www.linkedin.com/company/aqualithadvancedmaterials,,,,
SpiralWave,$1.025 Million,Seed,"Single-Step Liquid Fuels from Air -- Using Just Electronics The carbon capture and utilization sector relies on a mishmash of expensive membranes, chemicals, catalysts, and electrolytes, across many steps. Can’t we just do this with electronics?",Climate / Sustainability,Sustainable Manufacturing,"Adam Amad, Abed Bukhari",SOSV (IndieBio),IndieBio SF 15,SOSV,https://spiralwave.io,https://www.linkedin.com/company/spiralwave,,,,
Transition,1140000,Seed,"Reinventing biology in mining to power what comes next Delivering data-driven, biological solutions to accelerate copper extraction in new and existing heap leaching operations, with initial focus on copper.","BioTech,Climate / Sustainability",Sustainable Manufacturing,"Alexandra Shiluk, Sasha Milshteyn",SOSV (IndieBio),IndieBio SF 15,SOSV,https://transition.bio,https://www.linkedin.com/company/transition-biomining-inc,,,,
BryoSphere Biotechnologies,"$275,000",Seed,Transforming moss into scalable bioactive skincare ingredients BryoSphere is harnessing 500 million years of moss evolution to make the next generation of skincare ingredients.,"BioTech,CPG,Climate / Sustainability",Sustainable Manufacturing; Therapeutics,"Hila Behar, Liz Mahon",SOSV (IndieBio),IndieBio SF 15,SOSV,https://bryosphere.ca,https://www.linkedin.com/company/bryosphere,,,,
Farm Minerals,500000,Seed,"Farm Minerals has the cheapest method of making emissions-free fertilizers in the world. How cheap? Cheaper than Haber-Bosch. That’s not in the future, or when scaled up, or after $500M of capex is put in the ground. That’s today.",Climate / Sustainability,AgTech,"Vsevolod Kizner, Nikita Volodin",SOSV (IndieBio),IndieBio SF 15,SOSV,https://www.farmminerals.com,https://www.linkedin.com/company/farm-minerals,,,,
Reactosome,"$550,000",Seed,"Synthetic cell platform Reactosome is a synthetic cell platform that enables an efficient new class of nucleic acid therapies, unlocking treatments for complex diseases like solid cancers and age-related disorders by affecting 10x more genes than…",BioTech,Therapeutics,"Giorgio Fracasso, Ksenia Burka",SOSV (IndieBio),IndieBio SF 15,SOSV,https://reactosome.com/,https://www.linkedin.com/company/reactosome,,,,
Hypercell Technologies,$1.5 Million,Seed,"Elevating food safety. Redefining standards. At Hypercell, we identify and manage biological contamination of the food chain to improve productivity and protect human health.",Health,Diagnostics,"Sam Jactel, Bruno Jactel",SOSV (IndieBio),IndieBio SF 15,SOSV,https://www.hypercelltechnologies.com,https://www.linkedin.com/company/hypercelltech,,,,
RyboDyn,"$525,000",Seed,"Unlocking the dark proteome for breakthrough immunotherapies RyboDyn uses RyboCypher™ to decode the dark transcriptome and dark proteome, revealing hidden, disease-specific protein targets overlooked by conventional sequencing.",BioTech,Therapeutics,"Imad Ajjawi, Ashley Woodfin, Corey Dambacher",SOSV (IndieBio),IndieBio SF 15,SOSV,https://www.rybodyn.com/,https://www.linkedin.com/company/rybodyn,,,,
Preemadonna,5900000,Seed,"Patented nail robot disrupting the $15B nail care industry Preemadonna builds connected creativity and connected play products, platforms and experiences.","Deeptech / Robotics / AR/VR,Consumer",Consumer Devices; Robotics,Pree Walia,SOSV (HAX),HAX 06,SOSV,http://preemadonna.com,,,,,
Unibaio,300000,Pre-Seed,"Bio NanoCarriers that make agrochemicals more sustainable Farmers spend nearly $230 billion every year on herbicides, pesticides, and fertilizers designed to increase crop yields.",Climate / Sustainability,AgTech,"Matias Figliozzi, Claudia Casalongue",SOSV (IndieBio),IndieBio NY 07,SOSV,https://www.unibaio.com,https://www.linkedin.com/company/unibaio,,,,
Carbon Bridge,1200000,Seed,"Making renewable methanol from methane, using microbes. CarbonBridge (an ARPAe awardee) pivoted to biotech in 2023, and converts methane to methanol, using microbes in a proprietary bioreactor with a direct-gas system for mass transfer without…",Climate / Sustainability,Manufacturing & Energy,"Manu Pillai, Sophia Xu",SOSV (IndieBio),IndieBio NY 07,SOSV,https://carbonbridge.io,https://www.linkedin.com/company/carbonbridge,,,,
Xias Bio,$5 Million,Pre-Seed,"Replacing Animal Proteins Xias Bio is a biotechnology company focused on developing sustainable, animal-free protein alternatives with excellent product-market fit.","BioTech,Climate / Sustainability",Sustainable Manufacturing,"Faadil Fawzy, David Harvey",SOSV (IndieBio),IndieBio NY 07,SOSV,https://www.xiasbio.com,https://www.linkedin.com/company/xias-bio,,,,
Terra Bioindustries,750000,Pre-Seed,"Creating upcycled ingredients, Decarbonizing supply chains Discarded food accounts for 8-10% of greenhouse gas emissions and costs the global economy $940 billion per year.","Climate / Sustainability,Logistics / Supply Chain",Climate Tech; Future Food,Steve George,SOSV (IndieBio),IndieBio NY 07,SOSV,https://terrabioindustries.com,https://www.linkedin.com/company/terra-bioindustries,,,,
FREZENT Biological Solutions,525000,Pre-Seed,"Preventing cancer recurrence by targeting dormant cells Frezent develops first-in-class antibody and antibody-drug conjugate therapies to prevent cancer recurrence by targeting dormant, non-dividing cancer cells.",BioTech,Therapeutics,"Natasha Shtraizent, Lina Freage",SOSV (IndieBio),IndieBio NY 07,SOSV,https://www.frezent.com,https://www.linkedin.com/company/frezent-biological-solutions,,,,
Earnest Agriculture,1750000,Pre-Seed,"The Microbial Platform Powering the Future of Farming. To feed a global population of 9.7 billion people by 2050, farmers need to produce 50% more calories than they do today.",Climate / Sustainability,AgTech; Climate Tech; Sustainable Manufacturing,Eddy Mejia,SOSV (IndieBio),IndieBio NY 07,SOSV,https://www.earnest.ag,https://www.linkedin.com/company/growearnest,,,,
Afynia,,Pre-Seed,"Trusted source for information & easy-to-use products for women’s health conditions Globally, one in ten women will suffer from endometriosis, a painful and debilitating gynecological condition.",Health,Diagnostics; Women's Health,"Jocelyn Wessels, Lauren Foster",SOSV (IndieBio),IndieBio NY 07,SOSV,https://afynia.com,https://www.linkedin.com/company/aima-laboratories,,,,
Aequor Inc,200158,Pre-Seed,"We clean water from deep sea to deep space At least 1.7 billion people worldwide rely on contaminated drinking water, resulting in over 500,000 deaths per year.","Climate / Sustainability,Deeptech / Robotics / AR/VR",Sustainable Manufacturing,Marilyn Bruno,SOSV (IndieBio),IndieBio NY 07,SOSV,https://aequorinc.com,https://www.linkedin.com/company/aequor-inc.,,,,
TrelliSense,"2,250,000",Seed,"Remote detection, localization, & quantification of methane emissions Methane, with a warming potential 85 times greater than CO2, presents a critical challenge in global warming mitigation efforts.",Climate / Sustainability,Industrial IoT; Manufacturing & Energy; Methane Monitoring; Open-Path Laser Sensing; Photonics; Leak Detection; Emissions Quantification; Oil & Gas; Landfills,"Andy Sappey, Alex Ballasiotes",SOSV (HAX),HAX Seed 2023,SOSV,http://trellisense.com,https://www.linkedin.com/company/trellisense-inc,,2023-01-01,year,
Princeton Critical Minerals,"$15,000,000",Series A,"A cleantech startup boosting lithium production from brine sources Originating from Princeton University, Princeton Critical Materials has developed a pioneering approach to lithium extraction, addressing the critical demand surge anticipated as the…",Climate / Sustainability,Manufacturing & Energy; Critical Minerals; Lithium Extraction; Brine Processing; Evaporation Pond Productivity; Solar-Thermal Evaporation; Potash & Nitrate,"Richard Blue, Jason Ren, Sean Zheng",SOSV (HAX),HAX Seed 2023,SOSV,https://www.pcmtech.com/,https://www.linkedin.com/company/princetoncriticalminerals,,2023-01-01,year,
OLI,473000,Pre-Seed,"Decentralizing kidney care. There are nearly 1 million end-stage kidney patients in the US. And while going to the hospital or center for dialysis is an inconvenience and major disruption to their daily lives, only 1 in 50 patients currently opt for…","Health,Web3 / Crypto",Healthcare,Tom Weindl,SOSV (HAX),HAX Seed 2023,SOSV,http://olitechnologies.com,https://www.linkedin.com/company/oli-inc,,2023-01-01,year,
Material,"$785,000",Seed,Commercializing the 3D printing of energy storage systems Material has created a totally novel approach to battery manufacturing.,"Deeptech / Robotics / AR/VR,Dev Tools / Cloud,Climate / Sustainability",Manufacturing & Energy; Robotics,"Chris Reyes, Gabe Elias",SOSV (HAX),HAX Seed 2023,SOSV,https://www.material.inc,https://www.linkedin.com/company/materialhybridmanufacturing,,2023-01-01,year,
LightHearted AI,$2.45 Million,Pre-Seed,"AI-powered Remote Cardiovascular Diagnostics One in two people over age 65 have an undiagnosed heart valve disease. This leads to hundreds of thousands of individuals per year being diagnosed in critical condition during a hospital admission or,…",Health,AI & Machine Learning; Healthcare,"Lucrezia Cester, Dilip Rajeswari",SOSV (HAX),HAX Seed 2023,SOSV,http://lighthearted.ai,https://www.linkedin.com/company/lightheartedai,,2023-01-01,year,
Cool Amps,650000,Pre-Seed,Innovating to Power an Independent and Sustainable Energy Future The US is facing a frightening shortfall in the critical minerals needed for energy storage & batteries to enable the shift to electrification.,"Deeptech / Robotics / AR/VR,Climate / Sustainability",Manufacturing & Energy; Robotics,"Tom Madden, Lonnie Garris",SOSV (HAX),HAX Seed 2023,SOSV,https://www.coolamps.tech,https://www.linkedin.com/company/cool-amps-corp,,2023-01-01,year,
Cocoon,"$20,000,000",Seed,"Decarbonising the hard-to-abate sectors of steel and cement The steel and cement sectors stand as two of the most significant contributors to global greenhouse gas emissions, presenting considerable challenges in their journey towards…",Climate / Sustainability,Manufacturing & Energy; Low-Carbon Cement; Cement Substitute; Steel Slag; Waste Valorization; Industrial Decarbonization; Built Environment,"William Knapp, Freddie Scott, Eliot Brooks",SOSV (HAX),HAX Seed 2023,SOSV,http://cocooncarbon.com,https://www.linkedin.com/company/cocooncarbon,,2023-01-01,year,
Mitico,$1.9 Million,Seed,"Mitigate the impact industrial carbon emissions have on people and the environment Many legacy industries present large challenges to decarbonize, and at the same time are needed to fulfill global energy demands in the short term.",Climate / Sustainability,Manufacturing & Energy,"Alan Gu, Clément Cid",SOSV (HAX),HAX Seed 2023,SOSV,http://mitico.tech,https://www.linkedin.com/company/miticotech,,2023-01-01,year,
Biometallica,,Pre-Seed,"Green and sustainable metal recycling at low temperatures Over 53 million tons of electronics are discarded every year, wasting $57 billion worth of recoverable metals.",Climate / Sustainability,Industrial Equipment; Sustainable Manufacturing,Kwadwo Ansah-Antwi,SOSV (HAX),HAX Seed 2023,SOSV,http://biometallica.com,https://www.linkedin.com/company/biometallica,,2023-01-01,year,
Arculus Solutions,750000,Seed,"Future-proof natural gas transmission pipelines to enable safe hydrogen transportation Oil and gas pipelines corrode over time, driving down throughput and driving up maintenance costs and replacement downtime.","Deeptech / Robotics / AR/VR,Transportation / Mobility,Climate / Sustainability",Manufacturing & Energy; Robotics; Pipeline Coatings; Corrosion Prevention; Thin-Film Coatings; In-Pipe Robotics; Oil & Gas; Friction Reduction; Hydrogen-Ready Pipelines,Gianluca Roscioli,SOSV (HAX),HAX Seed 2023,SOSV,http://arculus-solutions.com,https://www.linkedin.com/company/arculus-solutions,,2023-01-01,year,
Altiro Energy,,Seed,"Decarbonizing heat and power generation The transition to low carbon, behind-the-meter power generation at industrial facilities is fraught with challenges.",Climate / Sustainability,Manufacturing & Energy,Samson Bowen-Bronet,SOSV (HAX),HAX Seed 2023,SOSV,http://altiroenergy.com,https://www.linkedin.com/company/altiro-energy,,2023-01-01,year,
Algoma,,Seed,"Automating the repeatable delivery of zero-carbon buildings In the face of a significant housing shortage and sustainability crisis, the real estate development sector struggles with inefficiency and escalating costs.","Logistics / Supply Chain,Climate / Sustainability",AI & Machine Learning; Manufacturing & Energy,"Seyfihan Usarer, Josef Bromovsky",SOSV (HAX),HAX Seed 2023,SOSV,http://algoma.co,https://www.linkedin.com/company/algomaco,,2023-01-01,year,
Aurasense,545000,Pre-Seed,"Invisible Tools for Neurology Care Currently, neurological conditions are diagnosed using very subjective criteria, creating multiple problems, including inaccurate, unhelpful diagnoses.",Health,AI & Machine Learning; Healthcare,"Amber Ivey, David Charlot",SOSV (HAX),HAX Seed 2023,SOSV,http://aurasense.health,https://www.linkedin.com/company/aurasensetech,,2023-01-01,year,
Calder Biosciences,625,Pre-Seed,Creating Next-Generation Vaccines to Protect Against Infection Calder Biosciences engineers nano-scale subunit vaccine immunogens using 3D-Vaxlock™ conformation locking.,BioTech,Therapeutics,Christopher P. Marshall,SOSV (IndieBio),IndieBio NY 06,SOSV,https://www.calderbiosciences.com,https://www.linkedin.com/company/calder-biosciences-inc,,,,
Metamorph,,Seed,"The butterfly effect for Pakistani creators, content, and commerce. Metamorph is a content lab that specializes in optimizing internet-native video.","Gaming / Media / Entertainment,Consumer",Media,"Umair Ahmed Siddiqi, Fazal Rehman, Hassan Salahuddin",SOSV,SOSV Orbit Startups 2023,SOSV,http://metamorphd.com,https://www.linkedin.com/company/metamorph-d,,2023-01-01,year,True
ViAn Therapeutics,575000,Pre-Seed,"Simple daily eye drop to protect retinal vision. VIAN Therapeutics develops VIAN-001, a simple daily anti-angiogenic and anti-inflammatory eye drop for retinal diseases like AMD and DME.",BioTech,Therapeutics,Juan Pablo Robles,SOSV (IndieBio),IndieBio SF 14,SOSV,https://www.viantx.com,https://www.linkedin.com/company/vian-tx,,,,
VIA Fuels,525000,Pre-Seed,"A shortcut to jet fuel and BTX chemistry -- scalable today. Founded by veterans of oil & gas, coming together with synbio experts, VIA Fuels makes decarbonized jet fuel.",Climate / Sustainability,Sustainable Manufacturing,"Philip Barr, Lewis Dutel",SOSV (IndieBio),IndieBio SF 14,SOSV,https://viabiofuels.com/,https://www.linkedin.com/company/viabiofuels,,,,
TippingPoint Biosciences,,Pre-Seed,First ever therapeutics for cancers driven by aberrant chromatin networks Packaging of our DNA into chromatin is critical for dictating which parts of the genome can be transcribed and which cannot.,"Health,BioTech",Healthcare; Therapeutics,Laura Hsieh,SOSV (IndieBio),IndieBio SF 14,SOSV,http://tippingpointbiosciences.com/,https://www.linkedin.com/company/tippingpoint-biosciences,,,,
Everbloom,,Pre-Seed,Oil-free plastics : melt-spun polyester fiber replacement 70% of apparel fibers are manufactured with incredibly efficient melt-spinning machines – but no prior materials innovation has been able to work on these machines and tap their low-cost…,Climate / Sustainability,Sustainable Manufacturing,Simardev Gulati,SOSV (IndieBio),IndieBio SF 14,SOSV,https://www.everbloom.bio,https://www.linkedin.com/company/everbloombio,,,,
Lillianah Technologies,,Pre-Seed,"Cost-effective marine bioremediation for durable carbon removal and ecosystem restoration Lillianah is scaling ocean CO2 removal with their integrated phytoplankton cultivation, release, and MRV stack.","Climate / Sustainability,Deeptech / Robotics / AR/VR",AgTech; Robotics,"Michael Beman, Benjamin Slotnick",SOSV (IndieBio),IndieBio SF 14,SOSV,https://www.lillianah.com,https://www.linkedin.com/company/lillianah-technologies,,,,
Kresko RNAtech,900000,Pre-Seed,"Unlock bioactive RNAs for next-gen wellness products Kresko develops bioactive RNA ingredients from fresh foods using Serkanto AI to predict, validate, and stabilize RNA functions.",,Nutrition & Wellness,"Carla Borini Etichetti, Uciel Chorostecki, Silvana Spinelli",SOSV (IndieBio),IndieBio SF 14,SOSV,https://kreskornatech.com/,https://www.linkedin.com/company/kresko-rnatech,,,,
Palate Therapeutics,640000,Pre-Seed,"Unlock the Taste of Health At Palate Therapeutics, we are committed to fostering a healthier society by redefining the way we experience the sweetness in our lives.",BioTech,Therapeutics,David Francis,SOSV (IndieBio),IndieBio NY 06,SOSV,https://www.palatetx.com/,https://www.linkedin.com/company/palate-therapeutics,,,,
Nukoko,,Pre-Seed,Cocoa-free chocolate that is healthier and dramatically less impactful on the environment NuKoKo is the new wave of bean-to-bar manufacturing.,,Future Food,"Kit Tomlinson, Ross Newton",SOSV (IndieBio),IndieBio NY 06,SOSV,https://www.nukoko.co.uk/,https://www.linkedin.com/company/nukokoltd,,,,
CroBio,2600000,Pre-Seed,"An innovation in drought resilience, rooted in biology CroBio is a biotech start-up that harnesses the power of soil bacteria to combat decades of soil health decline and counter the impact of climate change.","Climate / Sustainability,BioTech",AgTech,Wayne Mulhall,SOSV (IndieBio),IndieBio NY 06,SOSV,https://www.crobio.com,https://www.linkedin.com/company/crobio,,,,
Cell BioEngines,1275000,Pre-Seed,"Off-the-shelf, HLA-matched cell therapies without genetic engineering Cell BioEngines develops allogeneic, off-the-shelf cell therapies for oncology applications.",BioTech,Therapeutics,"Alexey Bersenev, Ajay Vishwakarma",SOSV (IndieBio),IndieBio NY 06,SOSV,https://cellbioengines.com,https://www.linkedin.com/company/cell-bioengines,,,,
Care Constitution,,Pre-Seed,Building the future of telehealth! Care Constitution is striving to build the next generation of telehealth systems enhanced by new AI mathematics that assists clinicians in achieving virtual quantitative diagnostic exams.,Health,Diagnostics; Digital Health,"Guillaume Joerger, Marc Garbey",SOSV (IndieBio),IndieBio NY 06,SOSV,https://careconstitution.com,https://www.linkedin.com/company/care-constitution,,,,
Alkali Labs,,Pre-Seed,Unlocking $12B/yr of low-concentration lithium brines in the US AlkaLi Labs is working on a biological platform for the extraction of valuable minerals from unconventional water sources such as oilfield brine waste streams.,Climate / Sustainability,Sustainable Manufacturing,"Luis Valencia, Jacob Roberts",SOSV (IndieBio),IndieBio SF 14,SOSV,https://www.alkalilabs.com,https://www.linkedin.com/company/alkali-labs,,,,
Re-Fresh Global,,Pre-Seed,Upcycling unsorted textile waste into trusted raw materials Re-Fresh Global upcycles mixed and unsorted textile waste into chemicals and raw materials. Most modern-day textile wastes are blends of natural and synthetic components.,Climate / Sustainability,Sustainable Manufacturing,"Viktoria Kanar, Revital Nadiv",SOSV (IndieBio),IndieBio SF 14,SOSV,https://re-fresh.global/,https://www.linkedin.com/company/re-fresh-global,,,,
Carbonade,1200000,Pre-Seed,Sustainable aviation fuel with single step carbon capture and utilization Carbonade makes syngas directly – in one step – from just air and water.,"Transportation / Mobility,Climate / Sustainability",Sustainable Manufacturing,Raanan Shelach,SOSV (IndieBio),IndieBio SF 14,SOSV,https://www.carbonade-sys.com/,https://www.linkedin.com/company/carbonade,,,,
Clarity,,Series A,"Leading the clean air movement Clarity’s mission is to solve the global air pollution problem through better data. By integrating IoT hardware and cloud-based data analytics, Clarity’s Smart City Air Quality Monitoring helps customers scale up…","Climate / Sustainability,Deeptech / Robotics / AR/VR",Climate Tech; Hard Tech; Human Health; Industrial IoT,David Lu,SOSV (HAX),HAX 05,SOSV,http://clarity.io,https://www.linkedin.com/company/claritymovement,,,,
Reach Industries,,Seed,"Insight is power Reach Industries developed a robotics software platform leveraging CV/ML to augment scientists, automate data collection and make labs more efficient.",Deeptech / Robotics / AR/VR,Enterprise Software; Hard Tech; Robotics,"Chris Beck, Silas Adekunle",SOSV (HAX),HAX 2020,SOSV,https://www.reach.industries/,https://www.linkedin.com/company/reachindustries,,2020-01-01,year,
Zoth,600000,Pre-Seed,"Bringing liquidity to Real World Assets (RWAs) Interest rates for SMEs in emerging markets are 3 times higher than in developed economies, leading to a $5 trillion credit gap.","Web3 / Crypto,FinTech / Insurance",Blockchain; Fintech,"Kaushik Muthe, Pritam Dutta",SOSV,SOSV Orbit Startups 2022,SOSV,http://zoth.io,https://www.linkedin.com/company/zoth-io,,2022-01-01,year,
TradeTogether,500000,Seed,Providing web3 digital asset investment & risk management solutions TradeTogether is a Singapore-exempted Web3 fintech company that makes investing in the $1 trillion crypto market easy and stress-free with basket solutions that protect investors…,"Web3 / Crypto,FinTech / Insurance",Blockchain; Fintech,"Jordan Ko, Geoff Ira",SOSV,SOSV Orbit Startups 2023,SOSV,http://tradetogether.com,https://www.linkedin.com/company/tradetogether,,2023-01-01,year,True
MySyara,5000000,Series A,"UAE's most downloaded car service app 85% of the population in the GCC relies on private vehicles for their livelihood. However, car maintenance here is time-consuming and inconvenient, with car owners spending over $2000 dollars per year on…","Transportation / Mobility,Consumer",E-Commerce; Transportation Tech,"Chirenj Chandran, Anser Latheef",SOSV,SOSV Orbit Startups 2022,SOSV,https://www.mysyara.com,https://www.linkedin.com/company/mysyara,,2022-01-01,year,
MUTA,785000,Seed,"Turning waste into opportunity Only 5% of waste is recycled in Latin America, 10 times less than in Europe, because the system is informal and fragmented.",Climate / Sustainability,SaaS; Sustainable Manufacturing,Alejandro Caiaffa,SOSV,SOSV Orbit Startups 2023,SOSV,http://mutaworld.com,https://www.linkedin.com/company/muta-app,,2023-01-01,year,True
FlashAid (Easy Aspataal),,Seed,"Healthcare made simple About 400 million people in India don’t have health insurance, and 10% of uninsured people fall into poverty every year because of unaffordable medical bills.","Health,FinTech / Insurance",Digital Health; Fintech,"Gunjali Kothari, Manoj Gupta",SOSV,SOSV Orbit Startups 2022,SOSV,https://flashaid.in/,https://www.linkedin.com/company/flashaid,,2022-01-01,year,
Tappi,,Seed,Digitizing SMEs across Africa with their online identity 45 million small businesses in Africa still do businesses offline and struggle to get online due to the complexity of tools.,Cybersecurity,Enterprise Software; SaaS,Kenfield Griffith,SOSV,SOSV Orbit Startups 2022,SOSV,http://tappi.app,https://www.linkedin.com/company/get-tappi,,2022-01-01,year,
AMATEC,,Pre-Seed,"High-speed construction platform While essential to building the structures that enable and improve our everyday life, concrete is responsible for a whopping 8 percent of global carbon emissions; 90 percent of these emissions come from the…","Deeptech / Robotics / AR/VR,PropTech,Climate / Sustainability",Manufacturing & Energy; Robotics,"Mohsen Zehtabchian, Igor Stavrulov",SOSV (HAX),HAX Seed 2023,SOSV,http://amatec-corp.com,https://www.linkedin.com/company/amatec-corp,,2023-01-01,year,
Tandem,,Pre-Seed,Attachable EVs for Heavy Duty Vehicles Tandem is the premier EV and hybrid technology company for the heavy-duty vehicle industry.,Transportation / Mobility,Industrial Equipment,Matthew Sabatini,SOSV (HAX),HAX 2022,SOSV,http://drivetandem.com,https://www.linkedin.com/company/drivetandem,,2022-01-01,year,
Renewell Energy,"$4,210,000",Series A,"oil wells that end well Currently there are over 2 million idle and orphan oil wells in the US, representing a $400B liability to oil & gas companies to clean up these sites.",Climate / Sustainability,Manufacturing & Energy; Gravity Energy Storage; Long-Duration Energy Storage; Well Repurposing; Oil & Gas; Grid Storage; AI Data Center Power,"Stefan Streckfus, Kemp Gregory",SOSV (HAX),HAX 2022,SOSV,http://renewellenergy.com,https://www.linkedin.com/company/renewell-energy,,2022-01-01,year,
OpenShelf,,Seed,"Inventory Automation that doesn't cost a fortune We are currently facing large labor shortages across healthcare. Despite increasing demand for healthcare, there is insufficient growth of labor, and in fact there has been a 5% per year drop in…","Health,Deeptech / Robotics / AR/VR,Logistics / Supply Chain",Healthcare; Robotics,"James Steinberg, Chiu Chau",SOSV (HAX),HAX Seed 2023,SOSV,http://openshelf.com/,https://www.linkedin.com/company/openshelf,,2023-01-01,year,
wild.,,Pre-Seed,it all starts with the battery. First easily customizable off-the-shelf battery pack.,Climate / Sustainability,Industrial Equipment,"Justin Rodenburg, Riley Rodenburg",SOSV (HAX),HAX 2022,SOSV,http://wild---energy.com,https://www.linkedin.com/company/wildtechnologiesinc,,2022-01-01,year,
Still Bright,"$21,000,000",Series A,"Advancing the sustainable, economic, and domestic production of copper To reach Net-Zero by 2050, the world needs to produce as much copper in the next 26 years as it has produced in all of human history.",Climate / Sustainability,Manufacturing & Energy; Critical Minerals; Copper; Electrochemical Extraction; Smelting Alternative; Mining; Domestic Supply Chain,Jon Vardner,SOSV (HAX),HAX 2022,SOSV,http://stillbright.co,https://www.linkedin.com/company/still-bright,,2022-01-01,year,
Solano Energy,,Seed,Power the future Asset-light power company bringing accessible renewable energy to everyone.,"Climate / Sustainability,Consumer",Consumer Devices,"Binh Le, Tuan-Anh Tran",SOSV (HAX),HAX 2022,SOSV,https://www.solano.energy,https://www.linkedin.com/company/solano-energy,,2022-01-01,year,
PONS,2000000,Seed,PONS creates disease progression insights that were never collected before. PONS is disrupting the $100B clinical trial and biomarker industry by converting any mobile ultrasound into a powerful data source.,"Health,Deeptech / Robotics / AR/VR,Data & Analytics",Healthcare; Robotics,"Ilker Hacihaliloglu, Soner Hacihaliloglu",SOSV (HAX),HAX 2022,SOSV,http://ponstech.co,https://www.linkedin.com/company/ponstech,,2022-01-01,year,
Metal Light,,Pre-Seed,"New power generation technology, clean and sustainable, fueled by metal and air Despite their widespread use, diesel generators are noisy, emit unpleasant odors, and contribute significantly to environmental pollution.","Deeptech / Robotics / AR/VR,Climate / Sustainability",Manufacturing & Energy; Robotics,Ryan Goethals,SOSV (HAX),HAX 2022,SOSV,http://metallight.io,https://www.linkedin.com/company/metal-light-inc,,2022-01-01,year,
DIA,,Seed,Sensing that changes lives Cortisol is the gold standard in detecting human health & well-being. Cortisol is a steroid hormone made by the kidneys that is commonly referred to as “the stress hormone.” Measurement of cortisol levels to determine…,Health,Healthcare,"Fernando Webb, Sloane Tilley",SOSV (HAX),HAX 2022,SOSV,https://www.diasensor.com/,https://www.linkedin.com/company/diasensor,,2022-01-01,year,
Mazlite,,Seed,Mazlite provides an Industrial IoT platform for spray monitoring and digitization Spraying and coating is a 220+ billion dollar market.,"Deeptech / Robotics / AR/VR,Climate / Sustainability",Manufacturing & Energy; Robotics,"Cameron Dallas, Amirreza Amighi",SOSV (HAX),HAX 2022,SOSV,http://mazlite.com,https://www.linkedin.com/company/mazlite,,2022-01-01,year,
Ayrton Energy,"$10,000,000",Pre-Seed,"Breaking the limits of hydrogen storage Ayrton Energy’s mission is to provide energy security fueled by hydrogen. Ayrton’s proprietary technology enables hydrogen to be stored within an organic liquid, which can be handled and transported no…","Dev Tools / Cloud,Climate / Sustainability",Industrial Equipment; Hydrogen; Hydrogen Storage & Transport; Liquid Organic Hydrogen Carrier; Electrochemistry; Existing Fuel Infrastructure; Energy Security,"Brandy Kinkead, Natasha Kostenuk",SOSV (HAX),HAX Seed 2023,SOSV,http://ayrtonenergy.com,https://www.linkedin.com/company/ayrton-energy,,2023-01-01,year,
Vue Smart Glasses,700000,Seed,World's first everyday smart glasses Vue is the world’s first pair of smart glasses that are designed for everyday use. Vue’s frames are packed with technology hidden inside regular-looking frames.,"CPG,Consumer",Consumer Devices,"Tiantian Zhang, Jason Gui",SOSV (HAX),HAX 03,SOSV,http://vueglasses.com,https://www.linkedin.com/company/18125950,,,,
Goka,1400000,Seed,"A gamified launchpad for NFTs & web3 campaigns Each year, $600 billion is wasted on marketing efforts globally: connecting with consumers is harder than ever as 60% of marketing costs on major platforms is wasted on bots.","Web3 / Crypto,Gaming / Media / Entertainment",Blockchain; Media,"Kevin Yu, Min Wah, James Park, Charles Yu",SOSV,SOSV Orbit Startups 2022,SOSV,http://goka.xyz,https://www.linkedin.com/company/goka-xyz,,2022-01-01,year,
Renovate Robotics,$3.75 Million,Seed,"Roofing Robot The US is facing a massive labor shortage, which has dramatic implications to new home construction, repairs to existing units in case of damage due to ever-increasing storms as a result of climate change, and also severely delays…",Deeptech / Robotics / AR/VR,Robotics,Andy Stulc,SOSV (HAX),HAX 2021,SOSV,http://renovaterobotics.com,https://www.linkedin.com/company/renovate-robotics,,2021-01-01,year,
Harae Dx,350000,Pre-Seed,"Healthcare for all Harae Dx has developed the world’s fastest, low-cost, portable and automated cancer detection system. Using an exclusively-licensed panel of biomarkers from Lawrence Livermore National Labs and the above technology, Harae Dx has…",Health,Diagnostics; Healthcare,Sanjeev Saxena,SOSV (HAX),HAX 2021,SOSV,http://www.haraedx.com,https://www.linkedin.com/company/harae-dx-corp,,2021-01-01,year,
Yindii,770000,Seed,"A solution for unsold food surplus Our food system is broken: 1/3 of the food that we produce goes to waste. For restaurants, up to 14% of their sales end up in the trash every day.","Logistics / Supply Chain,Consumer",E-Commerce; Food Supply Chain Solutions,"Louis-Alban Batard-Dupre, Mahima Natarajan",SOSV,SOSV Orbit Startups 2022,SOSV,https://www.yindii.co/,https://www.linkedin.com/company/yindii,,2022-01-01,year,
InfiniteUp,,Pre-Seed,"Achieve your goals We’re a remote software development agency based from Nanaimo, Canada. We build apps for founders and custom software to seamlessly improve any business. Our product is InfiniteUp, an AI powered productivity app. Say the thing.",,Enterprise Software; SaaS,"Malaz Aroub, Barrett Nash, Wasim Shadadi",SOSV,SOSV Orbit Startups - MOX 14,SOSV,https://www.infiniteup.dev,https://www.linkedin.com/company/infiniteup,,,,
Flokq,,Seed,Indonesia property management SaaS for managing resident services. Indonesia property management SaaS managing resident services reducing cost and driving new revenue streams.,PropTech,SaaS,"Harmeet Singh, Anand Janardhanan",SOSV,SOSV Orbit Startups 2022,SOSV,https://www.flokq.com,https://www.linkedin.com/company/helloflokq,,2022-01-01,year,
Ostad,277000,Seed,"Live-streaming, interactive education platform helping Bangladeshis upskill and find jobs. Where prerecorded video courses end, Ostad starts. Ostad is a learning platform providing the best learning experience through live classes.","Gaming / Media / Entertainment,Consumer",Education & EdTech; Media,"Shourov Barua, Abdullah Musabbir, Shariful Mubin",SOSV,SOSV Orbit Startups 2022,SOSV,http://ostad.app,https://www.linkedin.com/company/ostad-inc,,2022-01-01,year,
LexxPluss,,Series A,Accelerating Industrial Transformation to Autonomous-Infrastructure LexxPluss is a highly customizable hybrid autonomous mobile robot (hybrid-AMR) provider for automated transportation systems.,"Deeptech / Robotics / AR/VR,Dev Tools / Cloud,Transportation / Mobility",Robotics,Masaya Aso,SOSV (HAX),HAX Tokyo 2020,SOSV,http://lexxpluss.com,https://www.linkedin.com/company/lexxpluss,,2020-01-01,year,True
Fando,,,Be more than a fan Fando is a network for sports and esports fans that plans to revolutionize creator monetization by creating a tokenized economy and marketplace.,Gaming / Media / Entertainment,Data & Information Tech; Media,Manit Parikh,SOSV,SOSV Orbit Startups 2022,SOSV,http://fando.ai,https://www.linkedin.com/company/fandonetwork,,2022-01-01,year,
Easyfresh Tech,2000000,Seed,"Empowering farmers through technology and market access Easyfresh is an AgTech business that optimizes the agri value chain in developing countries, aimed to reduce food wastage, enhance farmers’ income and provide superior quality produce to…",Logistics / Supply Chain,Enterprise Software; Food Supply Chain Solutions,"Asim Ghaffar, Saqib Waheed, Faisal Satti, Muhammad Mustafa",SOSV,SOSV Orbit Startups 2022,SOSV,http://easyfreshtech.com,https://www.linkedin.com/company/easyfreshtech,,2022-01-01,year,
Sketchnote,700000,Pre-Seed,"The only app for all your business needs All-in-one workspace designed for startups, with offerings ranging from customizable project management tools to learning modules.",Consumer,Enterprise Software; Marketplaces; SaaS,"Julio Arias, Shreekant Pawar",SOSV,SOSV Orbit Startups 2022,SOSV,http://sketchnote.co,https://www.linkedin.com/company/sketchnote,,2022-01-01,year,
Jagofon,1000000,Seed,Second-hand smartphone marketplace serving Indonesia’s 200 million consumers. Jagofon is an online platform for second-hand smartphones in Indonesia that offers customers trusted products through stringent Quality Control and strategic sourcing…,Consumer,Consumer Devices; E-Commerce; Marketplaces,"Asoka Wotulo, Stephane Becquart",SOSV,SOSV Orbit Startups 2022,SOSV,http://jagofon.com,https://www.linkedin.com/company/jagofon,,2022-01-01,year,
Vitarka Therapeutics,2000000,Pre-Seed,"Targeting the undruggable Vitarka Therapeutics is developing ENDOPORE, a drug-delivery technology designed to bring therapeutics into cells to treat disease.",BioTech,Biopharma; Therapeutics,Vineeta Tripathi,SOSV (IndieBio),IndieBio NY 05,SOSV,https://www.vitarka.co.uk,https://www.linkedin.com/company/vitarka-therapeutics,,,,
Pneuma,,Pre-Seed,Everything breathes Pneuma is developing the next generation of sustainable materials – implementing the process of photosynthesis as a product feature.,Climate / Sustainability,Materials; Sustainable Manufacturing,"Deyan Georgiev, Spas Kerimov",SOSV (IndieBio),IndieBio NY 05,SOSV,https://pneuma.bio,https://www.linkedin.com/company/pneuma-bio,,,,
FluoSphera,1000000,Seed,"Drug Discovery without animals To successfully develop drugs, we need to precisely predict candidate drug metabolization, efficacy, and safety before clinical trials.",BioTech,Industrial & Research Tools; Therapeutics,Grégory Segala,SOSV (IndieBio),IndieBio NY 05,SOSV,https://fluosphera.com,https://www.linkedin.com/company/fluosphera,,,,
BioFluff,3200000,Pre-Seed,"No Animals. No Plastic. No Comprise. BioFluff is a biomaterials startup creating plant based alternatives to fur, shearling, fleece and plush for the fashion, interior and toy industries",Climate / Sustainability,Materials; Sustainable Manufacturing,"Roni Gamzon, Luke Henning, Steven Usdan, Martin Stuebler",SOSV (IndieBio),IndieBio NY 05,SOSV,https://bio-fluff.com,https://www.linkedin.com/company/biofluff,,,,
Bioeutectics,725000,Pre-Seed,Green Natural and Biodegradable Solvents Bioeutectics has developed a technology capable of revolutionizing today’s industrial processes by supplying the next generation of green solvents.,Climate / Sustainability,Climate Tech; Materials; Sustainable Manufacturing,"Federico Gomez, Sergio Passini Cabello, Tomas Silicaro",SOSV (IndieBio),IndieBio NY 05,SOSV,https://www.bioeutectics.com,https://www.linkedin.com/company/76191234,,,,
Atlantic Fish Co,535000,Pre-Seed,"Developing cultivated seafood to provide the world with delicious and sustainable protein Atlantic Fish is using cellular agriculture technology to develop sustainable, cultivated seafood.","Climate / Sustainability,BioTech",AgTech; Alt Protein; Climate Tech; Future Food,Doug Grant,SOSV (IndieBio),IndieBio NY 05,SOSV,https://www.atlanticfish.co,https://www.linkedin.com/company/atlantic-fish-company,,,,
AIMA,600000,Pre-Seed,"Empowering menstruators to manage their pain with freedom and dignity AIMA, a female-led team, is developing clinically tested CBD-derived products for personalized period pain management.",,Biopharma; Medtech; Women's Health,"Melanie Borg, Lanna Last",SOSV (IndieBio),IndieBio NY 05,SOSV,https://www.my-aima.com,https://www.linkedin.com/company/aima-inc,,,,
west~bourne,208888,Pre-Seed,Carbon-neutral provisions made exclusively from regenerative farming More info at the IndieBio website We know undeniably that regenerative agriculture can unlock soil as one of the biggest carbon sinks on earth.,"Climate / Sustainability,Consumer",Climate Tech; Future Food; Marketplaces,Camilla Marcus,SOSV (IndieBio),IndieBio SF 13,SOSV,https://westbourne.com/,https://www.linkedin.com/company/west-bourne,,,,
Reach Neuro,965000,Pre-Seed,"The first and only treatment option for chronic stroke patients to move again voluntarily More info at the IndieBio website At Reach Neuro, Inc.","BioTech,Health",Biopharma; Therapeutics,"Marc Powell, Douglas Weber, Peter Gerszten, Marco Capogrosso",SOSV (IndieBio),IndieBio SF 13,SOSV,http://reachneuro.com/,https://www.linkedin.com/company/reach-neuro,,,,
Nitrofix,3625000,Pre-Seed,"Modular zero-carbon green ammonia, produced on-site NitroFix develops breakthrough technology for zero-carbon, decentralized on-site green ammonia production.",Climate / Sustainability,AgTech; Sustainable Manufacturing,"Meital Alon, Ophira Melamed",SOSV (IndieBio),IndieBio SF 13,SOSV,https://nitro-fix.com/,https://www.linkedin.com/company/nitrofix,,,,
Mirá Biotech,,Pre-Seed,WAste biomass pellets replacing coal at cheaper cost without sacrificing performance More info at the IndieBio website Mirá has revolutionized the way we make engineered wood boards like MDF by creating three technologies to manufacture MDF without…,"BioTech,Climate / Sustainability",Sustainable Manufacturing,"Andre Candelaria, Gustavo Candelaria, Annabell Acosta",SOSV (IndieBio),IndieBio SF 13,SOSV,https://www.mirabio.co,https://www.linkedin.com/company/mir%C3%A1-biotech,,,,
Minus Materials,275000,Pre-Seed,"Bio-renewable carbon-negative limestone for decarbonization of portland cement More info at the IndieBio website Minus Materials grows carbon-negative, biorenewable limestone – the main feedstock for portland cement manufacturing – using calcifying…",Climate / Sustainability,Circular Economy; Climate Tech; Materials; Sustainable Manufacturing,"Sarah Williams, Danielle Beatty, Wil Srubar",SOSV (IndieBio),IndieBio SF 13,SOSV,https://www.minusmaterials.com/,https://www.linkedin.com/company/minus-materials,,,,
Melio,,Seed,Delivering pathogen testing at the speed of software with one test for all pathogens. More info on the IndieBio website Melio is breaking the one-pathogen one-probe paradigm in diagnostics to deliver the unmet holy grail for pathogen testing for…,Health,Biopharma; Diagnostics; Human Health,Mridu Sinha,SOSV (IndieBio),IndieBio SF 13,SOSV,https://melio.tech,https://www.linkedin.com/company/melio-labs,,,,
MAA’VA,525000,Seed,"Regenerating the built environment through circular materials Humanity builds the equivalent of a city the size of Paris every five days — and by 2050, 2.5 billion more people will move to cities — driving unprecedented demand for concrete…",Climate / Sustainability,Climate Tech; Sustainable Manufacturing,Marieh Mehran,SOSV (IndieBio),IndieBio SF 13,SOSV,https://www.maava.co,https://www.linkedin.com/company/maa-va,,,,
Laguna Bio,1500000,Seed,Turning microbes into durable innate cancer immunity Laguna Bio develops microbe-based cancer therapeutics using its QUAIL platform to activate a powerful innate immune response in the body.,"Health,BioTech",Healthcare; Therapeutics,"Russell Carrington, Jonathan Kotula",SOSV (IndieBio),IndieBio SF 13,SOSV,https://lagunabio.com,https://www.linkedin.com/company/laguna-bio,,,,
Ingrediome,2075000,Pre-Seed,"Real muscle protein meat, made with biomanufacturing More info at the IndieBio website At Ingrediome, we create real meat and seafood by using photosynthetic precision fermentation to create nature-identical animal proteins.","Climate / Sustainability,BioTech",Alt Protein; Climate Tech; Future Food,"Michael Kaholi, Aviel Even",SOSV (IndieBio),IndieBio SF 13,SOSV,https://ingrediome.com,https://www.linkedin.com/company/ingrediome,,,,
Infinite Elements,,Pre-Seed,"Bio-mining platform to refine and recycle rare earth elements More info at the IndieBio website Infinite Elements harnesses extremophiles to extract, concentrate, and purify rare earth metals found in magnets.",Climate / Sustainability,Climate Tech; Energy; Sustainable Manufacturing,Jesica Urbina,SOSV (IndieBio),IndieBio SF 13,SOSV,https://www.infiniteelements.com,https://www.linkedin.com/company/infinte-elements,,,,
Gozen Bioworks,,Seed,"Animal free leather with unprecedented strength, look, and feel. More info at the IndieBio website Leather is one of the most versatile, durable, and desirable materials in fashion.",Climate / Sustainability,Circular Economy; Climate Tech; Materials; Sustainable Manufacturing,"Kadir Eren, Ece Gözen, Pelin Gözen",SOSV (IndieBio),IndieBio SF 13,SOSV,https://www.gozeninstitute.com/,https://www.linkedin.com/company/gozen-institute,,,,
Asterix Foods,,Pre-Seed,"Next wave of functional bioactive animal-free proteins More info at the IndieBio website If you are interested in the next wave of functional food proteins, please reach out to us.",BioTech,Future Food,Dan Even,SOSV (IndieBio),IndieBio SF 13,SOSV,https://www.asterixfoods.com/,https://www.linkedin.com/company/asterix-foods,,,,
Kreate,200000,Seed,"India’s largest dedicated marketplace for sellers to sell their handmade creations. There are millions of artisans and creators in India who are unable to sell their products to consumers directly, losing up to 70% of their sales to multiple agents.",Consumer,E-Commerce,Vittal Ramakrishna,SOSV,SOSV Orbit Startups 2022,SOSV,http://kreateworld.in,https://www.linkedin.com/company/kreateindia,,2022-01-01,year,
PriyoShop,2585236,Series A,"Transform traditional retail industries through the power of technology. In Bangladesh, 97% of retail transactions are executed by small retailers. Retailers must go to wholesalers to collect inventories, reducing their shop’s opening times.","Logistics / Supply Chain,Consumer",E-Commerce; Food Supply Chain Solutions,"Dipty Mandal, Asikul Alam Khan Sujon",SOSV,SOSV Orbit Startups 2022,SOSV,https://priyoshopretail.com/,https://www.linkedin.com/company/priyoshopcom,,2022-01-01,year,
Fullfily,1200000,Pre-Seed,India's Fastest Growing Tech-Enabled Full Stack EV-as-a-Service One of the major challenges faced by businesses of all sizes is the rising costs of logistics and the emissions that are to be cut down.,"Transportation / Mobility,Logistics / Supply Chain",Food Supply Chain Solutions; Transportation Tech,"Balaji Praveenkumar, Premkumar Kasinathan, Ashok Viswanath",SOSV,SOSV Orbit Startups 2022,SOSV,http://fullfily.com,https://www.linkedin.com/company/fullfily,,2022-01-01,year,
Etherscore,,Pre-Seed,A decentralized reputation system Etherscore’s decentralized reputation system uses NFT badges to deliver on-chain Proof of Experience,Web3 / Crypto,Blockchain,"Geoffrey Garcia, Sami Barbara",SOSV,SOSV dlab 05,SOSV,https://etherscore.network/,https://www.linkedin.com/company/etherscore,,,,
Gaia AI,"$4,250,000",Seed,"Applying robotics and AI to solve climate change. Gaia AI is an MIT & Harvard startup using drones, LiDAR, and computer vision to collect high-quality biomass data in forests, helping land owners, project developers, and investors understand the…","Climate / Sustainability,Deeptech / Robotics / AR/VR",AI & Machine Learning; Climate Tech; Robotics; Forestry; Timber Inventory; LiDAR; Geospatial AI; Wildfire Resilience; Carbon & Biodiversity Measurement; Utility Vegetation Management,"Matt Carpenter, Peter McHale",SOSV (HAX),HAX 2022,SOSV,http://gaia-ai.eco,https://www.linkedin.com/company/79833755,,2022-01-01,year,
Artyc,$12 Million,Growth,"Enabling easy, long-lasting, and sustainable cold shipping Artyc is on a mission to decarbonize cold chain logistics with refrigerant-free, reusable, active cooling containers.","Climate / Sustainability,Logistics / Supply Chain",Circular Economy; Climate Tech; Energy; Industrial IoT,"Mark Langer, Hannah Sieber",SOSV (HAX),HAX 2022,SOSV,http://shipartyc.com,https://www.linkedin.com/company/artycpbc,,2022-01-01,year,
Morfyus,180000,Seed,"Leading the first virtual workforce to thrive in the metaverse Rampant inflation, fuel shortages and the pandemic have ravaged developing economies, causing billions of low-income workers to lose their jobs and see their incomes fall to less than…","Web3 / Crypto,Future of Work",Blockchain; Data & Information Tech,"John McWhorter, Joseph Jeong",SOSV,SOSV Orbit Startups 2022,SOSV,https://morfyus.com/,https://www.linkedin.com/company/morfyusleague,,2022-01-01,year,
Asobu,,Seed,"Offering access to and buying and trading of on-chain games and assets in under 30 seconds Asubo offers Parental Control App that helps parents better monitor their kids homework progress, and reward NFTs on their kids favorite games.","Web3 / Crypto,FinTech / Insurance,Gaming / Media / Entertainment,Consumer",Blockchain; Education & EdTech,"Umavanshi Kumari, Kalpesh Nikhare, Aviral Chandra",SOSV,SOSV Orbit Startups - Chinaccelerator 21,SOSV,https://sif.design,https://www.linkedin.com/company/asobu-app,,,,
KrediBank,,Seed,"A full-service digital bank, a one-stop shop for digital financial services in Africa The African digital financial services one-stop-shop.",FinTech / Insurance,,Afolabi Abimbola,SOSV,SOSV Orbit Startups 2022,SOSV,http://thekredibank.com,https://www.linkedin.com/company/kredibank,,2022-01-01,year,
KalPay Financials,716000,Seed,"A Shariah-aligned consumer financing Fintech in Pakistan We are Pakistan’s leading Shariah-aligned consumer financing company, operating in the product financing, Buy Now Pay Later, and education financing sector.","FinTech / Insurance,Consumer",E-Commerce; Fintech,"Waleed Islam, Shershah Hassan",SOSV,SOSV Orbit Startups 2022,SOSV,http://kalpayfinancials.com,https://www.linkedin.com/company/66889494,,2022-01-01,year,
GetFundedAfrica,650000,Pre-Seed,"Leveraging technology to enable startups & SMEs across Africa find funding GetFundedAfrica is a tech-enabled ecosystem marketplace that connects African founders with global mentors, coaches, corporates, investors, academia & Government",Gaming / Media / Entertainment,Media,"Tunji Oke, Debo Omololu",SOSV,SOSV Orbit Startups 2022,SOSV,http://getfundedafrica.com,https://www.linkedin.com/company/getfundedafrica2,,2022-01-01,year,
Nearpeer,0,Seed,Making quality education affordable and accessible across Pakistan and the Middle East Nearpeer aims to make quality education at all levels accessible and affordable throughout the MENAP region through technology so that students can have control…,Consumer,Education & EdTech,"Umair Latif, Shahrukh Swati, Ammar Ayub",SOSV,SOSV Orbit Startups - MOX 13,SOSV,http://nearpeer.org,https://www.linkedin.com/company/nearpeer.org,,,,
iWeb Techno,,Pre-Seed,"Digitizing educational institutions for free iWeb provides a comprehensive SaaS platform that digitizes both academic and non-academic operations of schools across India, monetizing through bank partnerships and its marketplace for the student base.",Consumer,Education & EdTech,"Akshay Shah, Yogiraj Kamat, Ketan Trivedi",SOSV,SOSV Orbit Startups - MOX 13,SOSV,https://iwebtechno.com,https://www.linkedin.com/company/iwebtech,,,,
Nandi Labs,870000,Pre-Seed,"Building the new economy for black creators of art & culture in Web3 Nandi Labs-built for Africa’s 7,000-member digital creator collective-provides B2B borderless payment on crypto rails; distributes the creators’ content; and rewards their audience…","Gaming / Media / Entertainment,Web3 / Crypto,Consumer",Media,Chinedu Enekwe,SOSV,SOSV Orbit Startups 2022,SOSV,http://nandilabs.com,https://www.linkedin.com/company/nandilabs,,2022-01-01,year,
WeFlex,,Pre-Seed,"Gym and studio management software 健身房与健身工作室管理软件 The fitness industry in China is growing. In one year alone, Chengdu witnessed the growth of 1,000 small to medium-sized fitness studios.",,Enterprise Software,"Alex Li, Sean Lee",SOSV,SOSV Orbit Startups - Chinaccelerator 12,SOSV,http://www.getweflex.com/,https://www.linkedin.com/company/reflex,,,,
Cargo Kite,,Pre-Seed,CargoKite enables flexible maritime logistics through 100% emission free micro cargo ships Cargokite is building micro cargo ships powered completely by wind energy.,"Deeptech / Robotics / AR/VR,Logistics / Supply Chain,Climate / Sustainability",Hard Tech; Industrial Equipment; Robotics,"Marcus Bischoff, Amelie Binder, Tim Linnenweber",SOSV (HAX),HAX 2022,SOSV,http://cargokite.com,https://www.linkedin.com/company/cargokite,,2022-01-01,year,
Caldo Restaurant Technologies,$2.2 Million,Seed,Kitchen automation that can go anywhere Caldo uses compact robots to automate commercial kitchen tasks.,,Industrial Equipment,"Jorge Guerra, Jose Alonso",SOSV (HAX),HAX 2022,SOSV,http://caldo.io,https://www.linkedin.com/company/caldo-restaurant-technologies,,2022-01-01,year,
Portable Diagnostic Systems,"$285,000",Seed,"We bring the lab to you. The fentanyl crisis is tearing the US apart, taking lives and destroying communities. Real-time testing that can deliver quantitative results ensures that harm and loss of life can be minimized.",Health,AI & Machine Learning; Healthcare,"Igor Muravchik, Michael P. McRae, Glennon W. Simmons",SOSV (HAX),HAX 2022,SOSV,http://portabledx.com,https://www.linkedin.com/company/portable-diagnostic-systems-llc,,2022-01-01,year,
Linkstar,290000,Pre-Seed,"The Future of Youth Hiring Linkstar is solving youth unemployment in MENAP through a learn and earn model with learning initiative’s such as Masterclasses from Industry experts, CV Writing workshops and Interview prep guides, and earning…","Future of Work,Consumer",Data & Information Tech; E-Commerce,"Adeel Abid, Aizaz Nayyer, Ali Rizvi",SOSV,SOSV Orbit Startups - MOX 13,SOSV,http://linkst.ar,https://www.linkedin.com/company/linkstar1,,,,
Striemo,,Seed,A super maneuverable and stable e-scooter Striemo is a super maneuverable and stable e-scooter which spined out from Honda. The new type of e-scooter opened the market for people who need safer mobility device in city.,"Climate / Sustainability,Deeptech / Robotics / AR/VR,Transportation / Mobility,Consumer",Climate Tech; Consumer Devices; Hard Tech,"Keisuke Kishikawa, Yotaro Mori",SOSV (HAX),HAX 2022,SOSV,http://striemo.com,https://www.linkedin.com/company/striemo,,2022-01-01,year,
247,2800000,Seed,B2B and B2C bilingual English-Chinese booking platform for China 247 is a social commerce platform that connects people to the very best things to see and do in China and beyond.,"Gaming / Media / Entertainment,Consumer",E-Commerce; Media,"Greig Charlton, Peter Dixon, Anna Bennett",SOSV,SOSV Orbit Startups - Chinaccelerator 10,SOSV,https://www.247tickets.com,https://www.linkedin.com/company/the247collective,,,,
ACiiST Smart Networks Ltd.,150000,Seed,Making smart city connectivity infrastructure ACiiST’s MetropoLAN distributed switching technologies upgrade cities with broadband communication and electricity 24/7 everywhere.,Dev Tools / Cloud,Industrial IoT,"Yoram Sacham, Ran Kalif, Sagi Gurfinkel",SOSV (HAX),HAX 2018,SOSV,http://aciist.com,https://www.linkedin.com/company/gravityforms,,2018-01-01,year,
Achiko,150000,Growth,Achiko creates and develops new innovations in healthcare diagnostics and technology. Achiko has created user-friendly diagnostic testing integrated with a digital passport solution for the management of COVID-19.,Health,Digital Health; Healthcare,Steven Goh,SOSV,SOSV Orbit Startups - MOX 05,SOSV,http://achiko.com,https://www.linkedin.com/company/achiko,,,,
Abby’s Better,150000,Seed,Peanut-free vegan and paleo nut butters Abby’s Better is a clean-label snack brand providing healthy and uniquely tasty snack foods for everyone. We have the healthiest nut butters on the market with five or fewer ingredients in each.,"CPG,Consumer",Consumer Packaged Goods,"Abby Kircher, Anna Kircher",SOSV,IndieBio Food-X 06,SOSV,http://abbysbetter.com,https://www.linkedin.com/company/abby-s-better-company,,,,
A2A,150000,Growth,Computational solutions for life-threatening diseases A2A Pharmaceuticals has designed new drug candidates for cancers like Leukemia and other life threatening diseases.,"BioTech,Cybersecurity",Biopharma; Computational Bio; Human Health; Therapeutics,"Matthew Welsch, Sridhar Vempati, Edward Painter",SOSV (IndieBio),IndieBio 04,SOSV,https://a2apharma.com,https://www.linkedin.com/company/10227777,,,,
24seven.pk,6000000,Series A,"Transforming traditional farm-to-table & FMCG value chains with digitization & innovation 24SEVEN is on a mission to revolutionize Pakistan’s traditional retail with digitization & innovation so fresh produce, grocery & essentials are accessible to…","Logistics / Supply Chain,Consumer",E-Commerce; Food Supply Chain Solutions,"Maha Khalid, Kashif Mukhtar, Jarrar Shah",SOSV,SOSV Orbit Startups - MOX 10,SOSV,http://24seven.pk,https://www.linkedin.com/company/24-seven-convenience-stores-pvt-ltd,,,,
1Trolley,1600000,Pre-Seed,"Digitalizing retailers in Egypt 1Trolley offers an end-to-end solution to help retailers in the Middle East and North Africa to sell online, offering digital marketing, order picking, and last-mile delivery for retailers.","Logistics / Supply Chain,Consumer",E-Commerce; Food Supply Chain Solutions,Walid Rashwan,SOSV,SOSV Orbit Startups - MOX 11,SOSV,http://1trolley.com,,,,,
Tidal Vision,$200M,Series A,"Your turn-key chitosan biomolecular solutions provider Tidal Vision is the only commercial scale US-based manufacturer of chitosan, a non-toxic, non-hazmat, biodegradable and market-proven industrial biopolymer extracted from crab shells.","Climate / Sustainability,BioTech",Climate Tech; Sustainable Manufacturing,"Craig Kasberg, Vivian Qu",SOSV (IndieBio),IndieBio 04,SOSV,https://tidalvisionusa.com,https://www.linkedin.com/company/tidal-vision,,,,
Yuna & Co.,,Pre-Seed,A house of brand builder & incubator for the women of SEA. Yuna & Co. incubates and consolidates female focused D2C brands of SouthEast Asia into its ecosystem to help the women of tomorrow find the products they love.,Consumer,E-Commerce,"Antonius Murdhani, Winzendy Tedja",SOSV,SOSV Orbit Startups - MOX 08,SOSV,http://helloyuna.io,https://www.linkedin.com/company/yunaandco,,,,
Yeelight,,Growth,"Smart lighting solutions Yeelight is creating a brand new, high-quality, and comfortable lighting experience with smarter user operation, providing personalized, and superior quality lighting.",Consumer,Consumer Devices; Industrial IoT,"Wen Chen, Daping LIU, Eric Jiang",SOSV (HAX),HAX 02,SOSV,http://yeelight.com,https://www.linkedin.com/company/yeelink,,,,
Visusnano Ltd,,Seed,The first drug-eluting intraocular lens implant for patients undergoing cataract surgery VisusNano Ltd. is a pre-clinical startup developing a drug-eluting intraocular lens implant for use in patients undergoing cataract surgery.,"BioTech,Health",Human Health; Therapeutics,"Elodie Siney, Joanna Gould",SOSV,IndieBio RebelBio 05,SOSV,http://visusnano.com,https://www.linkedin.com/company/17972480,,,,
Untap,$5.8 Million,Seed,Containing the illnesses of today and preventing the pandemics of tomorrow Untap Health was born out of a desire to disrupt the way we live with illness.,Health,Diagnostics; Healthcare; Human Health,"Jay Bullen, Claire Trant",SOSV (HAX),HAX 2021,SOSV,http://untaphealth.com,https://www.linkedin.com/company/untaphealth,,2021-01-01,year,
unspun,7500000,Series A,"Evolved apparel. Made just for you. We’re a fashion company with technology in our veins. Our mission is to reduce global carbon emissions by 1% through automated, localized, and intentional manufacturing for apparel.","Climate / Sustainability,Deeptech / Robotics / AR/VR,CPG",Climate Tech; Hard Tech; Industrial Equipment; Sustainable Manufacturing; 3D Weaving; Apparel Manufacturing; On-Demand Production; Zero-Waste Manufacturing; Reshoring; Textiles,"Arne Arens, Kevin Martin, Beth Esponnette, Walden Lam",SOSV (HAX),HAX 11,SOSV,http://unspun.io,https://www.linkedin.com/company/unspun-,,,,
"Tru, Inc.",2070000,Series A,"Function with fizz Positioned in the functional beverage category, Tru Inc. has developed a great-tasting lineup of natural lifestyle drinks to elevate every moment.","CPG,Consumer",Consumer Packaged Goods,Jack McNamara,SOSV,IndieBio Food-X 03,SOSV,http://drinktru.com,https://www.linkedin.com/company/tru-inc,,,,
Treepz,,Pre-Seed,Car lending platform in West Africa Treepz model better utilizes the 26 million vehicles available in the continent to provide people with better and more fun transportation services while they go about their lives.,"FinTech / Insurance,Transportation / Mobility",SaaS; Transportation Tech,"Afolabi Oluseyi, Enagwolor Johnny, Onyeka Akumah, John Shaibu",SOSV,SOSV Orbit Startups - MOX 12,SOSV,http://treepz.com,https://www.linkedin.com/company/plentywaka,,,,
Trainersvault,,Pre-Seed,"Personal trainers are artists, and Trainersvault is iTunes Trainersvault is an online, self servicing, management tool for personal trainers.","Health,Gaming / Media / Entertainment,Consumer",Digital Health; Marketplaces; Media,"Cornell Castle, Anthony Kelani, Cortney Woodruff",SOSV,SOSV Orbit Startups - Chinaccelerator 10,SOSV,http://trainersvault.com,https://www.linkedin.com/company/2690886,,,,
TheFutures.io,150000,Pre-Seed,World-class graphic design delivered in less than 24 hours. TheFutures.io delivers companies world-class graphic Design As A Service.,Consumer,E-Commerce; SaaS,"William Villalobos, Mariano Godoy",SOSV,SOSV Orbit Startups - Chinaccelerator 17,SOSV,http://thefutures.io,https://www.linkedin.com/company/thefutures,,,,
The Tap Lab,,,"The Tap Lab is mobile gaming studio based in Cambridge, MA. Creators of TapCity, Tiny Tycoons, and Bigfoot Hunter.",Gaming / Media / Entertainment,Media,"Dave Bisceglia, Ralph Shao",SOSV,SOSV Portfolio: Sean O'Sullivan,SOSV,http://thetaplab.com,https://www.linkedin.com/company/the-tap-lab,,,,
Ten63 Therapeutics,2570000,Series A,"In silico drug design based on movement Ten63 Therapeutics improves human health by developing potent therapeutics against medically-validated, yet “undruggable” targets.",BioTech,Biopharma; Data & Information Tech; Human Health; Therapeutics,"Mark Hallen, Jonathan Jou, Marcel Frenkel",SOSV (IndieBio),IndieBio 08,SOSV,http://Ten63tx.com,https://www.linkedin.com/company/gavilan-biodesign,,,,
TabTrader,,Series A,Mobile trading terminal for all major cryptocurrency exchanges The crypto market is highly fragmented with traders having to use multiple exchanges to get the best pricing.,"Web3 / Crypto,FinTech / Insurance",Blockchain; Fintech,Kirill Suslov,SOSV,SOSV Orbit Startups - Chinaccelerator 17,SOSV,http://tab-trader.com,https://www.linkedin.com/company/tabtrader,,,,
SyntheX,,Series A,"Drugging the undruggable SyntheX engineers cells with its ToRFLEx platform to discover rare, selective drugs for previously inaccessible protein targets.","Health,BioTech",Biopharma; Healthcare; Human Health; Therapeutics,"Maria Soloveychik, Charly Chahwan",SOSV (IndieBio),IndieBio 03,SOSV,http://synthexlabs.com,https://www.linkedin.com/company/synthex-inc.,,,,
Supplynote,,Growth,Procurement management suite for restaurants Supplynote is a procurement management platform that cuts out the middlemen and automates purchasing for restaurants.,"Logistics / Supply Chain,Consumer",E-Commerce; Food Supply Chain Solutions,"Kumar Kushang, Harshit Mittal, Abhishek Verma, Nitin Prakash",SOSV,SOSV Orbit Startups - MOX 08,SOSV,http://supplynote.in,https://www.linkedin.com/company/adcount-technologies-pvt-ltd,,,,
Storyful,,,"The 1st news agency for the social media age An award-winning social intelligence and news agency that sources, verifies and acquires social content and insights for media and brand partners.",Gaming / Media / Entertainment,Media; SaaS,Mark Little,SOSV,SOSV Portfolio: Bill Liao,SOSV,http://storyful.com,https://www.linkedin.com/company/storyful,,,,
Soliome,0,Pre-Seed,"Sunscreen so safe, you can eat it Sóliome is using peptides to make the world’s safest suncreen, both for humans and for the environment.","Climate / Sustainability,Consumer",Climate Tech; Consumer Bio; Human Health; Sustainable Manufacturing,"Anthony Young, Micah Nelp",SOSV (IndieBio),IndieBio SF 12,SOSV,http://soliome.com,https://www.linkedin.com/company/s,,,,
Snapask,,Growth,"Educational resources for primary and secondary students Snapask, a leading education platform in Asia for students to ask questions and get answered by qualified tutors, published over 50,000 questions in its question bank for free so that students…",Consumer,Education & EdTech,Timothy Yu,SOSV,SOSV Orbit Startups - Chinaccelerator 08,SOSV,http://snapask.com,https://www.linkedin.com/company/snapask,,,,
Smartex,,Series A,Textile industry production defects reduced to zero Smartex has developed defective product detection and production monitoring software for the knitting textile industry.,"Climate / Sustainability,Deeptech / Robotics / AR/VR",Climate Tech; Hard Tech; Industrial IoT; Sustainable Manufacturing,"António Rocha, Gilberto Loureiro, Paulo Ribeiro",SOSV (HAX),HAX 2018,SOSV,http://smartex.ai,https://www.linkedin.com/company/smartex-ai,,2018-01-01,year,
Silicon Republic,,Pre-Seed,"One of Europe's leading technology and innovation news services Europe’s leading English-language tech and innovation news service, Silicon Republic, is Ireland’s leading website for IT and business decision makers focused on making effective use of…",Gaming / Media / Entertainment,Media,Ann O’Dea,SOSV,SOSV Portfolio: Bill Liao,SOSV,http://siliconrepublic.com,https://www.linkedin.com/company/siliconrepublic.com,,,,
SepPure,$15.2M,Series A,"The sustainable solution to industrial chemical separation SEPPURE has created a sustainable chemical-resistant nano-filtration technology to replace energy-intensive chemical separation processes, like distillation, in multiple industries including…","Climate / Sustainability,Deeptech / Robotics / AR/VR",Climate Tech; Hard Tech; Industrial Equipment,Mohammad H. D.A. Farahani,SOSV (HAX),HAX 2018,SOSV,http://seppure.com,https://www.linkedin.com/company/seppure,,2018-01-01,year,
True Made Foods,7000000,Series A,"We turn junk food into superfood We took America’s favorite empty-calorie condiments and turned them into nutrient-dense, paleo superfoods. We add real vegetables (like carrots and butternut squash) to every bottle.","CPG,Consumer",Consumer Packaged Goods,Abraham Kamarck,SOSV,IndieBio Food-X 02,SOSV,http://truemadefoods.com,https://www.linkedin.com/company/true-made-foods,,,,
Rosetta.ai,,Seed,Increase conversion rate by analyzing consumers’ shopping behavior with deep learning Ecommerce businesses spend tons of money to acquire users but can’t monetize as well as Amazon because they don’t have the same recommendation capability.,"Data & Analytics,Consumer",SaaS,"Daniel Huang, Alice Li",SOSV,SOSV Orbit Startups - Chinaccelerator 17,SOSV,https://rosetta.ai,https://www.linkedin.com/company/rosetta-ai,,,,
Rightbot,255000,Seed,Plug-and-play goods-to-person robotics for micro-fulfilment and fulfilment centers Rightbot automates operational warehouses with minimal disruption and infrastructural changes.,"Deeptech / Robotics / AR/VR,Gaming / Media / Entertainment",Hard Tech; Robotics,"Anurag Dutta, Abhinav Warrier",SOSV (HAX),HAX 2020,SOSV,https://rightbot.com/,https://www.linkedin.com/company/31283602,,2020-01-01,year,
Ria Health,1400000,Growth,Tech-enabled telehealth practice providing treatment for Alcohol Use Disorder (AUD) Ria Health delivers evidence-based alcohol addiction treatment through a private at-home program built around a mobile app.,Health,Digital Health; Healthcare; Human Health; Remote care,"John Mendelson, David Deacon, Bob Nix, Tom Nix",SOSV (IndieBio),IndieBio 04,SOSV,http://riahealth.com,https://www.linkedin.com/company/riahealth,,,,
Renegade Bio,,Series A,"Fast, accessible, and secure triage for COVID-19 Renegade.bio invented an improvement on the CDC testing method for COVID-19, turning four reactions into a single-step that doesn’t require RNA extraction.","Health,Cybersecurity",Diagnostics; Human Health,Gabriel Paulino,SOSV,SOSV Portfolio: Sean O'Sullivan,SOSV,http://renegade.bio,https://www.linkedin.com/company/renegadebio,,,,
R-Zero,,Growth,"A new standard for disinfection R-Zero Systems is the first company built from the ground up to tackle the transmission of pathogens in the COVID-19 era, making UV-C disinfection technologies accessible to all.","Climate / Sustainability,Deeptech / Robotics / AR/VR",Climate Tech; Hard Tech; Human Health; Industrial IoT; Robotics,"Jennifer Nuckles, Ben Boyer",SOSV (HAX),HAX 2020,SOSV,http://rzero.com,https://www.linkedin.com/company/rzerosystems,,2020-01-01,year,
QV Bioelectronics,195000,Seed,Developing innovative electrotherapies for cancer QV Bioelectronics is developing an implanted electrotherapy device for the treatment of glioblastoma (GBM).,BioTech,Human Health; Medtech; Therapeutics,"Richard Fu, Chris Bullock",SOSV,IndieBio RebelBio 08,SOSV,http://qvbio.co.uk,https://www.linkedin.com/company/qvbio,,,,
Qidni Labs Inc.,,Series A,Miniaturized dialysis without tap water or bulky systems Qidni works on implantable artificial kidneys for three million patients with kidney failure (end-stage renal disease). Hemodialysis needs 120L of dialysate per four-hour session of dialysis.,,Human Health; Medtech,"Morteza Ahmadi, Andrew Mendonca",SOSV (IndieBio),IndieBio 03,SOSV,http://qidni.com,https://www.linkedin.com/company/qidni,,,,
Pyrone,470000,Pre-Seed,"Selective and targeted bio-insecticides to manage resistance at scale across Agriculture, animal health, and human health applications Pyrone is making the one-step precursor to the world’s most valuable chemicals cheaper than anyone can.","Climate / Sustainability,Consumer",AgTech; Climate Tech; Consumer Bio; Industrial Bio,"Alexander Hutagalung, Brent Shanks, Steven Bessette",SOSV (IndieBio),IndieBio SF 12,SOSV,http://pyronesys.com,https://www.linkedin.com/company/pyrone-systems-inc,,,,
SAVA,,Series A,"A new paradigm in biosensing SAVA is redefining the way people interact with their health by developing the most advanced biosensing technology science has to offer, capable of accessing bodily information in a painless, real-time, and affordable…",,Human Health; Nutrition & Wellness,"Renato Circi, Rafael Michali",SOSV,IndieBio RebelBio 05,SOSV,http://sava.health,https://www.linkedin.com/company/savahealth,,,,
Prellis Biologics,$79.6M,Growth,"Breakthrough therapeutic drug discovery/drug development company for antibody therapeutics, created via bioprinted lymph node organoids.",BioTech,Biopharma; Human Health; Medtech; Therapeutics,Mike Nohaile,SOSV (IndieBio),IndieBio 05,SOSV,http://prellisbio.com,https://www.linkedin.com/company/prellis-biologics,,,,
PIX Moving,,Growth,"Rebuilding the city with autonomous mobility PIX devices provide on-demand moving services, such as an unattended vending car, mobile office, self-driving hotel, and moving karaoke.","Climate / Sustainability,Deeptech / Robotics / AR/VR,Transportation / Mobility",Climate Tech; Hard Tech; Robotics,Angelo Yu,SOSV (HAX),HAX 02,SOSV,https://www.pixmoving.com/,https://www.linkedin.com/company/14478414,,,,
PILI,950000,Series A,"Color made in microbes, design by humans PILI offers a competitive alternative to current commercial dyes with a huge environmental footprint reduction for brands and manufacturers.",Climate / Sustainability,Climate Tech; Industrial Bio; Materials; Sustainable Manufacturing,"Jeremie Blache, Guillaume Boissonnat, Marie-Sarah Adenis, Thomas Landrain",SOSV,IndieBio RebelBio 02,SOSV,https://www.pili.bio,https://www.linkedin.com/company/pili,,,,
Pear Bio,1500000,Series A,Ending the spread of cancer Pear Bio is a computational biology company that has developed a functional precision medicine platform to optimize clinical cancer care and drug development.,"BioTech,Health",Diagnostics; Human Health,"William Lin, Duleek Ranatunga",SOSV,IndieBio RebelBio 08,SOSV,http://pearbio.com,https://www.linkedin.com/company/pearbio,,,,
Paragon Pure,,Seed,"Sprouting food innovations Paragon Flavors creates natural food products via proprietary clean-label drying technology for flavors, natural colors, and nutraceuticals.",Logistics / Supply Chain,Food Supply Chain Solutions; Future Food,"Matthew Sillick, Chris Gregson",SOSV,IndieBio Food-X 09,SOSV,http://paragonpure.com,https://www.linkedin.com/company/paragon-pure,,,,
Ostoform,,Series A,Products to improve skin conditions for people who use ostomy bags Ostoform was born from a need to improve skin health for the ostomates who must regularly cope with appliance leaks and the discomfort of damaged peristomal skin.,Health,Diagnostics; Healthcare; Human Health,Kevin Kelleher,SOSV,SOSV Portfolio: Bill Liao,SOSV,http://ostoform.com,https://www.linkedin.com/company/ostoform-ltd,,,,
OncoPrecision,,Seed,Patient-derived biology powering predictive antibody drug discovery. OncoPrecision leverages high-throughput biology and AI/ML to build patient-centric therapeutic antibody programs.,"Health,BioTech",Healthcare; Human Health; Therapeutics,"Gerardo Gatti, Candelaria Llorens de los Ríos, Gastón Soria, Tarek Ali Zaki",SOSV (IndieBio),IndieBio SF 11,SOSV,http://oncoprecision.bio,https://www.linkedin.com/company/oncoprecision,,,,
Lux Bio,500000,Pre-Seed,"The future of light Lux Bio is the first company in the world developing enzyme-powered light for real-world applications. Our long-duration enzyme platform unlocks multi-billion-dollar markets across safety, defense, entertainment, cosmetics,…",Climate / Sustainability,Climate Tech; Industrial Bio; Materials; Sustainable Manufacturing,"Paige Whitehead, Yamila Franco",SOSV (IndieBio),IndieBio NY 02,SOSV,https://www.luxbio.ca,https://www.linkedin.com/company/luxbio,,,,
Numina,,Pre-Seed,Real-time insights from streets Numina is a standalone computer-vision sensor platform for cities to measure all kinds of activity in streets.,Data & Analytics,Industrial IoT,"Ilan Goodman, Tara Pham",SOSV,SOSV URBAN-X 01,SOSV,http://www.numina.co/,https://www.linkedin.com/company/numina.co,,,,
NovoNutrients,3200000,Series A,"Food from CO2 Novomeal turns waste CO2 into protein for aquaculture and other animal feed. With the same process plants use to turn CO2 into fruits and vegetables, this unique gas fermentation bests agricultural proteins, being up to one thousand…","Climate / Sustainability,BioTech",AgTech; Alt Protein; Climate Tech; Future Food,"Brian Sefton, David Tze",SOSV (IndieBio),IndieBio 07,SOSV,http://novonutrients.com,https://www.linkedin.com/company/novonutrients,,,,
Neurocarrus Inc,4100000,Pre-Seed,Developing long acting non-opioid chronic pain medications Neurocarrus is a biotechnology company developing a novel drug delivery technology to safely disrupt pain signals without addiction-forming medications or disruption of muscular control.,BioTech,Biopharma; Data & Information Tech; Human Health; Nutrition & Wellness,Paul Blum,SOSV (IndieBio),IndieBio 06,SOSV,http://neurocarrus.com,https://www.linkedin.com/company/neurocarrus,,,,
NetGenesis,,,"Helping customers understand, analyze and improve their online businesses. Net.Genesis Corp. provides software and professional services that help its customers understand, analyze and improve their online businesses.",Data & Analytics,Enterprise Software,Matt Cutler,SOSV,SOSV Portfolio: Sean O'Sullivan,SOSV,,,,,,
Neo Network Development,,Seed,"Open access fiber and hybrid wireless for all Neo Network Development delivers low-cost, high-speed internet and phone services to unserved and underserved neighborhoods using open access fiber plus hybrid fiber-wireless networks.",,Industrial IoT,Vince Aragona,SOSV,SOSV Portfolio: Sean O'Sullivan,SOSV,http://neonetworkdevelopment.com,https://www.linkedin.com/company/3572524,,,,
multus media,1190000,Series A,Creating animal-free growth media for the cultivated meat industry Multus Media develops the key ingredient to make cultivated meat affordable and profitable.,"Climate / Sustainability,BioTech",AgTech; Alt Protein; Climate Tech; Future Food,"Cai Linton, Kevin Pan, Reka Tron",SOSV (IndieBio),IndieBio NY 01,SOSV,http://multus.media,https://www.linkedin.com/company/multus-media,,,,
MotionsCloud,2000000,Seed,"Claims automation engine for property and vehicle insurers powered by computer vision MotionsCloud is an inspectech/insurtech company that helps vehicle & property insurance companies, fleet managements companies and airlines to streamline &…","FinTech / Insurance,Dev Tools / Cloud,Transportation / Mobility,PropTech",AI & Machine Learning; Fintech,"Lex Tan, Pablo Vu, Sereyboth Van",SOSV,SOSV Orbit Startups - Chinaccelerator 15,SOSV,http://motionscloud.com,https://www.linkedin.com/company/motionscloud,,,,
Motion Metrics Limited,720000,Series A,Using digital coaching to redefine how physical activities are taught Motion Metrics Limited creates hardware and software to teach you how to perform and improve during physical activity.,"Deeptech / Robotics / AR/VR,Future of Work,Consumer",Consumer Devices; Hard Tech,"Jamie Grant, Pruthvikar Reddy",SOSV (HAX),HAX 06,SOSV,http://getcarv.com,https://www.linkedin.com/company/carvbymotionmetrics,,,,
Monitor Backlinks,,,"Monitor SEO Link Building Efforts Monitor Backlinks helps you understand which links are good for you, tells you when your competition gets new links and lets you know when you lose a link so you can take action to recover it.",,SaaS,Razvan Girmacea,SOSV,SOSV Portfolio: Bill Liao,SOSV,http://monitorbacklinks.com,https://www.linkedin.com/company/monitor-backlinks-ltd-,,,,
Mobio Interactive,4200000,Seed,Effective and Accessible Healthcare for Every Human Our Pre A is fully-raised and closed. Mobio Interactive helps HCPs deliver better medicine to more patients through an AI native remote monitoring + patient support platform that reconfigures…,Health,AI & Machine Learning; Digital Health; Human Health; Mental health,"Mark Thoburn, Bechara Saab",SOSV,SOSV Orbit Startups - Chinaccelerator 12,SOSV,https://www.mobiointeractive.com/,https://www.linkedin.com/company/mobio-interactive-inc-,,,,
Milk Moovement,325000,Series A,Actionable intelligence across the dairy supply chain Milk Moovement is a powerful tool that connects all players in the dairy supply chain.,"Climate / Sustainability,Logistics / Supply Chain",AgTech; Food Supply Chain Solutions,"Robert Forsythe, Jon King",SOSV,IndieBio Food-X 11,SOSV,https://milkmoovement.com,https://www.linkedin.com/company/milk-moovement,,,,
Metabolomic Diagnostics,3150000,Series A,Diagnostic assay that predicts preeclampsia in pregnancy Metabolomic Diagnostics offers a revolutionary blood test to be administered at 15 weeks into a pregnancy that can accurately predict the risk that a woman will develop pre-eclampsia later in…,Health,Diagnostics; Human Health; Women's Health,"Paul Hands, Robin Tuytten, Diarmuid Cahalane",SOSV,SOSV Portfolio: Bill Liao,SOSV,http://metabolomicdiagnostics.com,https://www.linkedin.com/company/metabolomic-diagnostics-ltd,,,,
Mesh++,570000,Seed,"Solar-powered Wi-Fi routers Mesh++ has created solar-powered Wi-Fi routers with a proprietary mesh protocol that ensures a minimal loss of throughput with each jump, thus enabling massively-efficient outdoor Wi-Fi.","Deeptech / Robotics / AR/VR,Climate / Sustainability",Hard Tech; Industrial IoT,Danny Gardner,SOSV (HAX),HAX 11,SOSV,https://meshplusplus.com/,https://www.linkedin.com/company/16267306,,,,
Markit,,Pre-Seed,WeChat Mini Program Markit allows brands to rapidly experiment and collect critical early user feedback on new products and services.,Consumer,E-Commerce,Kassie Wong,SOSV,SOSV Orbit Startups - Chinaccelerator 15,SOSV,,,,,,
Mapflow (Acq’d by Lexis Nexis),,,Mapflow offers location and risk intelligence solutions to the global insurance industry. Mapflow Limited provides location intelligent solutions based on location services platform and enterprise location server.,"FinTech / Insurance,Transportation / Mobility",Transportation Tech,Bill McCarthy,SOSV,SOSV Portfolio: Sean O'Sullivan,SOSV,http://mapflow.com,https://www.linkedin.com/company/mapflow,,,,
Nat4Bio,,Pre-Seed,Mimicking Nature to preserve our Food & Environment Nat4Bio is a biotechnology platform that develops naturally sourced and zero-residue coatings that protect fruits from spoilage.,"Climate / Sustainability,Logistics / Supply Chain",AgTech; Climate Tech; Food Supply Chain Solutions; Industrial Bio,"Leandro Sanchez, Joaquin Fisch",SOSV (IndieBio),IndieBio NY 04,SOSV,https://www.nat4bio.com/,https://www.linkedin.com/company/nat4bio,,,,
xTool,,Growth,"Aluminum version of Lego Mindstorms Makeblock is a construction platform. It provides strong parts mostly made of hardened aluminum that can be used to build build robots, 3D-printers, artwork, and more.",Consumer,Consumer Devices; Industrial IoT,Jasen Wang,SOSV (HAX),HAX 01,SOSV,https://www.makeblock.com/,https://www.linkedin.com/company/makeblock,,,,
Magellan Life Sciences,100000,Pre-Seed,"Discovering, deciphering, and developing unique plant proteins using synthetic biology Magellan Life Sciences is a synthetic biology company that discovers and develops plant-inspired proteins for commercial applications in food and beverage…","Climate / Sustainability,BioTech",Alt Protein; Climate Tech; Future Food,Abhiram Dukkipati,SOSV,IndieBio RebelBio 05,SOSV,http://magellanlifesciences.com,,,,,
LUXSENS,1000000,Seed,LUXSENS is an AI technology company connecting luxury merchants to consumers. Our global price index includes more live product data than any other luxury platform or auction house in the world.,"Web3 / Crypto,Consumer",Blockchain; E-Commerce; Marketplaces,"Kenny Au, Aidaa Wong",SOSV,SOSV Orbit Startups - Chinaccelerator 10,SOSV,http://luxsens.com,https://www.linkedin.com/company/13216833,,,,
Looking Glass Factory,,Growth,The world leader in the field of holographic light-field display Looking Glass Portrait is the first system for personal 3D holograms.,,AI & Machine Learning,"Robert Kodadek, Shawn Frayne, Alex Hornstein",SOSV,SOSV Portfolio: Cyril Ebersweiler,SOSV,http://lookingglassfactory.com,https://www.linkedin.com/company/looking-glass-factory,,,,
LiveKuna,,Seed,"Working with Ecuadorian farmers to create food that's healthy, tastes good, and does good LiveKuna operates a vertically-integrated superfood company, sourcing directly from local farmers and processing and packing products in our own facility.","CPG,Consumer",Consumer Packaged Goods,"Santiago Stacey, Carlos Gutiérrez",SOSV,IndieBio Food-X 05,SOSV,http://livekunashop.com,https://www.linkedin.com/company/3489320,,,,
Liberum Bio,300000,Pre-Seed,"AI-guided protein design with standardized experimental datasets Liberum offers a platform for desktop protein manufacturing. Taking advantage of our suite of proprietary molecular and hardware technologies, we bring speed, scalability, and cost…",BioTech,Industrial Bio; Medtech,"Aidan Tinafar, Keith Pardee, Ryan Fobel",SOSV (IndieBio),IndieBio SF 10,SOSV,http://liberumbio.com,https://www.linkedin.com/company/liberumbio,,,,
Leadoptik,$6.9 Million,Series A,Shrinking Optics. Unlocking Possibilities Last Inch Assessment (LIA) Technology from LEADOPTIK is transforming real-time depth imaging and bridging the gap between diagnosis and therapy for early-stage lung cancer.,"Deeptech / Robotics / AR/VR,Health",Diagnostics; Hard Tech; Healthcare; Human Health,Reza Khorasaninejad,SOSV (HAX),HAX 2020,SOSV,http://leadoptik.com,https://www.linkedin.com/company/leadoptik,,2020-01-01,year,
Lattis,,Pre-Seed,"Next-generation software platform powering multimodal micromobility. Lattis is an End-to-end micromobility management platform for bike, scooter, and vehicle fleet operators to create a cost-effective and secure shared vehicle service.","Climate / Sustainability,Transportation / Mobility",Climate Tech; SaaS,Jack Al-Kahwati,SOSV,SOSV Orbit Startups - Chinaccelerator 19,SOSV,http://lattis.io,https://www.linkedin.com/company/velo-labs,,,,
Labrador Systems,,Series A,Assistive robots for the elderly Labrador’s assistive robots empower individuals to age in place more independently and with dignity.,Deeptech / Robotics / AR/VR,Hard Tech; Human Health; Remote care; Robotics,"Nikolai Romanov, Mike Dooley",SOSV (HAX),HAX 2019,SOSV,http://labradorsystems.com,https://www.linkedin.com/company/labradorsystems,,2019-01-01,year,
Kutanios,420000,Pre-Seed,Defending skin against environmental and aging-related damage Kutanios produces a peptide-based ingredient that prevents skin damage from aging and sun exposure via topical application.,"BioTech,Consumer",Consumer Bio; Human Health; Therapeutics,"Irina Miller, Norman Miller",SOSV (IndieBio),IndieBio NY 03,SOSV,https://www.kutanios.com/,https://www.linkedin.com/company/kutanios-ltd,,,,
Kravve,,Pre-Seed,"The Etsy of food We help mom-and-pop food creators to turn their passion into small businesses. With our technology, we digitalize the selling process and set creators up as entrepreneurs.","Logistics / Supply Chain,Consumer",E-Commerce; Food Supply Chain Solutions,Teh Yong Lin,SOSV,SOSV Orbit Startups - MOX 08,SOSV,https://kravve.co,https://www.linkedin.com/company/kravve,,,,
Kolibree,,,"Connected Electric Toothbrush Kolibree, the smart oral care company has created the world’s first smart sonic toothbrush that turns tooth brushing into a game, educates kids, and empowers parents.",Consumer,Consumer Devices,Thomas Serval,SOSV,SOSV Portfolio: Cyril Ebersweiler,SOSV,http://www.kolibree.com,https://www.linkedin.com/company/kolibree-sas,,,,
Kokoon Technology,6100000,Series A,Intelligent audio to aid sleep and relaxation The Kokoon app delivers specialist audio sessions and programs clinically validated to help people naturally relax and sleep.,Consumer,Consumer Devices; Human Health,"Marta Checa, Richard Hall, Nick Horsley, Tim Antos",SOSV (HAX),HAX 06,SOSV,http://kokoon.io,https://www.linkedin.com/company/5341680,,,,
Kniterate,,Pre-Seed,"The digital knitting machine Kniterate is an affordable and compact digital knitting machine for your workshop. It turns your digital designs into knitted garments automatically, allowing you to go from an idea into a design ready to be made within…",Deeptech / Robotics / AR/VR,Hard Tech; Industrial Equipment,"Triambak Saxena, Gerard Rubio",SOSV (HAX),HAX 08,SOSV,http://kniterate.com,https://www.linkedin.com/company/kniterate,,,,
Kinexcs,,Seed,Monitoring and tracking solutions for the orthopedic industry Kinexcs is building high-resolution wearable devices to enhance patient experience and quality of care for rehabilitation.,"Deeptech / Robotics / AR/VR,Health,Consumer",Consumer Devices; Hard Tech; Healthcare; Human Health,"Jagjit Singh, Abhishek Agrawal",SOSV (HAX),HAX 11,SOSV,http://www.kinexcs.com,https://www.linkedin.com/company/kinexcs,,,,
Jungla,,,"We increasingly look to our genomes for answers. Jungla ensures we find them. ** ACQUIRED 2018 by public company Invitae (Nasdaq: NVTA), subsequently purchased by Labcorp in 2024 ** Headquartered in South San Francisco, Jungla is a biotechnology…",BioTech,Data & Information Tech; Human Health; Remote care,"Carlos Araya, Alexandre Colavin",SOSV (IndieBio),IndieBio 03,SOSV,https://jungla.bio,https://www.linkedin.com/company/jungla-inc-,,,,
KIKO TV,1150000,Series A,Helping retailer sellers on ONDC Kiko Live was conceived with a simple yet innovative vision – to digitize and empower local neighborhood retailers.,"Gaming / Media / Entertainment,Consumer",E-Commerce; Media,"Shivam Varshney, Alok Chawla",SOSV,SOSV Orbit Startups - MOX 10,SOSV,https://kiko.media/,https://www.linkedin.com/company/kikotv,,,,
kegg,350000,Seed,Fertility understood kegg leverages the power of AI and the world’s largest dataset on vaginal health to revolutionize women’s healthcare.,"Deeptech / Robotics / AR/VR,Health,Consumer",Consumer Devices; Hard Tech; Human Health; Mental health,"Kristína Cahojova, Scott Shwarts",SOSV (HAX),HAX 11,SOSV,http://kegg.tech,https://www.linkedin.com/company/11229219,,,,
KalaGato,,Seed,Thrasio for Mobile Apps KalaGato is a built on app buyouts by identifying high growth apps with user data and optimizing their growth and revenue.,,Enterprise Software; SaaS,"Aman Kumar, Himanshu Dhakar",SOSV,SOSV Orbit Startups - Chinaccelerator 17,SOSV,http://kalagato.co,https://www.linkedin.com/company/13306172,,,,
Oobli,5500000,Growth,Making healthy foods sweet with protein Oobil (formerly Joywell Foods) is a food tech company focused on building new and exciting foods around the best tasting and healthiest sweeteners in the world.,"Climate / Sustainability,BioTech",Alt Protein; Climate Tech; Industrial Bio; Nutrition & Wellness,"Tammy Johnson, Ali Wing, Jason Ryder, Alan Perlstein",SOSV (IndieBio),IndieBio 03,SOSV,https://oobli.com,https://www.linkedin.com/company/ooblifoods,,,,
"Jointechlabs, Inc.",1325000,Seed,"Pioneering access to high-quality fat grafts, fat-derived stem cells, and cell therapies Jointechlabs Inc. is an emerging leader in point-of-care regenerative and rejuvenation medicine therapies.",BioTech,Human Health; Therapeutics,"Felix Pustilnik, Nishit Pancholi, Nathan Katz",SOSV (IndieBio),IndieBio 06,SOSV,http://jointechlabs.com,https://www.linkedin.com/company/jointechlabs,,,,
Jianghu,,Pre-Seed,"Professional esports team ownership group Jianghu uses a training system to create, manage, market and monetize esports teams across multiple games. Roar has created 5 teams with 50+ players trained and traded over US$2m+ in commercial deals.",Consumer,E-Commerce,Anthony Wong,SOSV,SOSV Orbit Startups - Chinaccelerator 14,SOSV,http://jianghu.gg,,,,,
Japet Medical,1600000,Seed,The first exoskeleton against back pain Japet Medical Devices is developing robotic equipment for the most advanced quality of treatment for back pain.,"Deeptech / Robotics / AR/VR,Health,CPG",Hard Tech; Healthcare; Human Health; Medtech; Remote care,"Antoine Noel, Damien BRATIC",SOSV (HAX),HAX 09,SOSV,http://japet.eu,https://www.linkedin.com/company/japet,,,,
Intrinsic Medicine (fka Lupa Bio),400000,Series A,"Developing the next generation of essential, disease-modifying medicines Lupa Bio is developing a new drug based on a sugar found in human milk to treat inflammatory diseases.",BioTech,Biopharma; Human Health; Microbiome; Therapeutics,"Alex Martinez, Jason Ferrone",SOSV (IndieBio),IndieBio 09,SOSV,http://intrinsicmedicine.com,https://www.linkedin.com/company/intrinsicmed-inc,,,,
Instoried,,Series A,"AI-powered data-driven solution to make content marketing more human Instoried helps large companies make their marketing and communications content more human with a data-driven, scalable and repeatable approach powered by AI.","Gaming / Media / Entertainment,Consumer",AI & Machine Learning; Education & EdTech,"Sharmin Ali, Sutanshu Raj",SOSV,SOSV Orbit Startups - Chinaccelerator 17,SOSV,http://instoried.com,https://www.linkedin.com/company/instoried,,,,
Inso Bio,3780000,Seed,"Next-generation sample prep. In Solution The need to process many samples is holding genomics back in all sectors, from personalized genomics to agriculture.",,Human Health; Industrial & Research Tools; Industrial Bio,"Adam Bisogni, Harvey Tian",SOSV (IndieBio),IndieBio NY 03,SOSV,https://inso.bio/,https://www.linkedin.com/company/insobio,,,,
Indee Labs,6091245,Series A,Developing scalable hardware for gene delivery Our hardware is uniquely positioned to efficiently develop and scale the manufacturing of gene-modified cell therapies like chimeric antigen receptor T-cells.,"Logistics / Supply Chain,Deeptech / Robotics / AR/VR",Biopharma; Human Health; Medtech,Ryan Pawell,SOSV (IndieBio),IndieBio 02,SOSV,http://indeelabs.com,https://www.linkedin.com/company/indee-,,,,
Inbolt,,Seed,"3D vision-based positioning solution that improves accuracy in complex assembly processes Inbolt is tracking and optimizing physical industrial processes for hand-held tools, robotic arms, and AGVs.",Deeptech / Robotics / AR/VR,Hard Tech; Industrial IoT,"Rudy Cohen, Louis Dumas, Albane Dersy",SOSV (HAX),HAX 2019,SOSV,https://inbolt.fr,https://www.linkedin.com/company/inbolt,,2019-01-01,year,
Impedans,,,Plasma measurement to understand and control the future Impedans provides an intelligent sensing platforms for radio-frequency (RF) and plasma process monitoring.,,Industrial IoT,David Gahan,SOSV,SOSV Portfolio: Bill Liao,SOSV,http://impedans.com,https://www.linkedin.com/company/impedans-ltd,,,,
Hyasynth,12000000,Series A,"Producing the active compounds from cannabis using yeast Despite its increasing popularity in medicine, cannabis is too costly to produce at a large scale with the quality and consistency needed for medical use.","BioTech,Climate / Sustainability",Human Health; Sustainable Manufacturing; Therapeutics,"Alex Campbell, Shoham Mookerjee, Kevin Chen, Zach Wiltshire",SOSV,IndieBio RebelBio 01,SOSV,http://hyasynthbio.com,https://www.linkedin.com/company/hyasynth-biologicals,,,,
Huue,,Series A,Huue is making cleaner jeans with an eco-friendly indigo dyeing process Huue is making more sustainable jeans with their clean indigo dye made with microbial fermentation instead of traditional petrochemical synthesis.,Climate / Sustainability,Climate Tech; Industrial Bio; Materials; Sustainable Manufacturing,"Tammy Hsu, Michelle Zhu",SOSV (IndieBio),IndieBio 08,SOSV,http://huue.bio,https://www.linkedin.com/company/huue,,,,
Hidden Gems Beverage Company,,Pre-Seed,"Drink Reveal, an antioxidant-rich avocado seed brew Hidden Gems Beverage Company is an innovate beverage company that uses science and creativity to create beautiful and exciting drinks from upcycled ingredients.","CPG,Consumer",Consumer Packaged Goods; Nutrition & Wellness,"Zuri Masud, Sheetal Bahirat",SOSV,IndieBio Food-X 10,SOSV,http://drinkreveal.com,https://www.linkedin.com/company/hidden-gems-beverage-company,,,,
Helixworks,350000,Pre-Seed,"We put the data in DNA Helixworks designs, manufactures, and sells DNA-based data storage technologies. Our programmable DNA data storage material can either be applied as a coating or integrated with other materials to encode data files or small…",Web3 / Crypto,Blockchain,"Nimesh Pinnamaneni, Sachin Chalapati",SOSV,SOSV Portfolio: Bill Liao,SOSV,http://helix.works,https://www.linkedin.com/company/7791245,,,,
Harmonix,,,"Music & Motion video game developer ** Acquired by Viacom 2008 ** ** Brought private in 2015 ** ** Acquired by EPIC Games in 2021 ** Harmonix is one of the world’s leading independent game development studios, best known for creating blockbuster…","Gaming / Media / Entertainment,Dev Tools / Cloud",Media,"Alex Rigopulos, Eran Egozy",SOSV,SOSV Portfolio: Sean O'Sullivan,SOSV,http://harmonixmusic.com,https://www.linkedin.com/company/21669,,,,
AvantGuard,550000,Series A,"Developing your first line of defense for when antibiotics fail AvantGuard is a venture backed, Cornell University spin-off, IndieBio alum with grant funding from the NIH and NSF, among others, run by an experienced entrepreneur.","CPG,Deeptech / Robotics / AR/VR,Consumer",Consumer Packaged Goods; Human Health; Industrial Bio; Nutrition & Wellness,"Ted Eveleth, Gregory Bertsch",SOSV (IndieBio),IndieBio NY 01,SOSV,https://www.avantguardinc.com,https://www.linkedin.com/company/avantguard-inc,,,,
GlowDx,270000,Seed,Diagnostic for everyone GlowDx develops platforms to democratize access to molecular diagnostics in emerging economies. The company is seeking to disrupt the diagnostics sector by making at-home testing for both sexually-transmitted diseases and…,Health,Diagnostics; Human Health,"Blaine Doyle, Yensi Flores",SOSV,IndieBio RebelBio 02,SOSV,http://glowdx.com,,,,,
Global Protein Solutions,,,"Global Procurement, Supply Chain Management & Marketing Services of meat protein products GPS FOOD GROUP is a specialist business that manages the procurement, production, logistics and marketing elements of the supply chain ensuring that the…","BioTech,Logistics / Supply Chain",Food Software,"Brian Perkins, Padraig McCarthy, Fergus Quinn-Smith",SOSV,SOSV Portfolio: Sean O'Sullivan,SOSV,http://gpsfoodgroup.com,https://www.linkedin.com/company/gps-food-group-uk-limited,,,,
Global Belly,150000,Seed,Turning followers into customers for food influencers Global Belly is the first platform that enables food influencers to monetize their brands by launching their own custom line of products.,Logistics / Supply Chain,Food Supply Chain Solutions; Nutrition & Wellness,"Madhuri Sharma, Ankita Sharma",SOSV,IndieBio Food-X 07,SOSV,https://globalbelly.com/,https://www.linkedin.com/company/6584977,,,,
Girihlet,2500000,Seed,Immune repertoires Girihlet is a multi-dimensional platform that will accelerate the discovery of disease-monitoring and therapeutic strategies for complex immune diseases.,Health,Diagnostics; Human Health,"Anitha Jayaprakash, Ravi Sachidanandam",SOSV (IndieBio),IndieBio 02,SOSV,http://girihlet.com,https://www.linkedin.com/company/girihlet-inc-,,,,
Getaround,,Growth,Peer-to-peer carsharing and local car rental Getaround is an online carsharing or peer-to-peer carsharing service that allows drivers to rent cars from private car owners. Owners can rent out their cars for payment.,"Climate / Sustainability,Transportation / Mobility,PropTech,Consumer",Climate Tech; Marketplaces; Transportation Tech,"Jessica Scorpio, Elliot Kroo, Sam Zaid",SOSV,SOSV Portfolio: Sean O'Sullivan,SOSV,http://getaround.com,https://www.linkedin.com/company/getaround,,,,
Purchs (fka FreshSpoke),850000,Seed,The CPG Marketplace Where Retailers & Vendors Work Better Together We simplify order management for vendors & merchants. Purchs is revolutionizing the supply chain.,"Logistics / Supply Chain,Consumer",E-Commerce; Food Supply Chain Solutions; Marketplaces,Marcia Woods,SOSV,IndieBio Food-X 07,SOSV,http://purchs.io,https://www.linkedin.com/company/purchs,,,,
FreeD Group,,Series A,The Intelligent Ways of Life FREED GROUP is a technology innovator specializing in building proprietary Marketplace Enablement and Enterprise Application solutions.,,AI & Machine Learning,"Kenneth Lee, Abel Zhao",SOSV,SOSV Orbit Startups - Chinaccelerator 16,SOSV,https://www.freedgrouptech.com/,https://www.linkedin.com/company/freed-group,,,,
Formlabs,,Growth,"High-resolution 3D printing designed for your desktop Scale prototyping and production with affordable, industrial-quality SLA and SLS 3D printers.",Climate / Sustainability,Climate Tech; Human Health; Industrial IoT,"Maxim Lobovsky, David Cranor, Natan Linder",SOSV,SOSV Portfolio: Cyril Ebersweiler,SOSV,http://formlabs.com,https://www.linkedin.com/company/formlabs,,,,
FoodMarble,5400000,Series A,"Digestive health platform FoodMarble provide technology to help patients and consumers to measure their digestion. This is done using a tiny, app-connected breath test device.",Health,Healthcare; Human Health,"Peter Harte, Lisa Ruttledge, Aonghus Shortt, Niall Moloney",SOSV,SOSV Portfolio: Bill Liao,SOSV,http://foodmarble.com,https://www.linkedin.com/company/foodmarble,,,,
FoodCloud,28000000,Pre-Seed,"India's #1 marketplace for home-cooked food FoodCloud is an online marketplace connecting consumers with home chefs, bakers, and caterers.","Dev Tools / Cloud,Logistics / Supply Chain,Consumer",Food Supply Chain Solutions; Marketplaces,"Sanjhi Rajgarhia, Vedant Kanoi",SOSV,IndieBio Food-X 06,SOSV,http://foodcloud.in,,,,,
Flickstree,,Growth,"AI video Flickstree helps brands automatically create engaging video content, which is then distributed across Flickstree’s phone partners as well as Flickstree’s own B2C marketplace PlusYouClub.",Gaming / Media / Entertainment,AI & Machine Learning; Media,"Nagender Sangra, Rahul Jain, Saurabh Singh",SOSV,SOSV Orbit Startups - MOX 06,SOSV,https://www.flickstree.com,https://www.linkedin.com/company/flickstree,,,,
Finless Foods,54000000,Growth,Creating a future for seafood where the ocean thrives Finless Foods is committed to creating a future for seafood where the ocean thrives.,"Climate / Sustainability,BioTech",Alt Protein; Climate Tech; Future Food,Michael Selden,SOSV (IndieBio),IndieBio 05,SOSV,http://finlessfoods.com,https://www.linkedin.com/company/finlessfoods,,,,
Fieldcraft,125000,Pre-Seed,Fieldcraft is the vertical marketplace and digital supply chain for agriculture Marketing for producers is expensive and time-consuming.,"Logistics / Supply Chain,Consumer",E-Commerce; Food Supply Chain Solutions; Marketplaces,"Michael Chapman, Kristy Flynn",SOSV,IndieBio Food-X 11,SOSV,http://fieldcraft.com,https://www.linkedin.com/company/teamfieldcraft,,,,
Green Li-ion,,Series A,Battery recycling technology for higher yields and purity Green Li-ion is building novel industrial chemistry to fully rejuvinate and recycle lithium-ion batteries.,"Climate / Sustainability,Deeptech / Robotics / AR/VR",Climate Tech; Energy; Hard Tech; Industrial Equipment,"Leon Farrant, Reza Katal",SOSV (HAX),HAX 2020,SOSV,http://greenli-ion.com,https://www.linkedin.com/company/green-li-ion,,2020-01-01,year,
Fairmart,,Seed,Boost foot traffic to your retail store Fairmart​ drives sales for local retailers by making their products searchable by customers in their neighborhood. We do this through a combination of IoT and SEO to drive in-store transactions.,,Industrial IoT,"Jan Gasparic, Daniil Moskovtsov",SOSV (HAX),HAX 2020,SOSV,http://fairmart.app,https://www.linkedin.com/company/fairmart-technology,,2020-01-01,year,
Ensuro,355000,Pre-Seed,"Ensuro is a decentralized capital provider for insurance risk Ensuro is the first decentralized, licensed (re)insurer on a public blockchain. We use smart contracts to curate competitive insurance portfolios.","Web3 / Crypto,FinTech / Insurance",Blockchain; Fintech,Marco Mirabella,SOSV,SOSV Orbit Startups - Chinaccelerator 20,SOSV,http://ensuro.co,https://www.linkedin.com/company/ensuro,,,,
ELSA,,Series A,"Pronunciation training and accent reduction using speech recognition ELSA Speak—an AI app for English pronunciation, SXSW Edu 2016 Winner—is making its Pro version free for K-12 students worldwide.",Consumer,AI & Machine Learning; Education & EdTech,"Vu Van, Xavier Anguera",SOSV,SOSV Orbit Startups - MOX 02,SOSV,http://elsanow.io,https://www.linkedin.com/company/elsa-corp,,,,
DropGenie,,Seed,Gene editing at the click of a button DropGenie is developing a machine that enables scientists to make meaningful changes to genomes.,,Industrial & Research Tools,"Alison Hirukawa, Philippe Vo, Hugo Sinha, Mathieu Husser",SOSV,IndieBio RebelBio 06,SOSV,http://drop-genie.com,https://www.linkedin.com/company/drop-genie,,,,
Diadem Biotherapeutics,,Seed,"Engineered extracellular vesicles that tune immunity precisely Diadem Biotherapeutics, Inc. is a platform therapeutics company developing a broad pipeline of first-in-class immunotherapies.",BioTech,Biopharma; Human Health; Therapeutics,"Mickey Pentecost, Woytek Bartkowski",SOSV (IndieBio),IndieBio 09,SOSV,http://diadembio.com,https://www.linkedin.com/company/19064452,,,,
Deyor Camps,,Pre-Seed,"A lifestyle community for Indian millennials through online experiences and trips Millennials across India want to meet, learn from, and share new experiences with a community of like-minded individuals.",Consumer,E-Commerce,"Himanshu Agarwal, Chirag Gupta",SOSV,SOSV Orbit Startups - Chinaccelerator 17,SOSV,http://deyorcamps.com,https://www.linkedin.com/company/deyorcamps,,,,
Dalton Bioanalytics,,Seed,"One-shot multi-omic profiling for biomakerr discovery, advanced health profiling, process optimization, and drug development Dalton Bioanalytics has developed a new way of analyzing all of the different types of biochemicals in blood.","BioTech,Health,Data & Analytics",Diagnostics; Human Health,"Seungjun Yeo, Austin Quach",SOSV (IndieBio),IndieBio 09,SOSV,http://daltonbioanalytics.com,https://www.linkedin.com/company/dalton-bioanalytics,,,,
Down,,,We help people strengthen relationships offline through honest interactions DOWN uses social apps to help people strengthen relationships in the offline world through honest interactions.,"Gaming / Media / Entertainment,Consumer",E-Commerce; Media,Colin Hodge,SOSV,SOSV Orbit Startups - MOX 01,SOSV,http://downapp.com,https://www.linkedin.com/company/down-dating-social-apps,,,,
Cybele Microbiome,560000,Pre-Seed,Precision control for the skin microbiome At Cybele Microbiome we have an AI platform that brings precision control to the microbiome.,Consumer,Consumer Bio; Microbiome; Nutrition & Wellness,"Brian Jessup, Nicole Scott, Eddie Adams",SOSV (IndieBio),IndieBio SF 10,SOSV,http://cybelemicrobiome.com,https://www.linkedin.com/company/cybelemicrobiome,,,,
CRIAM,1300000,Seed,"Portable blood testing device for accessible, on-the-spot diagnostics Optimize blood testing services, by bringing a reliable, affordable and rapid diagnostic solution close to every patient.","Deeptech / Robotics / AR/VR,Health",Diagnostics; Hard Tech; Healthcare; Human Health,Vitor Crespo,SOSV (HAX),HAX 09,SOSV,http://criamknowledge.com,https://www.linkedin.com/company/criam,,,,
Covario,8000000,Seed,A full-service crypto prime brokerage for institutional investors Institutional investors from traditional hedge funds to mutual funds are looking to add crypto to their portfolios to diversify risk and take advantage of the volatility.,"Web3 / Crypto,FinTech / Insurance",Blockchain; Fintech,Mark Banner,SOSV,SOSV Orbit Startups - Chinaccelerator 17,SOSV,http://covar.io,https://www.linkedin.com/company/covario_ch,,,,
Coutloot,1200000,Growth,"India's largest O2O social commerce platform E-commerce in India is taking off but it is dominated by a few large players. Coutloot enables small retailers and individuals to start selling online by providing documentation, logistics, and cash on…",Consumer,AI & Machine Learning; E-Commerce,"Vinit Jain, Mahima Kaul, Jasmeet Thind",SOSV,SOSV Orbit Startups - MOX 06,SOSV,http://coutloot.com,https://www.linkedin.com/company/coutloot,,,,
Convalesce Inc,,Pre-Seed,"Stem cell therapy for neurodegenerative diseases Convalesce is a therapeutic company enabling stem cell-based therapy for neurodegenerative conditions like Parkinson’s, harnessing state-of-art biomaterials.","BioTech,Health",Biopharma; Therapeutics,"Amrutraj Zade, Subhadeep Das",SOSV (IndieBio),IndieBio 07,SOSV,http://convalesce.co,https://www.linkedin.com/company/convalesce,,,,
Contextere,1800000,Pre-Seed,"Real-time, decision-making support for the industrial workforce Contextere is dedicated to transforming the industrial workplace by empowering blue-collar workers with the skills, tools, and knowledge they need to reach their full potential.",Future of Work,AI & Machine Learning; Enterprise Software,"Carl Byers, Gabriel Batstone",SOSV,SOSV URBAN-X 02,SOSV,http://contextere.com,https://www.linkedin.com/company/contextere,,,,
Contango,,Seed,"Perps built through looping, the native way of trading on-chain. Contango builds perps via looping on money markets. Deep liquidity is sourced on money markets, where interest rates produce less volatile funding rates.","Web3 / Crypto,FinTech / Insurance",Blockchain; Fintech,"Egill Hreinsson, Bruno Bonanno, Kamel Aouane",SOSV,SOSV dlab 04,SOSV,https://contango.xyz,https://www.linkedin.com/company/contango-protocol,,,,
Conan MedTech,668000,Pre-Seed,Real-time concussion detection Conan MedTech is producing a rapid POC diagnostic test for concussions that can be performed on the sidelines.,Health,Diagnostics; Human Health,"Dania Giaddui, Bayan A. Alturkestani",SOSV (IndieBio),IndieBio NY 04,SOSV,https://www.conanmedtech.com,,,,,
Coffee Exchange,0,Seed,Global Green Coffee Trading Platform Coffee Exchange develops technologies to streamline & increase transparency in critical supply chains in the Global Coffee Industry.,"FinTech / Insurance,Logistics / Supply Chain,Consumer",E-Commerce; Food Supply Chain Solutions,"Alok Somani, Lewis Harding",SOSV,SOSV Orbit Startups - Chinaccelerator 14,SOSV,http://coffee.exchange,https://www.linkedin.com/company/coffeeexchange,,,,
Codejudge,400000,Pre-Seed,Codejudge is a platform that enables skill based hiring for recruiters Companies today spend 100+ hours in developer interviews to find the right candidate.,Future of Work,AI & Machine Learning,"Krutika Rastogi, Akhil Mittal, Nilesh Agarwal",SOSV,SOSV Orbit Startups - Chinaccelerator 18,SOSV,https://codejudge.io,https://www.linkedin.com/company/codejudge-inc,,,,
Clever Robot Labs,50000,Pre-Seed,AR/VR creation platform At Clever Robot Labs we are creating the next generation of AR technology for games. Our mapping speed and functionality goes way beyond Pokemon Go.,Deeptech / Robotics / AR/VR,AR / VR,"Cyrus Lum, Matt Orlich",SOSV,SOSV Orbit Startups - Chinaccelerator 11,SOSV,http://cleverrobotlabs.com,https://www.linkedin.com/company/clever-robot-labs-inc.,,,,
CleanRobotics,1000000,Series A,Robotics for a greener tomorrow CleanRobotics has built an autonomous sorting system that makes recycling affordable for businesses and profitable for recycling plants.,"Climate / Sustainability,Deeptech / Robotics / AR/VR",Climate Tech; Hard Tech; Industrial IoT; Robotics,"Vaishnavi Krishnamurthy, Charles Yhap, Koushil Sreenath",SOSV (HAX),HAX 08,SOSV,http://cleanrobotics.com,https://www.linkedin.com/company/cleanrobotics,,,,
CITYDATA,,Seed,"How many people are in your city? And what are the mobility patterns? LOTaData, a provider of geospatial intelligence for smarter cities and real-world businesses , recently started analyzing their data for Italy, Spain and the US on a daily basis…",Transportation / Mobility,AI & Machine Learning; SaaS,Apurva Kumar,SOSV,SOSV Orbit Startups - MOX 02,SOSV,http://citydata.ai,https://www.linkedin.com/company/citydata-ai,,,,
Circularis,,,"Control any gene, any species Circularis has developed a powerful and novel method to regulate gene expression to increase minimum bio-therapeutic production yields by up to ten times.",Climate / Sustainability,Biopharma; Human Health; Industrial Bio; Medtech; Sustainable Manufacturing,"James Lincoln, LeAnn Lindsay, Paul Feldstein",SOSV (IndieBio),IndieBio 02,SOSV,http://circularisbiotech.com,https://www.linkedin.com/company/circularisbiotech,,,,
Circadia,1000000,Series A,"Predictive Technology for Proactive Senior Care Circadia enables the early detection of respiratory complications, the third leading cause of death, to save patient lives.","Health,Deeptech / Robotics / AR/VR",Digital Health; Hard Tech; Healthcare; Human Health; Remote care,"Fares Siddiqui, Michal Maslik",SOSV (HAX),HAX 09,SOSV,http://circadia.health,https://www.linkedin.com/company/circadia,,,,
Chinova Bioworks,250000,Series A,Nature's preservative. Our passion Chinova Bioworks uses a natural and effective antimicrobial chitosan polymer with broad spectrum protection.,Climate / Sustainability,Climate Tech; Future Food; Nutrition & Wellness,"David Brown, Natasha Dhayagude",SOSV,IndieBio RebelBio 03,SOSV,http://chinovabioworks.com,https://www.linkedin.com/company/chinova-bioworks,,,,
China Admissions,170000,Pre-Seed,Online platform for international students to discover China's best universities China Admissions is the leading online platform for ambitious international students to learn about and apply to China’s top universities.,Consumer,Education & EdTech,Richard Coward,SOSV,SOSV Orbit Startups - Chinaccelerator 10,SOSV,http://china-admissions.com,https://www.linkedin.com/company/china-admissions,,,,
Chekk,,Seed,"Digital Identity, KYC, KYB, AML & Data portability for Individuals & Corporates Chekk is a Digital Identity leader providing secure end-to-end Know Your Customer solutions that remove the pain and costs from interactions between companies and their…","FinTech / Insurance,Cybersecurity",Fintech; SaaS,Pascal Nizri,SOSV,SOSV Orbit Startups - MOX 07,SOSV,https://www.chekk.me,https://www.linkedin.com/company/chekk,,,,
Ceragen,0,Seed,"Probiotics for plants to increase crop yields Ceragen contributes to the sustainable intensification of crop production with a single application of their ACCelerate probiotic, which increases hydroponic tomato yields up to 16% in field trials.","Climate / Sustainability,Consumer",AgTech; Climate Tech; Consumer Bio; Microbiome,"Jeff Mores, Matthew Rose, Danielle Rose",SOSV (IndieBio),IndieBio NY 03,SOSV,https://ceragengrow.com,https://www.linkedin.com/company/ceragengrow,,,,
Cellens Inc,1000000,Seed,"Non-invasive urine cancer diagnostics with nanoscale touch Cellens develops a non-invasive, urine-based cancer diagnostic platform that detects cancer using label-free single-cell biophysical fingerprints.","Health,BioTech",Computational Bio; Diagnostics; Healthcare; Human Health,"Tanuj Sapra, Jean Pham, Igor Sokolov",SOSV (IndieBio),IndieBio SF 12,SOSV,https://cellensinc.com,https://www.linkedin.com/company/cellens-inc,,,,
Cellari,116000,Pre-Seed,Artificial intelligence-based image analysis Cellari enables doctors and non-specialists to take full advantage of recent developments in artificial intelligence.,,AI & Machine Learning; Computational Bio; Industrial & Research Tools,"Erik Poulsen, Peter Jensen",SOSV,IndieBio RebelBio 06,SOSV,https://cellari.io,https://www.linkedin.com/company/cellari,,,,
Cayuga Biotech,2400000,Seed,Biomimetic Solutions for Hemorrhage Control Cayuga Biotech is a clinical-stage company developing novel therapeutics to address hemorrhage by harnessing the body’s innate ability to stop bleeding.,BioTech,Biopharma; Human Health; Therapeutics,"Andrea Ashford-Hicks, Nathan Ogden, Kyle Ploense",SOSV (IndieBio),IndieBio NY 01,SOSV,http://cayugabiotech.com,https://www.linkedin.com/company/cayuga-biotech,,,,
CASPR Biotech,400000,,"Next-generation CRISPR diagnostics Caspr.bio has a COVID-19 test leveraging the CRISPR Cas-12 enzyme that is cheap and rapid, at point of care.","BioTech,Health",Diagnostics; Human Health; Medtech,"Carla Gimenez, Lucia Curti, Franco Goytia",SOSV (IndieBio),IndieBio 08,SOSV,https://caspr.bio/,https://www.linkedin.com/company/casprbio,,,,
Carma,,Series A,Occupancy validation and road-user charging Carma is a world leader in technology that encourages and enables high-occupancy commuting.,"Climate / Sustainability,Transportation / Mobility",Climate Tech; Transportation Tech,"Emmett Murphy, Lawrence Mulligan",SOSV,SOSV Portfolio: Sean O'Sullivan,SOSV,http://gocarma.com,https://www.linkedin.com/company/carmaridesharing,,,,
Carbix,752000,Pre-Seed,"Carbon-negative construction materials from smart CO2 reactors Carbix transforms CO2 into raw materials, like carbonates, for sustainable cement and concrete.","Climate / Sustainability,PropTech",Climate Tech; Materials; Sustainable Manufacturing,"Johann Sammy, Vinit Dighe",SOSV (IndieBio),IndieBio SF 10,SOSV,http://carbixcorp.com,https://www.linkedin.com/company/carbixcorp,,,,
CAPSL (Capsl Entertainment Limited),1386500,Seed,"A live audio game influencer platform helping creators monetize through competition CAPSL a competitive gaming platform that makes launching and competing in online tournaments easy, safe, secure and scalable, across thousands of mobile game titles.","Web3 / Crypto,Gaming / Media / Entertainment,Consumer",Blockchain,Paddy Markham,SOSV,SOSV Orbit Startups - Chinaccelerator 14,SOSV,http://capsl.cc,,,,,
CanCan,,Seed,"Helping SMEs manage their financials and business anytime, anywhere CanCan is a cloud-based software service that provide real-time, critical financial and management information to SME owners and managers.",FinTech / Insurance,Fintech; SaaS,Katherine Lui,SOSV,SOSV Orbit Startups - Chinaccelerator 09,SOSV,https://www.cancangroup.com/website,https://www.linkedin.com/company/canasia-consulting,,,,
Calyx,0,Series A,AI decision making to improve poultry health and grower decision making BioInspira provides an emissions monitoring service for the industry.,,Food Software; Industrial Bio; Industrial IoT,"Benson Fan, Ray Chiu",SOSV (IndieBio),IndieBio 04,SOSV,http://calyxtechs.com,https://www.linkedin.com/company/calyxtechs,,,,
California Cultured,5000000,Seed,"Sustainable chocolate without the cacao beans, deforestation, or exploitation California Cultured produces sustainable chocolate produced from plant stem cells cultured to highlight the best flavors and functional compounds.","Climate / Sustainability,BioTech",Alt Protein; Climate Tech; Future Food,"Steve Stearns, Harrison Yoon, Alan Perlstein",SOSV (IndieBio),IndieBio SF 11,SOSV,http://cacultured.com,https://www.linkedin.com/company/california-cultured,,,,
Butlr,1500000,Growth,"AIoT insight and intelligence for indoor movement and body temperature Butlr’s deploys privacy conscious sensor networks to quantify human movement in settlings like supermarkets, big-box retailers, homes, and offices.",,AI & Machine Learning; Industrial IoT,"Ziran Zhang, Honghao Deng",SOSV (HAX),HAX 2020,SOSV,http://butlr.tech,https://www.linkedin.com/company/butlr-io,,2020-01-01,year,
BuildPan,1531973,Seed,"Build, Test & Deploy Mobile applications are an integral part of every business but development is tedious, time-consuming, and requires constant development and improvement.",Dev Tools / Cloud,Enterprise Software; SaaS,"Virendra Chouhan, Vaibhav Tiwari",SOSV,SOSV Orbit Startups - Chinaccelerator 18,SOSV,http://buildpan.com,,,,,
Rheom,3359000,Seed,"Next-gen materials leveraging the plastics supply chain Rheom Materials is pioneering next-gen materials that leverage existing plastics manufacturing to create scalable, biobased alternatives from the Earth for the Earth.","Climate / Sustainability,Logistics / Supply Chain",Climate Tech; Industrial Bio; Materials; Sustainable Manufacturing,"Carolina Ferril, Robbie Pateder, Zimri T. Hinshaw",SOSV (IndieBio),IndieBio NY 02,SOSV,http://www.rheom.com,https://www.linkedin.com/company/buchaleather,,,,
Bubbleye,,Seed,"User Acquisition Automator Bubbleye automates user acquisition for mobile app and game publishers. Through a wide range of integrations and proprietary automation algorithms, Bubbleye monitors, controls and optimizes advertising parameters such as…",,SaaS,"James O’Claire, Roman Alexis Anastasini, Stefano Roncari",SOSV,SOSV Orbit Startups - MOX 01,SOSV,https://bubbleye.ai,https://www.linkedin.com/company/bubbleye,,,,
P.Happi,,Seed,Next-generation microbiome femcare for a healthy urinary tract We are a female health company developing next-generation femcare. Our bio-active intimate cream fights resistant bacteria that cause urinary tract infections and intimate discomfort.,Consumer,Consumer Bio; Human Health; Microbiome; Nutrition & Wellness; Women's Health,Chiara Heide,SOSV (IndieBio),IndieBio NY 01,SOSV,https://www.p-happi.com,https://www.linkedin.com/company/phappi,,,,
Bramble,225000,Seed,"Feed your pets the way you feed yourself Bramble is the first company to feed pets 100% plant-based, “meaty” fresh food delivered straight to their (doggy) door.","Climate / Sustainability,BioTech,CPG,Consumer",Alt Protein; Climate Tech; Consumer Packaged Goods; Future Food,Amanda Rolat,SOSV,IndieBio Food-X 11,SOSV,http://bramblepets.com,https://www.linkedin.com/company/bramblepets,,,,
Braingaze,1000000,Pre-Seed,Digitalize diagnosis and treatment for cognitive disorders Cognitive disorders with dementia alone causing US$680b in global economic impact.,Health,AI & Machine Learning; Digital Health; Human Health,"Hans Supèr, Laszlo Bax",SOSV,SOSV Orbit Startups - Chinaccelerator 17,SOSV,http://braingaze.com,https://www.linkedin.com/company/braingaze,,,,
Bosque Foods,,Seed,"Whole muscle meat alternatives grown naturally from fungi Bosque Foods leverages the power of fungi to create the next generation of meat alternatives that will satisfy omnivores and flexitarians alike, starting with whole-cut meat products grown…","Climate / Sustainability,BioTech",Alt Protein; Climate Tech; Future Food,Isabella Iglesias-Musachio,SOSV (IndieBio),IndieBio NY 03,SOSV,https://bosquefoods.com,https://www.linkedin.com/company/bosquefoods,,,,
Booster AgTech,,Pre-Seed,Data-driven farming decision platform BoosterAgro is a digital platform that helps farmers improve their operations by delivering high-quality climate data insights.,"Climate / Sustainability,Logistics / Supply Chain",AgTech; Food Supply Chain Solutions,"Sebastián Galdeano, Marcos Alvarado",SOSV,IndieBio Food-X 03,SOSV,https://boosteragro.com/,https://www.linkedin.com/company/4788515,,,,
Blink,2000000,Seed,"Shopify for restaurants' ordering system and delivery service Blink empowers retail businesses to improve their profitability by increasing their online sales, reducing their dependence on aggregators, and engaging with customers directly through a…","Logistics / Supply Chain,Consumer",E-Commerce; Food Supply Chain Solutions,Sair Ali,SOSV,SOSV Orbit Startups - MOX 08,SOSV,https://www.blinkco.io/ar/,https://www.linkedin.com/company/eat-mubarak,,,,
Bizzy Coffee,2500000,Seed,"Bizzy coffee for busy people Bizzy Coffee is made for busy people, by busy people—bringing you the highest quality cold brew coffee to make sure it fits into your busy life!","CPG,Consumer",Consumer Packaged Goods,"Andrew Healy, Alexander French",SOSV,IndieBio Food-X 03,SOSV,http://bizzycoffee.com,https://www.linkedin.com/company/10255358,,,,
InsightGenie,,Seed,"Next Generation Risk Assessment for the Unbanked InsightGenie (formerly Bizbaz) offers financial intelligence solutions to financial institutions, fintech firms, e-commerce and telecommunication companies in Asia.",FinTech / Insurance,Fintech,,SOSV,SOSV Orbit Startups - Chinaccelerator 19,SOSV,https://insightgenie.ai,https://www.linkedin.com/company/insightgenieai,,,,
"Bitome, Inc.",700000,Pre-Seed,"Better tools, faster science Bitome uses metabolomic insights to drive efficient biomanufacturing. Bitome’s magnetic-resonance/neural-network-driven platform provides quantified analysis of the cell culture environment—enabling bio-based products to…","Deeptech / Robotics / AR/VR,Health",Hard Tech; Healthcare; Industrial Equipment,"Jens Höfflin, Trevor Kemp, Herbert Ryan",SOSV (HAX),HAX 09,SOSV,http://bitome.com,https://www.linkedin.com/company/7967369,,,,
bitHolla,,Pre-Seed,Crypto exchange white-label and coin creation solutions bitHolla is a crypto solutions provider specializing in white-label exchange and wallets technology.,"Web3 / Crypto,FinTech / Insurance",Blockchain; Fintech,"Alireza Beikverdi, Adrian Pollard",SOSV,SOSV Orbit Startups - Chinaccelerator 12,SOSV,https://bitholla.com/,https://www.linkedin.com/company/bitholla,,,,
Bistrochat,225000,Seed,Restaurant management software for the chat age with superior NLP capabilities Bistrochat is a restaurant management software for the chat age.,Logistics / Supply Chain,Food Supply Chain Solutions; SaaS,"Xavier Besnault, Alexandre Sonier, Hacene Taibi",SOSV,SOSV Orbit Startups - MOX 10,SOSV,http://bistrochat.com,,,,,
BISON,,,Private fund analytics Cobalt is an innovative software company working to develop an indispensable suite of business intelligence tools for the front offices of the private markets of fund operators and investors.,"FinTech / Insurance,Data & Analytics",Fintech,"Rasmus Goksor, David Backman",SOSV,SOSV Portfolio: Sean O'Sullivan,SOSV,http://bison.co,https://www.linkedin.com/company/2235483,,,,
BirdShades,115000,Pre-Seed,We give birds the vision to stop window collisions We are developing a transparent high-tech film that makes glass visible to birds while remaining invisible for humans.,Climate / Sustainability,Sustainable Manufacturing,Dominique Waddoup,SOSV,IndieBio RebelBio 07,SOSV,http://www.birdshades.com,https://www.linkedin.com/company/birdshades,,,,
Bioptamers,167500,Pre-Seed,"Personalized precision therapies At Bioptamers, we spot the molecular differences between tumor cells and healthy cells and create personalized molecules to deliver chemo- and radio- immunotherapies.",,Human Health; Industrial & Research Tools,"Emerson Moretto, Erika de Simone Molina",SOSV,IndieBio RebelBio 07,SOSV,http://bioptamers.com,https://www.linkedin.com/company/bioptamers,,,,
BiomeSense,500000,Seed,"Revolutionizing microbiome discovery BiomeSense is developing an integrated biosensor and cloud-based software platform to massively scale the collection and analysis of gut microbiome data, producing up to 30 times the data of existing tools for…",Health,Healthcare; Human Health; Medtech; Microbiome,"Dylan Nichols, Savas Tay, Kevin Honaker",SOSV (IndieBio),IndieBio 08,SOSV,http://biomesenseinc.com,https://www.linkedin.com/company/18984244,,,,
Biolumen,,Seed,I-stomach sugar and caloric elimination BioLumen is a nutritional technology company that has developed a dietary fiber technology platform that can mitigate the negative impact of a western diet heavy in processed foods.,Consumer,Consumer Bio; Microbiome; Nutrition & Wellness,Paolo Costa,SOSV (IndieBio),IndieBio 09,SOSV,http://biolumen.tech,https://www.linkedin.com/company/biolumen,,,,
BioAesthetics,4632850,Series A,"The next step in breast reconstruction BioAesthetics is developing a tissue engineered nipple-areolar complex (NAC) for patients with incomplete or removed NACs due to disease, surgery, or birth defects.","BioTech,PropTech",Human Health; Therapeutics; Women's Health,"Nick Pashos, William Heim",SOSV (IndieBio),IndieBio 05,SOSV,http://bio-aesthetics.com,https://www.linkedin.com/company/bioaesthetics,,,,
Billo,6000000,Seed,Short-form video production marketplace Effortless creator-produced videos. Digital marketers turn to Billo for all UGC content needs.,"Gaming / Media / Entertainment,Consumer",Media; SaaS,"Tadas Deksnys, Donatas Smailys",SOSV,SOSV Orbit Startups - MOX 05,SOSV,http://billo.app,https://www.linkedin.com/company/billo,,,,
BigGo,,Seed,"Price search engine and aggregator for e-commerce BigGo helps consumers compare prices across every major e-commerce platform, driving millions of dollars in sales each month.","Gaming / Media / Entertainment,Consumer",E-Commerce; Media,"Tyson Chen, Kevin Yen",SOSV,SOSV Orbit Startups - MOX 03,SOSV,http://funmula.com,https://www.linkedin.com/company/biggo,,,,
Betagged,250000,Pre-Seed,"Influencer marketing platform with deep analytics, delivering 40% higher ROI for brands BeTagged gives advertisers in Indonesia data and deep analytics on influencers, driving 40% ROI and cutting the time to launch by 50% for the campaigns.","Gaming / Media / Entertainment,Data & Analytics",Media; SaaS,"Krishnan Iyer, Anurag Awasthi, Shamik Talukder",SOSV,SOSV Orbit Startups - MOX 10,SOSV,http://betagged.co,,,,,
BeGreat,,Pre-Seed,"Education, diversity, edtech Assemble is a streaming platform that provides online courses taught by Bipoc experts from around the world.","Gaming / Media / Entertainment,Consumer",Education & EdTech; Media,"Avrell Stokes, Cortez Bryant, Cortney Woodruff",SOSV,SOSV Orbit Startups - Chinaccelerator 10,SOSV,http://be-great.tv,https://www.linkedin.com/company/assembletobegreat,,,,
Beeflow,$17M,Series A,Increasing crop yields by providing the next generation of bee pollination to farmers Beeflow develops smart and strong bees for crop pollination.,"Climate / Sustainability,Logistics / Supply Chain",AgTech; Climate Tech; Food Supply Chain Solutions,Matías Viel,SOSV (IndieBio),IndieBio 06,SOSV,http://beeflow.com,https://www.linkedin.com/company/beeflow,,,,
BioCraft,10000000,Series A,"Cultivating only the good in meat. At BioCraft, we recognize the nutritional value of meat for pets. But traditional meat production comes with some devastating consequences, including climate change, animal cruelty and risks to public health.","Climate / Sustainability,BioTech",Alt Protein; Climate Tech; Future Food,Shannon Falconer,SOSV,IndieBio RebelBio 06,SOSV,https://www.biocraftpet.com,https://www.linkedin.com/company/biocraftpet,,,,
BEAM,,Pre-Seed,"BEAMSTART is a Global Community for Entrepreneurship. Our mission is to Bridge Entrepreneurs to valuable connections, resources, and opportunities.",Consumer,E-Commerce,"Wallace Ho, Kenneth Ho",SOSV,SOSV Orbit Startups - Chinaccelerator 13,SOSV,https://beamstart.com,https://www.linkedin.com/company/beamstart,,,,
Bartesian,,Series A,Premium cocktails on demand Bartesian is a single-serve cocktail machine that creates premium cocktails at the push of a button.,Consumer,Consumer Devices,Ryan Close,SOSV (HAX),HAX 06,SOSV,http://bartesian.com,https://www.linkedin.com/company/bartesian,,,,
Sidework,1100000,Seed,"Reshaping the way beverages are crafted and served Backed by leading venture capital funds, Sidework’s technology ecosystem helps ambitious hospitality companies amplify their human workforce, reduce risk, and increase joy.","Deeptech / Robotics / AR/VR,CPG",Food Software; Hard Tech; Robotics,"Adam Elghor, Brian Kaplan, Kevin Monpara, Rishabh Kewalramani",SOSV (HAX),HAX 2019,SOSV,https://www.sidework.co,https://www.linkedin.com/company/sideworkdispenser,,2019-01-01,year,
Babybe GmbH,300000,,Soft robotics for neonatal healthcare BABYBE is a bionic mattress that keeps mothers and their babies connected through the process of artificial incubation.,"Health,Deeptech / Robotics / AR/VR",Digital Health; Hard Tech; Healthcare; Remote care,"Maximilian Blendinger, Camilo Anabalon, Raphael P.M. Lang",SOSV (HAX),HAX 03,SOSV,http://babybemedical.com,https://www.linkedin.com/company/babybe,,,,
Avidbots,,Growth,"Commercial cleaning robots Avidbots is building autonomous robots for commercial floor cleaning. Avidbot’s sweeping and scrubbing robots cooperate to clean department stores, auto dealerships, education facilities, and airports.",Deeptech / Robotics / AR/VR,AI & Machine Learning; Hard Tech; Robotics,"Faizan Sheikh, Pablo Molina, Ken Anderson",SOSV (HAX),HAX 04,SOSV,http://avidbots.com,https://www.linkedin.com/company/avidbots-corp,,,,
Atmosoar,,Pre-Seed,"Weather-based flight safety solutions for UAV Atmosoar, the “Waze of drones,” is a route-planning platform to keep drones out of bad weather and fly safer, insurance-compliant missions.",,AI & Machine Learning,"Michele Travierso, Alessio Tixi",SOSV,SOSV Orbit Startups - Chinaccelerator 09,SOSV,http://atmosoar.io,https://www.linkedin.com/company/atmosoar,,,,
Atiom,650,Pre-Seed,"Driving safety, compliance and standards to frontline teams HR SaaS company Atiom updated their training modules and materials for corporates to train the team on how to take the correct precautions against the coronavirus and ensure safety in the…","Transportation / Mobility,RegTech/Gov/Legal,Consumer",Education & EdTech; SaaS,"Ali Nosrati, Devin Licastro, Matthew Spriegel",SOSV,SOSV Orbit Startups - Chinaccelerator 15,SOSV,https://atiom.app,https://www.linkedin.com/company/atiom,,,,
Asset Direct,1500000,Seed,Lending platform for the underbanked and unbanked. Asset Direct allows anyone to easily launch and build a business selling financial products and services.,FinTech / Insurance,Fintech,"Chris Healy, Adam Rice",SOSV,SOSV Orbit Startups - Chinaccelerator 20,SOSV,http://assetdirect.io,https://www.linkedin.com/company/asset-direct,,,,
AsimicA,325000,Pre-Seed,Boosting microbial fermentation with our innovative microbial stem cells AsimicA has developed technology to increase the productivity of microbial biosynthetic factories manyfold.,Climate / Sustainability,Climate Tech; Industrial Bio; Sustainable Manufacturing,Nikolai Mushnikov,SOSV (IndieBio),IndieBio SF 10,SOSV,http://asimica.com,https://www.linkedin.com/company/asimica-inc,,,,
Arris Networks,,,"Early developer of high density internet access products, acquired in 1996 ARRIS Group, Inc., a global communications technology company, provides integrated broadband network solutions.",Dev Tools / Cloud,Industrial IoT,,SOSV,SOSV Portfolio: Sean O'Sullivan,SOSV,http://www.arris.com,https://www.linkedin.com/company/commscope,,,,
ArgenTAG,1445000,Pre-Seed,"Cell studies for everyone, everywhere ArgenTag builds a Single-Cell RNA Library Kit for long-read sequencing that tags and converts individual-cell mRNA into full-length cDNA.",Health,Biopharma; Diagnostics; Human Health; Industrial & Research Tools,"Sofía Lavista Llanos, Joaquin Ezpeleta, Elizabeth Tapia, Pilar Bulacio, Leandro Ciappina",SOSV (IndieBio),IndieBio NY 04,SOSV,https://www.argentag.com,https://www.linkedin.com/company/argentagbio,,,,
API3,,Series A,"Connecting blockchain-based smart contracts to real-world data API3 is leading the movement from legacy third-party oracle networks to first-party oracle solutions that deliver more security, efficiency, and data-source transparency.","Web3 / Crypto,Data & Analytics,Consumer",Blockchain; Enterprise Software; Marketplaces,"Burak Benligiray, Heikki Vänttinen",SOSV,SOSV dlab 02,SOSV,https://api3.org/,https://www.linkedin.com/company/api3,,,,
AnimalBiome,,,Microbiome-based diagnostics and supplements for pets with chronic digestive disorders AnimalBiome creates microbiome-based therapeutics to treat the more than nine million cats and dogs in the U.S. living with chronic digestive disorders.,"Health,Consumer",Consumer Bio; Industrial Bio; Microbiome; Nutrition & Wellness,"Holly H. Ganz, PhD",SOSV (IndieBio),IndieBio 04,SOSV,http://animalbiome.com,https://www.linkedin.com/company/15232747,,,,
AngelList,,Pre-Seed,"Where the world meets startups AngelList is a platform for startups to meet investors, talent, and incubators. Accredited investors can invest in syndicates alongside some of the best angel investors in the world, while over 10,000 companies are…","FinTech / Insurance,Consumer",Enterprise Software; Fintech; Marketplaces,"Naval Ravikant, Babak Nivi",SOSV,SOSV Portfolio: Cyril Ebersweiler,SOSV,http://angel.co,https://www.linkedin.com/company/1806556,,,,
Amp your Good,,Pre-Seed,A new kind of food drive featuring real food We’re Kickstarter for hunger. We’re disrupting the traditional food drive model (physical collection) with an online giving model called crowd-feeding.,Logistics / Supply Chain,Enterprise Software; Food Supply Chain Solutions,"Martin Scheidl, Patrick O’Neill",SOSV,IndieBio Food-X 02,SOSV,http://ampyourgood.com,https://www.linkedin.com/company/amp-your-good,,,,
Ambrosia,1210000,,Rapidly processing organic food waste into productive outputs I/O is a waste management company with a centralized solution for urban areas in the fast growing organic waste market.,Climate / Sustainability,AgTech; Climate Tech,"Brett Van Aalsburg, Amanda Weeks",SOSV,SOSV URBAN-X 01,SOSV,http://ambrosia.io,https://www.linkedin.com/company/industrialorganic,,,,
Amber Agriculture,,Seed,Kernel-like sensor for grain asset management Amber Agriculture helps farmers manage grain assets leveraging IoT and analytics.,"Climate / Sustainability,Deeptech / Robotics / AR/VR",AgTech; Climate Tech; Hard Tech; Industrial IoT,"Lucas Frye, Joseph Varikooty",SOSV (HAX),HAX 09,SOSV,http://amber.ag,https://www.linkedin.com/company/amber-agriculture,,,,
Aluna Medical Diagnostics,,Series A,"Hospital-grade lung monitoring from home, anytime Aluna is a portable spirometer with a mobile interface that objectively tracks asthma severity to allow for a personalized and real-time action plan. Aluna automatically tracks your FEV1% over time.",Health,Diagnostics; Human Health; Medtech; Remote care,"Charvi Shetty, Huyson Lam, Inderjit Jutla",SOSV (IndieBio),IndieBio 03,SOSV,https://alunacare.com,https://www.linkedin.com/company/alunacare,,,,
Allsome,1940000,Seed,Cross-border Fulfillment AllSome is an end-to-end fulfillment platform for e-commerce sellers across Southeast Asia to build and autorun fulfillment operations,"Dev Tools / Cloud,Logistics / Supply Chain,Consumer",E-Commerce,"Yishu Liu, Yi Ying Ng",SOSV,SOSV Orbit Startups - Chinaccelerator 11,SOSV,https://www.allsome.com,https://www.linkedin.com/company/allsome,,,,
AMMA Pregnancy Tracker,4500000,Seed,Helpful app for pregnant women Pregnancy Tracker is a one-stop mobile application to improve mental and physical health families worldwide.,"Health,Gaming / Media / Entertainment,Consumer",Digital Health; Human Health; Media; Women's Health,Evgeniy Zhiharev,SOSV,SOSV Orbit Startups - Chinaccelerator 19,SOSV,http://pregnancytracker.app,https://www.linkedin.com/company/amma-family,,,,
allrites,33000000,Seed,"Asia’s leading media marketplace in the US and SEA to Buy & Sell Film, TV & Sports Content Allrites is Asia’s leading marketplace to discover, buy and sell Film, TV, and Sports content rights, targeting content buyers who are stuck with rigid and…","Web3 / Crypto,Gaming / Media / Entertainment,Consumer",Blockchain; Marketplaces; Media,"Riaz Mehta, Damian Miles, Karen Ho",SOSV,SOSV Orbit Startups - Chinaccelerator 15,SOSV,http://allrites.com,https://www.linkedin.com/company/allrites,,,,
Allozymes,,Seed,Fast and affordable enzyme development platform Allozymes is building a platform to discover and scale novel enzymes powered by microfludics.,"Climate / Sustainability,Deeptech / Robotics / AR/VR,Health,Dev Tools / Cloud",Climate Tech; Hard Tech; Healthcare; Human Health,"Akbar Vahidi, Peyman Salehian",SOSV (HAX),HAX 2019,SOSV,http://allozymes.com,https://www.linkedin.com/company/allozymes,,2019-01-01,year,
Keel Labs,4800000,Series A,"Harnessing the radical potential of our oceans to transform the textile industry Keel Labs™ began in 2017 as AlgiKnit, creating ocean-focused materials built from renewable resources.",Climate / Sustainability,Climate Tech; Materials; Sustainable Manufacturing,"Aleksandra Gosiewski, Tessa Callaghan",SOSV,IndieBio RebelBio 05,SOSV,https://www.keellabs.com,https://www.linkedin.com/company/keellabs,,,,
Aja Labs,,Seed,Superhuman hair engineered from nature Aja Labs creates biodegradable hair from plant fibers that behaves just like human hair using advances in polymer engineering and bioengineering to produce a sustainable and nourishing product.,"Climate / Sustainability,Consumer",Climate Tech; Consumer Bio; Nutrition & Wellness; Women's Health,"Suna Lumeh, Osahon Ojeaga",SOSV (IndieBio),IndieBio SF 11,SOSV,http://ajalabs.co,https://www.linkedin.com/company/aja-labs,,,,
AiSight,325000,,Automating machine diagnostics for manufacturing AiSight uses machine data to predict and prevent machine malfunction by dynamically regulating machine parameters using self-learning AI algorithms.,"Deeptech / Robotics / AR/VR,Health",AI & Machine Learning; Hard Tech; Industrial IoT,"Renan Duarte, Matthias Auf Der Mauer, Maximilian von Duering",SOSV (HAX),HAX 2018,SOSV,http://aisight.de,https://www.linkedin.com/company/aisight,,2018-01-01,year,
Alora,,Pre-Seed,"Developing high yield and heat tolerant rice genetics to improve global food security We believe it is a basic human right that every human being has the food they need to survive, each day of their lives.","Climate / Sustainability,Cybersecurity",AgTech; Climate Tech,"Luke Young, Rory James Hornby",SOSV (IndieBio),IndieBio 09,SOSV,https://www.alora.world,https://www.linkedin.com/company/alora-wave,,,,
Aeromutable,,Seed,Active response to aerodynamic changes Aeromutable is building an active airflow system to improve truck aerodynamics and decrease fuel consumption for heavy transport.,Climate / Sustainability,Climate Tech; Industrial Equipment,"Sandra Manosalvas-Kjono, David Manosalvas-Kjono",SOSV (HAX),HAX 2022,SOSV,http://aeromutable.com,https://www.linkedin.com/company/aeromutable,,2022-01-01,year,
Adore Me,,Growth,"Fashion lingerie Adore Me is a high-fashion intimates brand that sells products in stores and online. Our product lines include beautifully-designed lingerie, swimwear, sleepwear, and related accessories that all come in a wide range of sizes—from…",Consumer,E-Commerce,"Morgan Hermand-Waiche, Sam Waiche, Gary Bravard",SOSV,SOSV Portfolio: Cyril Ebersweiler,SOSV,http://adoreme.com,https://www.linkedin.com/company/adore-me,,,,
VegaX,1200000,Series A,"The BlackRock of Digital Asset Management: one-stop access to secure crypto strategies The asset management industry is the largest in the world representing more than $80 trillion dollars in investments through investment products like ETFs, mutual…","Web3 / Crypto,FinTech / Insurance,Cybersecurity",Blockchain; Fintech,"Natasha Bansgopaul, Sang Lee",SOSV,SOSV Orbit Startups - Chinaccelerator 17,SOSV,https://vegaxholdings.com/,https://www.linkedin.com/company/vegaxholdings,,,,
SupplyBetter,,,"Custom mechanical part sourcing. Simplified. We help people make physical things. Specifically, we perform intelligent matching to help mechanical design engineers find the best contract manufacturers to manufacture custom mechanical parts, with an…",Consumer,E-Commerce; Marketplaces,"Robert Martinez, Matthew Du Pont",SOSV,SOSV Portfolio: Cyril Ebersweiler,SOSV,http://supplybetter.com,https://www.linkedin.com/company/supplybetter,,,,
Sencity,1200000,Seed,The agentic operating layer for physical space Sencity is a Physical AI company building the interaction layer between AI and the real world.,Deeptech / Robotics / AR/VR,Enterprise Software; Industrial IoT,"Ivan Chen, Steven Bai",SOSV,SOSV URBAN-X 02,SOSV,http://sencity.city,https://www.linkedin.com/company/sencity,,,,
ScanTrust,7000000,Series A,Internet of packaging Scantrust is a connected packaging and products platform that binds physical goods and products with online identities.,Web3 / Crypto,Blockchain; SaaS,"Justin Picard, Nathan Anderson",SOSV,SOSV Portfolio: William Bao Bean,SOSV,http://scantrust.com,https://www.linkedin.com/company/4999251,,,,
Pushme,,,Battery swap stations for last-mile transport Pushme is charging-as-a-service for electric bicycles and scooters.,"Deeptech / Robotics / AR/VR,Transportation / Mobility,Logistics / Supply Chain,Climate / Sustainability",Hard Tech; Industrial IoT,"George Kalligeros, Dan Keene",SOSV (HAX),HAX 11,SOSV,https://www.pushme.bike/,,,,,
Protera Biosciences,,Series A,"Smarter proteins for a sustainable future Protera Biosciences is advancing the science of protein engineering to address critical challenges in food, agriculture, the environment, and human health.","Climate / Sustainability,BioTech",Climate Tech; Future Food; Industrial Bio; Nutrition & Wellness,"Francia Navarrete, Juan Duarte, Leonardo Álvarez, Rodrigo Infante",SOSV (IndieBio),IndieBio 04,SOSV,http://proterabio.com,https://www.linkedin.com/company/protera-bio,,,,
PowerHouse Dynamics,,,"AI-driven energy optimization for multi-unit facilities, Powerhouse Dynamics delivers AI-driven IoT energy and equipment management for multi-unit foodservice and retail operators.",Climate / Sustainability,Sustainable Manufacturing,"Dan Kaplan, Carsten Steenberg, Martin Flusberg",SOSV,SOSV Portfolio: Sean O'Sullivan,SOSV,http://powerhousedynamics.com,https://www.linkedin.com/company/powerhouse-dynamics,,,,
Skygauge Robotics,,Seed,Workforce in the Skies Skygauge is building drones which can operate at height in commercial and industrial environments.,"Deeptech / Robotics / AR/VR,Future of Work",Hard Tech; Robotics,"Nikita Iliushkin, Maksym Korol, Linar Ismagilov",SOSV (HAX),HAX 2019,SOSV,http://skygauge.co,https://www.linkedin.com/company/skygauge,,2019-01-01,year,
MyRobin.id,,Seed,"Pre-screened, flexible workers for blue-collar and entry-level roles in Indonesia With a community of 2.3 million pre-screened workers and growing 20% each quarter, MyRobin is streamlining the staffing process to ensure trust, commitment, and…",,SaaS,"Siddharth Kumar, Ardy Hasanuddin",SOSV,SOSV Orbit Startups - MOX 09,SOSV,http://myrobin.id,https://www.linkedin.com/company/myrobinid,,,,
M5Stack,,,Quick and easy IoT development M5Stack is a modular IoT development platform built to allow developers to increase speed of rapid prototyping and product scaling.,"Deeptech / Robotics / AR/VR,Consumer",Consumer Devices; Hard Tech,Lai Jingming,SOSV (HAX),HAX China 01,SOSV,http://www.m5stack.com/,https://www.linkedin.com/company/m5stack,,,,
Ocheng,,Pre-Seed,Social CRM powered by AI AI driven Social CRM sending millions of personalized messages on WeChat each day for leading brands like LVMH and Richemont Group driving 3x more followers and 5x more sales.,,AI & Machine Learning; Enterprise Software,Anthony Xu,SOSV,SOSV Orbit Startups - Chinaccelerator 11,SOSV,http://ocheng.me/,,,,,
Nuada,3300000,Seed,Exoskeleton glove Nuada is a soft exoskeleton wearable system that helps users to hold heavy objects with their hands completely relaxed.,"Deeptech / Robotics / AR/VR,Health,Consumer",Consumer Devices; Hard Tech; Healthcare; Human Health,Fernando Nogueira,SOSV (HAX),HAX 10,SOSV,http://nuada.pt,https://www.linkedin.com/company/nuada-lda,,,,
Moodah,,Pre-Seed,"Helping mom-and-pop shops digitize Moodah is a mobile-first, easy-to-use SaaS platform helping to digitalize the 51 million mom-and-pop shops in Indonesia.",,SaaS,"Arini Astari, Muhammad Irfan, Alexander Sie To",SOSV,SOSV Orbit Startups - MOX 08,SOSV,http://moodah.id,https://www.linkedin.com/company/moodah,,,,
Kountermove,,,"Fantasy games for combat sports. Featured in Forbes. Kountermove is the world’s best place to play Fantasy MMA. It’s like daily fantasy football or baseball, but for UFC / MMA events. #1 Google result – “fantasy MMA”.",Gaming / Media / Entertainment,Media,,SOSV,SOSV Portfolio: Sean O'Sullivan,SOSV,http://kountermove.com,,,,,
Ivy Natal,300000,Pre-Seed,"Unlocking human fertility Ivy Natal aims to help patients have genetic children, using a process that starts with a simple skin biopsy. Our approach directly activates the skin cell’s existing DNA to transform it into a new, healthy egg cell.",BioTech,Therapeutics; Women's Health,"Jeff Hsu, Colin Bortner",SOSV (IndieBio),IndieBio SF 10,SOSV,http://ivynatal.com,https://www.linkedin.com/company/ivynatal,,,,
Unicorn Biotechnologies,,Series A,"Powering the cellular agriculture revolution Unicorn Biotechnologies is accelerating science & technology to power the rapidly growing, trillion-dollar bioeconomy. Mammalian cells are the building blocks for transformative markets.","Climate / Sustainability,Deeptech / Robotics / AR/VR,BioTech",Alt Protein; Climate Tech; Hard Tech; Robotics; Therapeutics,"Adam Glen, Jack Reid",SOSV (HAX),HAX 2021,SOSV,https://www.unicornb.io/,https://www.linkedin.com/company/unicorn-biotechnologies,,2021-01-01,year,
Heartland Brothers,,Pre-Seed,Meats from US family farms to Chinese consumers 将美国家庭农场生产的优质肉类带给中国消费者 71% of Chinese people consider food safety to be one of their biggest challenges of living in China.,"Logistics / Supply Chain,Consumer",E-Commerce; Food Supply Chain Solutions,"Rex Kuo, John Zhong",SOSV,SOSV Orbit Startups - Chinaccelerator 12,SOSV,http://www.heartlandbrothers.com/,https://www.linkedin.com/company/heartlandbrothers,,,,
Gmobi,,Pre-Seed,"Global provider of mobile internet services and products Gmobi is a global provider of mobile internet services and products with a reach of 100 OEMs supporting more than 2,000 Android models across different chipset platforms.",,SaaS,"Ben Liao, Paul Wu",SOSV,SOSV Portfolio: William Bao Bean,SOSV,http://generalmobi.com/en/,https://www.linkedin.com/company/2085168,,,,
GloCoach,150000,Pre-Seed,The first digital platform to drive personal transformation at scale. GloCoach’s SAAS solution drives change in individuals and organizations though 1-on-1 coaching that is empowered and informed through data.,Consumer,Education & EdTech,"Robert Abbanat, William Xu",SOSV,SOSV Orbit Startups - Chinaccelerator 13,SOSV,https://www.glocoach.com/,https://www.linkedin.com/company/glocoach,,,,
Forward Robotics Inc.,,Pre-Seed,"High-productivity, precision aerial-spraying VTOL drones Forward Robotics builds drones for vertical takeoff and landing in extreme environments.","Deeptech / Robotics / AR/VR,Future of Work",Hard Tech; Robotics,"Tamara Jean Finlay, Meng Wei",SOSV (HAX),HAX 2018,SOSV,http://www.forwardrobotics.com,https://www.linkedin.com/company/forward-robotics,,2018-01-01,year,
Foodie For All,25000,Pre-Seed,Catering from high-demand restaurants Foodie For All is an office catering service for high-demand restaurants that do not deliver. We give restaurants incremental business by bringing them corporate orders to prepare before peak time.,Logistics / Supply Chain,Food Supply Chain Solutions,Oge Akyil,SOSV,IndieBio Food-X 01,SOSV,http://foodieforall.com,https://www.linkedin.com/company/foodie-for-all,,,,
eFanswer,,Pre-Seed,Crowdwriting for fans to co-author their favorite celebrity's social biographies eFanswer disrupts the way celebrities connect with their fan-base.,"Gaming / Media / Entertainment,Consumer",E-Commerce; Media,Mattia Baldassarre,SOSV,SOSV Orbit Startups - Chinaccelerator 11,SOSV,http://efanswer.com,https://www.linkedin.com/company/efanswer,,,,
DXwand,,Seed,AI Digital Assistant DXwand offers an end-to-end Digital Assistant and Analytics platform for businesses that use machine learning to extract information and knowledge from both voice and text conversations.,,AI & Machine Learning; SaaS,"Mahmoud Gomaa, Ahmed Mahmoud",SOSV,SOSV Orbit Startups - Chinaccelerator 20,SOSV,http://dxwand.com,https://www.linkedin.com/company/dxwand,,,,
Croivalve,4500000,Series A,"Helping treat heart valve disease CroíValve is developing a transcatheter device to treat Tricuspid Regurgitation, a common heart valve disorder for which there are no commercially-available, minimally-invasive solutions.",,Human Health; Medtech,"Lucy O’Keeffe, Martin Quinn",SOSV,SOSV Portfolio: Bill Liao,SOSV,http://croivalve.com,https://www.linkedin.com/company/12649514,,,,
Collaborate.com,,,"Work Together Simply Collaborate.com is a unified document sharing, task management, and team communication environment for today’s mobile workforce.",Future of Work,Enterprise Software,"David Greenstein, Matt Cutler",SOSV,SOSV Portfolio: Cyril Ebersweiler,SOSV,http://collaborate.com,https://www.linkedin.com/company/kibits-corp-,,,,
Hurdle,1300000,Seed,The Complete Diagnostics-as-a-Service Platform Hurdle is devoted to one thing— building bio-infrastructure that simplifies and accelerates access to biology for companies and consumers.,Health,Human Health; Industrial & Research Tools; Nutrition & Wellness,"Thomas Stubbs, Daniel Elias Martin Herranz, Charles Ball, Rob Thompson",SOSV,IndieBio RebelBio 05,SOSV,https://hurdle.bio,https://www.linkedin.com/company/hurdlebio,,,,
AYLIEN,1300000,,"Extracting reality from data Aylien using their news API to analyze media across the Transport, Manufacturing & Engineering, Sport and Entertainment industries. More information on the Aylien blog .",,AI & Machine Learning,Parsa Ghaffari,SOSV,SOSV Portfolio: Cyril Ebersweiler,SOSV,http://aylien.com,https://www.linkedin.com/company/1195911,,,,
Avisa Myko,850000,Pre-Seed,"Natural soluble melanin at 4,000 times lower cost for UV and radiation protection The team at Avisa Myko has spent years reducing the cost of melanin production via fungal fermentation and can now produce it at 4,000 times lower cost than existing…",Climate / Sustainability,Industrial Bio; Sustainable Manufacturing,Ravi Adgulwar,SOSV (IndieBio),IndieBio 09,SOSV,http://avisamyko.com,https://www.linkedin.com/company/avisa-myko-inc,,,,
Appfuel,,,Maximize apps' ROI Double a game’s exposure at any moment with Appfuel’s in-app suggestion platform. Appfuel makes it easy and free for apps to swap suggestions for each other and acquire quality users for their game without drowning in opaque and…,,Enterprise Software,"Alfred Kam, Myung Sun Kim, Myung Kim",SOSV,SOSV Orbit Startups - Chinaccelerator 03,SOSV,http://appfuel.me,https://www.linkedin.com/company/2466164,,,,
Ao Air (f/k/a O2 O2),3000000,Seed,Innovative protection from air pollution and airborne pathogens Ao Air facewear cleans the air of pathogens and pollutants using proprietary nanofibers.,Consumer,Consumer Devices,"Ilya Venske, Dan Bowden, Jerry Mauger",SOSV,SOSV URBAN-X 02,SOSV,http://ao-air.com,,,,,
AngelVest Group,,Pre-Seed,Seed and angel investment in startups with a substantial China focus AngelVest Group’s mission is to help our members identify and invest in compelling early-stage businesses in China.,FinTech / Insurance,Fintech,David Chen,SOSV,SOSV Portfolio: William Bao Bean,SOSV,http://www.angelvestgroup.com/index.php,https://www.linkedin.com/company/angelvest,,,,
Amino Labs,,Pre-Seed,Making biotechnology education accessible Amino Labs is pioneering accessible genetic engineering by enabling non-experts to begin learning and doing genetic engineering projects outside of traditional environments.,"BioTech,Consumer",Consumer Bio; Medtech,"Julie Legault, Justin Pahara",SOSV (IndieBio),IndieBio 02,SOSV,http://amino.bio,https://www.linkedin.com/company/amino-labs,,,,
Alternative Plants,180000,Pre-Seed,"Cellular farming for sustainable botanical-ingredient production Alternative Plants efficiently cultivates established plant cell cultures to produce bioactive ingredients that are sustainable, environmentally friendly, and have superior performance…","Climate / Sustainability,BioTech",Alt Protein; Climate Tech; Nutrition & Wellness,"Anna Ramata-Stunda, Mārtiņš Borodušķis",SOSV,IndieBio RebelBio 04,SOSV,http://alternativeplants.eu,https://www.linkedin.com/company/alternativeplants,,,,
Jump Bikes,,,Next Generation Bike Share Technology Jump BIkes (formerly Social Bicycles) is a transportation technology company. Traditional station-based bikeshare requires a network of kiosks and docking stations.,Transportation / Mobility,Industrial IoT; Transportation Tech,"Nick Foley, Marcin Pyla, Justin Wiley, Ryan Rzepecki",SOSV,SOSV Portfolio: Sean O'Sullivan,SOSV,https://jumpbikes.com/,https://www.linkedin.com/company/jumpbikes,,,,
Protonintel,1900000,Seed,"Know yourself Protonintel provides continuous, real-time, and accurate biomarker monitoring to better manage chronic disease and save lives.",Health,Biopharma; Computational Bio; Diagnostics; Human Health; Medtech,"Victor Cadarso, Francis Steiner, Sahan Ranamukha",SOSV (IndieBio),IndieBio SF 12,SOSV,https://protonintel.com,https://www.linkedin.com/company/protonintelligence,,,,
Samphire Neuroscience,$2.3 Million,Seed,"Neurotechnology for Women's Health Needs Samphire is building smart, wearable neurotechnology designed for women who want to be and feel productive regardless of their cycle-related challenges.",Health,Healthcare; Human Health; Remote care; Women's Health,"Emilė Radytė, Alex Cook",SOSV (HAX),HAX 2021,SOSV,https://samphireneuro.com,https://www.linkedin.com/company/samphireneuro,,2021-01-01,year,
Crowdly,,Seed,"Advocate management platform for big brands on Facebook Crowdly is an advocate management platform for Facebook that allows brands to find and rank their top advocates within their existing brand communities, more effectively engage them, and…",,SaaS,Daniel Sullivan,SOSV,SOSV Portfolio: Shawn Broderick,SOSV,http://crowdly.com/,https://www.linkedin.com/company/crowdly,,,,
microTERRA,1500000,Seed,Powering the plant-based future microTERRA has developed a unique functional ingredient for the plant-based food industry that has no color or taste.,"Climate / Sustainability,BioTech,Consumer",Alt Protein; Climate Tech; Consumer Bio; Future Food,"Fanny Villiers, Marissa Flores",SOSV (IndieBio),IndieBio NY 02,SOSV,http://microterra.com.mx,https://www.linkedin.com/company/microterramx,,,,
Zio Health,,Seed,Biotechnology company focused on producing diagnostic and monitoring devices ZIO health’s proprietary pocket-sized technology brings lab testing to the point of care to improve patient outcomes.,"Deeptech / Robotics / AR/VR,Health,BioTech",Hard Tech; Healthcare; Medtech,"Francesca Napoli, Neel Patel, Shaolin Liang",SOSV (HAX),HAX 10,SOSV,http://zio-health.com,https://www.linkedin.com/company/zio-health,,,,
Neufast,1000000,Pre-Seed,"HR Tech of the Future It’s difficult for HR managers to screen and select the right hires from thousands of candidates. Neufast utilizes AI technology to reduce time-to-hire, eliminate unconscious bias, and scientifically evaluate job fit in APAC.",Future of Work,SaaS,"Hau Wun, Dennis Lee",SOSV,SOSV Orbit Startups - Chinaccelerator 16,SOSV,http://neufast.com,https://www.linkedin.com/company/neufast,,,,
ConfirmU,,Pre-Seed,"Financial inclusion for 3 billion ConfirmU is a B2B2C startup that enables lenders to assess first-time borrowers using a three-minute game, providing lenders with a credit score based on psychometric data.",FinTech / Insurance,AI & Machine Learning; Fintech,"Clare Mccaffery, Raju Chithambaram, Yatir Zaluski",SOSV,SOSV Orbit Startups - MOX 11,SOSV,http://confirmu.com,,,,,
Lipa Later,,Seed,"Buy now, pay later for electronics in Africa LipaLater offers buy now, pay later options for electronics in Africa. Select your country to start shopping hassle-free at over 500 stores with affordable and flexible monthly payment plans.","FinTech / Insurance,Consumer",E-Commerce; Fintech,"Michael Maina, Eric Muli",SOSV,SOSV Orbit Startups - MOX 12,SOSV,http://lipalater.com,https://www.linkedin.com/company/lipa-later-ltd,,,,
Zeemo.ai,,Seed,"AI driven media tools for video creators Zeemo develops AI-driven media tools for video creators, that produce instant and accurate captions and subtitles for YouTubers, TikTokers and professional content producers.","Gaming / Media / Entertainment,Consumer",AI & Machine Learning; SaaS,"Chris Mao, Guanqun Zhang",SOSV,SOSV Orbit Startups - Chinaccelerator 20,SOSV,http://zeemo.ai,https://www.linkedin.com/company/zeemo-ai,,,,
Zebra Labs,5325000,Series A,Zebra Labs brings celebrities to the Metaverse. Zebra Labs is a cutting-edge company with a mission to transform the entertainment industry in the metaverse and web3 era.,Gaming / Media / Entertainment,AR / VR; Media,"Ryan Wang, Scarlett Li",SOSV,SOSV Orbit Startups - Chinaccelerator 20,SOSV,https://www.zebralabs.xyz/home_en.html,,,,,
iMotorbike,,Seed,"Ride with us across Southeast Asia iMotorbike is Southeast Asia’s leading motorcycle and motorcycle accessories marketplace. Our e-commerce website, which includes classified ads, provides a fast and secure experience for both buyers and sellers.",Consumer,E-Commerce; Marketplaces,"Manuel Pedro, Gil Carmo",SOSV,SOSV Orbit Startups - MOX 12,SOSV,http://imotorbike.com,https://www.linkedin.com/company/imotorbike,,,,
Pricepally,,Pre-Seed,"Group buy for groceries in African cities. Pricepally is the African Pinduoduo: Pricepally enables people to buy and share bulk food items sourced directly from farmers and wholesalers, making it cheaper and fresher than buying at retail.","Logistics / Supply Chain,Consumer",E-Commerce; Food Supply Chain Solutions,"Jummai Abalaka, Mosunmola Lawoyin, Deepak Bansal, Luther Lawoyin",SOSV,SOSV Orbit Startups - Chinaccelerator 20,SOSV,http://pricepally.com,https://www.linkedin.com/company/pricepally-com,,,,
Vertical Oceans,6000000,Series A,"Smart urban aquaculture Vertical Oceans is producing sustainable seafood using a balanced ecosystem of shrimp, fish, and algae managed by smart algorithms. Farm to fork in under eight hours, we bring premium, clean seafood to your plate.","Climate / Sustainability,BioTech",AgTech; Alt Protein; Climate Tech,"John Diener, Enzo Acerbi",SOSV (IndieBio),IndieBio SF 11,SOSV,http://verticaloceans.blue,https://www.linkedin.com/company/verticaloceans,,,,
Mowito,,Pre-Seed,Robotics for grocery fulfilment Mowito is building pick and place robots for rapid and precise e-commerce fulfillment.,"Deeptech / Robotics / AR/VR,Gaming / Media / Entertainment,CPG",Hard Tech; Robotics,Puru Rastogi,SOSV (HAX),HAX 2021,SOSV,http://mowito.in,https://www.linkedin.com/company/mowito,,2021-01-01,year,
IPOR Labs,,Seed,The Heartbeat of DeFi Fix your interest rate or hedge your exposure by leveraging non-custodial on-chain IPOR derivative instruments,"Web3 / Crypto,FinTech / Insurance",Blockchain; Fintech,"Lukasz Muzyka, Darren Camas",SOSV,SOSV Orbit Startups - Chinaccelerator 13,SOSV,http://ipor.io,https://www.linkedin.com/company/ipor-labs,,,,
Goama,2351030,Seed,Gamification made easy We’ve combined the best of e-sports and the best of casual games to create a “casualized” e-sports ecosystem. Players compete on casual games—ranked on live leaderboards—to win real-world prizes.,Consumer,E-Commerce; Enterprise Software,"Taro Araya, Wayne Kennedy",SOSV,SOSV Orbit Startups - MOX 04,SOSV,http://www.goama.com,https://www.linkedin.com/company/goamagames,,,,
Avalo.ai,,Seed,"Gene discovery and prediction platform breeding climate-resilient crops Avalo.ai has created a Gene Discovery by Informationless Perturbation (GDIP) method that reduces false positive rates by 10–100 times, depending on the trait and the organism.",Climate / Sustainability,AgTech; Climate Tech,"Mariano Alvarez, Brendan Collins",SOSV (IndieBio),IndieBio SF 11,SOSV,https://avalo.ai,https://www.linkedin.com/company/avalo-inc,,,,
Youibot,,Growth,Autonomous mobile robotic solutions Youibot builts autonomous robots for industrial use cases in automated manufacturing and logistics.,"Deeptech / Robotics / AR/VR,Transportation / Mobility",Hard Tech; Industrial IoT; Robotics,"Zhang Hui, Zhao Wanqiu, Xu Jin, Amber 齐芸芝",SOSV (HAX),HAX China 02,SOSV,http://youibot.com,https://www.linkedin.com/company/youibot,,,,
Mushroom Cups,350000,Pre-Seed,"Mushroom-infused organic coffee At Mushroom Cups, we harness the power of mushrooms to infuse everyday beverages with the energy and cognitive boost that will keep you running for hours.","CPG,Consumer",Consumer Packaged Goods,Stipe Rezic,SOSV,IndieBio Food-X 09,SOSV,http://mushroomcups.com,https://www.linkedin.com/company/mushroomcups,,,,
Chirp,,Pre-Seed,Making medical alert work for everyone Chirp is building ambient sensing technology for seniors aging in place.,"Health,Consumer",Consumer Devices,"Parthipan Siva, Justin Schorn",SOSV (HAX),HAX 2021,SOSV,http://mychirp.com,https://www.linkedin.com/company/mychirp,,2021-01-01,year,
Vici Robotics,,Pre-Seed,Commercial RaaS for retailers Vici Robotics is developing pick-and-place robotics for retailers to automate warehousing and stocking.,"Deeptech / Robotics / AR/VR,Consumer",Hard Tech; Robotics,Kyle Smith,SOSV (HAX),HAX 2021,SOSV,http://vicirobotics.com,https://www.linkedin.com/company/vici-robotics,,2021-01-01,year,
DigiKhata,2000000,Seed,"Digitalizing Pakistan’s 10 million micro, small, and medium businesses Digi Khata is building Pakistan’s largest business network. We allow SMEs to access finance and a full ecosystem of SME services in one platform.","FinTech / Insurance,Consumer",E-Commerce; Fintech,"Adnan Aslam, Bilal Anjum",SOSV,SOSV Orbit Startups - MOX 12,SOSV,http://digikhata.pk,https://www.linkedin.com/company/digikhataapp,,,,
Swag Kicks,,Pre-Seed,"Bringing the global sneaker culture to Pakistan Swag Kicks sells 100% original pre-loved shoes as low as $30 a pair from top international brands like Adidas, Nike, Reebok, Puma, and Jordans.",Consumer,E-Commerce,"Hamza Sheikh, Mateen Ansari, Nofal Khan",SOSV,SOSV Orbit Startups - MOX 11,SOSV,http://swag-kicks.com,https://www.linkedin.com/company/swag-kicks,,,,
The Money Club,1500000,Seed,"A peer to peer lending and borrowing fintech platform that caters to the need of emergency funds during contingencies for low income populations The Money Club is the first mobile app in India that enables users to form closed, trusted communities…",FinTech / Insurance,Fintech,Manuraj Jain,SOSV,SOSV Orbit Startups - MOX 13,SOSV,http://themoneyclub.in,https://www.linkedin.com/company/the-money-club,,,,
Membio,,Seed,A leader in single-use bioreactor technology,BioTech,Biopharma; Human Health; Medtech; Therapeutics,"Andrew Pundsack, Ashley Keefner, Shane Kilpatrick",SOSV (IndieBio),IndieBio 09,SOSV,http://membio.ca,https://www.linkedin.com/company/membio,,,,
Harmony Baby Nutrition,1300000,Series A,Developer of Breast Milk Protein-Based Formulas Harmony Baby Nutrition is a biotech-driven company revolutionizing the $100B global infant formula market by creating products that mirror the form and function of human milk.,"Climate / Sustainability,BioTech,Dev Tools / Cloud,Consumer",Alt Protein; Climate Tech; Consumer Bio; Future Food; Human Health; Women's Health,Wendel de Oliveira Afonso,SOSV (IndieBio),IndieBio NY 02,SOSV,http://harmonybabynutrition.com,https://www.linkedin.com/company/harmony-baby-nutrition,,,,
Reazent,400000,Pre-Seed,Making agriculture sustainable and efficient Reazent makes fully-organic and safe products to replace or reduce synthetic petroleum-based chemicals in agriculture.,Climate / Sustainability,AgTech; Climate Tech,Sumit Verma,SOSV (IndieBio),IndieBio SF 10,SOSV,http://reazent.com,https://www.linkedin.com/company/reazent,,,,
Ranomics,,Seed,Improving genetic tests Ranomics is building the world’s first comprehensive knowledge base of functionally-characterized genetic variants to help determine their role in disease development and treatment.,,Data & Information Tech; Human Health,"Cathy Tie, Leo Wan",SOSV (IndieBio),IndieBio 01,SOSV,http://ranomics.com,https://www.linkedin.com/company/ranomics,,,,
FancyCellar,,,"Your Digital Sommelier in China Wine is the most complex consumer good. The vast majority of Chinese consumers lack knowledge about wine, are afraid of fake products, and are lost when shopping in regular wine stores.",Consumer,E-Commerce,"Bertrand Moreau, Sophie Benchimol",SOSV,SOSV Orbit Startups - Chinaccelerator 06,SOSV,http://fancycellar.com,https://www.linkedin.com/company/fancy-cellar,,,,
Zymochem,$35M,Series A,"Sustainable Materials using patented Carbon-Conserving (C2) microbes ZymoChem is breakthrough science for a fossil-free future. We develop bio-based materials for everyday products without compromising Cost, Performance, Scale, or Sustainability.",Climate / Sustainability,Climate Tech; Industrial Bio; Sustainable Manufacturing,"Jon Kuchenreuther, Harshal Chokhawala",SOSV (IndieBio),IndieBio 01,SOSV,https://www.zymochem.com/,https://www.linkedin.com/company/zymochem,,,,
Mendel,,Growth,Personalized medicine navigator for cancer patients Mendel is a hybrid intelligent engine (human/AI) that can collect a patient’s medical records and combine it with the genetic profile of his or her cancer to find personalized meds that are still…,"BioTech,Health",Data & Information Tech; Human Health; Therapeutics,"Ruchi Deshpande, Karim Galil, Shaheryar Ahmed, Wael Salloum",SOSV (IndieBio),IndieBio 04,SOSV,http://mendel.ai,https://www.linkedin.com/company/mendel-ai,,,,
Mimio Health,,Seed,"Fasting benefits on demand, powered by your biology Mimio creates fasting-like health benefits through a patented biomimetic daily supplement.","BioTech,Consumer",Consumer Bio; Human Health; Nutrition & Wellness,"Caitlin Beatty, Chris Rhodes",SOSV (IndieBio),IndieBio SF 11,SOSV,https://www.mimiohealth.com,https://www.linkedin.com/company/mimiohealth,,,,
Swap Robotics,"$17,000,000",Seed,Robots for Solar Vegetation Cutting & Snow Removal Utility-scale solar power is on-track to become the world’s #1 energy source by the 2040’s.,"Climate / Sustainability,Deeptech / Robotics / AR/VR",Climate Tech; Energy; Hard Tech; Robotics; Physical AI; Field Robotics; Utility-Scale Solar; Solar Construction; Solar Maintenance; Vegetation Management; Robotics-as-a-Service,Tim Lichti,SOSV (HAX),HAX 2022,SOSV,http://swaprobotics.com,https://www.linkedin.com/company/swaprobotics,,2022-01-01,year,
Fig Finance,,Seed,"Democratizing structured products in the digital age Fig’s mission is to democratize structured products in the digital age. Our proprietary Collateralized Options Replication Engine (CORE) technology constructs better investment products, faster…","Web3 / Crypto,FinTech / Insurance",Blockchain; Fintech,"Tony Qian, Guanzhi Ma",SOSV,SOSV dlab 04,SOSV,https://www.fig.finance/,https://www.linkedin.com/company/fig-finance-hq,,,,
xFuel,"$29,000,000",Pre-Seed,"Advanced fuel for the future Novel industrial reactors for safe and cost-effective conversion of biomass waste into a clean and drop-in fuel for road, marine and aviation applications","Climate / Sustainability,Deeptech / Robotics / AR/VR",Climate Tech; Energy; Hard Tech; Industrial Equipment; Marine Fuel; Waste-to-Fuel; Drop-In Fuel; Maritime Decarbonization; Waste Oil Refining; Shipping Emissions Compliance,"Jose Pérez, Nicholas Ball",SOSV (HAX),HAX 2022,SOSV,http://xfuel.com,https://www.linkedin.com/company/xfuelhq,,2022-01-01,year,
Okayker,337000,Pre-Seed,Digitalizing the car repair and service market in Pakistan OkayKer is a tech-enabled platform for car repair and maintenance and a marketplace for spare auto parts.,Consumer,E-Commerce; Enterprise Software,"Hasnain Akber, Nashit Iqbal",SOSV,SOSV Orbit Startups - MOX 12,SOSV,http://okayker.com,,,,,
Lypid,1100000,Series A,"Lypid makes vegan fat perform like animal fat Lypid makes plant-based foods without compromise. Our secret sauce: a sustainable, healthy, and tastier fat alternative.","Climate / Sustainability,BioTech",Alt Protein; Climate Tech; Future Food,"Michelle Lee, Jen-Yu Huang",SOSV (IndieBio),IndieBio SF 11,SOSV,http://lypid.co,https://www.linkedin.com/company/lypid,,,,
Microgenesis,600000,Seed,"A new fertility test and treatment for women everywhere Microgenesis offers a new fertility test and treatment that restores the fertility potential of women everywhere with a three-month, drug-free treatment.",Health,Diagnostics; Human Health; Medtech; Women's Health,"Gabriela Gutierrez, Leandro Barreiro, Agustina Azpiroz",SOSV (IndieBio),IndieBio SF 10,SOSV,http://microgenesis.net,https://www.linkedin.com/company/64713350,,,,
Sana,24000000,Series A,"Pain and mental health relief on demand Sana offers wearable light therapy that helps a broad range of pain and mental health disorders, including fibromyalgia, neuropathic pain, and anxiety.","Health,Deeptech / Robotics / AR/VR",Digital Health; Hard Tech; Healthcare; Human Health; Mental health; Remote care,Richard Hanbury,SOSV (HAX),HAX 08,SOSV,http://sana.io,https://www.linkedin.com/company/sana-health,,,,
Kotal,,Pre-Seed,Blockchain Infrastructure Done Right Kotal is developing open-source tools and frameworks that makes it easy to deploy self-managing self-healing Blockchain infrastructure.,"Web3 / Crypto,Dev Tools / Cloud",Blockchain,Mostafa Farghaly,SOSV,SOSV dlab 04,SOSV,http://kotal.co,https://www.linkedin.com/company/kotal,,,,
PLANETARIANS,750000,Series A,Meat alts at parity with animal meat and a 73% margin due to ingredient innovation What’s the ingredient innovation?- We find a better home for nutrients from industrial food and beverage sidestreams.,"Climate / Sustainability,BioTech,CPG,Consumer",Alt Protein; Climate Tech; Consumer Packaged Goods; Future Food,Aleh Manchuliantsau,SOSV,IndieBio Food-X 08,SOSV,http://planetarians.com,https://www.linkedin.com/company/planetarians,,,,
QuantumCyte,2200000,Seed,Answers from every biopsy QuantumCyte has developed an advanced AI-integrated platform for modern pathology to significantly improve patient outcomes.,"Health,Deeptech / Robotics / AR/VR",Diagnostics; Human Health; Medtech,"John Butler, Bidhan Chaudhuri",SOSV (IndieBio),IndieBio 05,SOSV,http://quantumcyte.com,https://www.linkedin.com/company/quantumcyte-inc.,,,,
MycoWorks,,Growth,"Creating materials with the power of organic technology We are a team of creative engineers, designers, and scientists working to solve today’s greatest challenges with products made from mycelium, a rapidly renewable natural resource.","Climate / Sustainability,Consumer",Climate Tech; Consumer Bio; Materials; Sustainable Manufacturing,"Philip Ross, Matthew Scullin",SOSV (IndieBio),IndieBio 03,SOSV,http://mycoworks.com,https://www.linkedin.com/company/mycoworks,,,,
Free to Feed,250000,Seed,Helping parents navigate food allergies Free to Feed is a medical technology company dedicated to finding solutions for mothers of food-intolerant infants.,"Health,PropTech,Consumer",Consumer Bio; Diagnostics; Future Food; Human Health; Women's Health,Trillitye Paullin,SOSV (IndieBio),IndieBio NY 02,SOSV,http://freetofeed.com,https://www.linkedin.com/company/freetofeed,,,,
OaCP IE LTD,530000,Pre-Seed,"Accelerating cancer diagnostics, precision medicine, and personal genomics Cancer diagnosis is a race against time. Traditional DNA tests are slow, costly, and often lead to delayed treatments.","BioTech,Health",Diagnostics; Human Health,"Francesco Villa, Eros Matteo Venturini, Andrea Faviere, Allegro Mateo, Enrico Di Oto",SOSV,IndieBio RebelBio 04,SOSV,http://www.oacp.it,https://www.linkedin.com/company/oncology-and-cytogenetic-products,,,,
Composable Finance,,Growth,"Hyper-liquidity infrastructure layer for DeFi assets Composable Finance is a hyper-liquidity infrastructure layer for DeFi assets, powered by Layer 2 Ethereum and Polkadot.","Web3 / Crypto,FinTech / Insurance,Dev Tools / Cloud",Blockchain; Fintech,Brainjar Composable,SOSV,SOSV dlab 03,SOSV,http://composable.finance,https://www.linkedin.com/company/composable-finance,,,,
Grounded AI,3500000,Seed,"Mobile 3D mapping providing efficient, accurate, and safe numerical measurements Grounded AI (previously RockMass) provides geologists with mobile data collection tools to collect structural data more efficiently, accurately, and safely.",Deeptech / Robotics / AR/VR,Hard Tech; Industrial Equipment; Industrial IoT,Shelby Yee,SOSV (HAX),HAX 11,SOSV,https://groundedai.com,https://www.linkedin.com/company/grounded-ai-make-the-underground-visible,,,,
Lura Health,2539500,Seed,"Integrated continual health-monitoring platform Americans and humans globally are facing multiple health crises, as they are plagued by chronic disease, which require consistent tracking in order to provide effective treatment.","Deeptech / Robotics / AR/VR,Health",AI & Machine Learning; Hard Tech; Healthcare; Human Health; Remote care,"Saam Bozorg, Noah Hill, Daniel Weinstein",SOSV (HAX),HAX 2019,SOSV,http://lurahealth.com,https://www.linkedin.com/company/lura-health,,2019-01-01,year,
Michroma,450000,Series A,"Novel bio-colorants through biotechnology Michroma revolutionizes the food industry by replacing synthetic, non-vegetarian and non-sustainable colorants with a natural option using biotechnology.","Climate / Sustainability,BioTech",Climate Tech; Future Food; Industrial Bio; Sustainable Manufacturing,"Ricky Cassini, Mauricio Braia",SOSV (IndieBio),IndieBio 09,SOSV,http://michroma.co,https://www.linkedin.com/company/michroma,,,,
Proteinea,2900000,Pre-Seed,"AI-designed antibody Fc tuning for safer, longer efficacy Protein engineering company using proprietary AI to design next-gen antibodies with improved efficacy, safety, and convenience.",BioTech,AI & Machine Learning; Alt Protein; Industrial Bio; Therapeutics,"Abdulaziz Elgammal, Mahmoud Eljendy",SOSV (IndieBio),IndieBio SF 11,SOSV,http://proteinea.com,https://www.linkedin.com/company/proteinea,,,,
Stack Finance,,Seed,India's first smart app to track and manage your money Stack Finance is India’s smartest app to track and manage personal finance all in one place.,FinTech / Insurance,Fintech,"Smriti Tomar, Tushar Vyas",SOSV,SOSV Orbit Startups - MOX 10,SOSV,http://stackfinance.co,https://www.linkedin.com/company/investoasia,,,,
dcSpark,,Seed,"Crypto ecosystem builders We empower everyday individuals with peer-to-peer technology. We also provide decentralized solutions to a wide variety of blockchain-related clients, from standard corporations and foundations to DAOs and treasuries.",Web3 / Crypto,Blockchain; Enterprise Software,"Carolina Rossi, Melissa Simmons, Sebastien Guillemot, Robert Kornacki, Nicolás Arqueros",SOSV,SOSV dlab 03,SOSV,http://dcspark.io,https://www.linkedin.com/company/dcspark,,,,
Sophie Society,,Pre-Seed,Join the Top 1% of Amazon Sellers Sophie Society increases sales conversion and traffic for small-medium e-commerce businesses on Amazon.,Consumer,E-Commerce; SaaS,Chris Rawlings,SOSV,SOSV Orbit Startups - Chinaccelerator 13,SOSV,http://sophiesociety.com,https://www.linkedin.com/company/sophie-society-co,,,,
Verifoxx,,Pre-Seed,Identity verification that puts privacy first Verifoxx helps you comply with KYC regulations without putting your customers’ data at risk using technology based on zero-knowledge proofs.,"Web3 / Crypto,Cybersecurity",Blockchain; Enterprise Software,"Bala Subramanyan, Roisin Meehan",SOSV,SOSV dlab 03,SOSV,http://verifoxx.com,https://www.linkedin.com/company/photofoxx,,,,
Upside Foods,,Growth,"Making your favorite food a force for good By growing meat directly from animal cells, we’re making future-friendly, real meat that makes you and the world smile. We stand for all of the good and none of the bad.","Climate / Sustainability,BioTech",Alt Protein; Climate Tech; Future Food,Uma Valeti,SOSV (IndieBio),IndieBio 02,SOSV,http://upsidefoods.com,https://www.linkedin.com/company/upsidefoods,,,,
Tumi Robotics,,Pre-Seed,Automating inspection tasks in the mining industry Tumi Robotics builds robots for inspection and monitoring of hard to access areas.,Deeptech / Robotics / AR/VR,Hard Tech; Robotics,"Claudia Akamine, Francisco Fabián Cuéllar Córdova",SOSV (HAX),HAX 2020,SOSV,http://tumirobotics.com,https://www.linkedin.com/company/tumi-robotics,,2020-01-01,year,
Esports XO,,Pre-Seed,"EsportsXO is an online marketplace for gamers, brands & game publishers. EsportsXO is India’s fastest-growing Esports startups.","Gaming / Media / Entertainment,Consumer",Media; SaaS,"Rohit Raj, Utsav Xo, Vikas Goel",SOSV,SOSV Orbit Startups - Chinaccelerator 21,SOSV,http://esportsxo.gg,https://www.linkedin.com/company/esportsxo,,,,
Pulsenics,,Pre-Seed,Unlocking the potential of data in the electrochemical industry Pulsenics uses electrochemistry to improve the efficiency of electrochemistry.,"Climate / Sustainability,Deeptech / Robotics / AR/VR",Climate Tech; Hard Tech; Industrial IoT,"Mariam Awara, Benjamin Maxwell, Essam Elsahwi",SOSV (HAX),HAX 2020,SOSV,http://pulsenics.com,https://www.linkedin.com/company/pulsenics,,2020-01-01,year,
Nordetect,2450000,Seed,"Monitoring, Reporting, and Verification for Climate-related Industries Nordetect is a ClimateTech company that produces lab-on-a-chip devices for the rapid analysis of water quality of industrial samples.","Climate / Sustainability,Deeptech / Robotics / AR/VR",AgTech; Climate Tech; Hard Tech; Industrial IoT,Keenan Pinto,SOSV (HAX),HAX 11,SOSV,http://nordetect.com/,https://www.linkedin.com/company/nordetect,,,,
New Culture,,Growth,"Animal-free cheese made to stretch, melt, and taste real At New Culture, we are revolutionizing how dairy products are made. Instead of using animals, we are using microbes to express dairy proteins and culture real dairy products that are…","Climate / Sustainability,BioTech",Alt Protein; Climate Tech; Future Food,"Inja Radman, Matt Gibson",SOSV (IndieBio),IndieBio 08,SOSV,http://newculture.co.nz,https://www.linkedin.com/company/18886747,,,,
Novoloop (fka BioCellection),,Series A,"Sustainable materials for a changing planet At Novoloop, we’re giving plastic trash new life. We transform packaging waste into high-performance materials used in shoes, cars, homes, and more.",Climate / Sustainability,Climate Tech; Materials; Sustainable Manufacturing,"Miranda Wang, Jeanny Yao",SOSV,IndieBio RebelBio 02,SOSV,https://www.novoloop.com,https://www.linkedin.com/company/biocellection-inc-,,,,
Esports Charts,1500000,Seed,"Metrics that enable proper advertising & sales in esports and online broadcasting Driven by machine learning and computer vision, Esports Charts (ESM.One Inc) is the world’s leading Esports data analytics and insights platform.","Future of Work,Consumer",Marketplaces; SaaS,"Ivan Danishevsky, Artyom Odintsov, Igor Krivich",SOSV,SOSV Orbit Startups - Chinaccelerator 15,SOSV,http://escharts.com,https://www.linkedin.com/company/esportscharts,,,,
Ardra Bio,,Pre-Seed,All natural flavors and fragrances Natural flavors and fragrances is the fastest growing category in a market worth over $23 billion globally.,Climate / Sustainability,Climate Tech; Industrial Bio; Sustainable Manufacturing,"Jonas Mueller, Radhakrishnan Mahadevan, Pratish Gawand",SOSV (IndieBio),IndieBio 03,SOSV,http://ardrabio.com,https://www.linkedin.com/company/ardra-inc,,,,
PriceOye,3000000,Seed,"Pakistan’s leading e-commerce platform for electronics and smartphones Serving more than two million active users a month, PriceOye is the second-largest e-commerce platform in Pakistan.",Consumer,E-Commerce,Adnan Shaffi,SOSV,SOSV Orbit Startups - MOX 09,SOSV,http://priceoye.pk,https://www.linkedin.com/company/priceoye,,,,
Aksense,160000,Pre-Seed,Infection diagnosis at anywhere with anyone in minutes Aksense is providing a rapid test with a portable electrochemical biosensor to diagnose infections.,Health,Diagnostics; Medtech,"Asiye Karakulluçu, Mürsel Baydemir",SOSV,IndieBio RebelBio 08,SOSV,http://aksense.com,https://www.linkedin.com/company/aksense,,,,
SmartBite,1300000,Seed,"Tech-enabled B2B solutions for corporate catering. SmartBite is a tech-enabled B2B marketplace for corporate catering, trusted by Southeast Asia’s biggest MNCs.",Logistics / Supply Chain,Enterprise Software; Food Supply Chain Solutions,Gabriele Fadda,SOSV,SOSV Orbit Startups - Chinaccelerator 21,SOSV,http://trysmartbite.com,https://www.linkedin.com/company/smartbite-group,,,,
InstaWorld,100000,Seed,"An Uber of logistic companies with fintech services to provide advance cash on delivery. Insta World provides a one-stop delivery solution plus cash in advance to all-size retailers in Pakistan, with a self-develop AI-embedded platform and…","FinTech / Insurance,Logistics / Supply Chain,Consumer",E-Commerce; Fintech,"Basit Sheikh, Hashaam Sheikh",SOSV,SOSV Orbit Startups - Chinaccelerator 21,SOSV,http://instaworld.pk,https://www.linkedin.com/company/instaworld,,,,
Playtoome,,Pre-Seed,"TikTok meets Live Nation A live, interactive platform, Playtoome allows you to connect with your favorite stars and watch them perform—all from the comfort of your own couch.",Gaming / Media / Entertainment,Media,Keerthivasan Subramaniam,SOSV,SOSV Orbit Startups - MOX 07,SOSV,https://www.playtoome.com,https://www.linkedin.com/company/playtoome,,,,
Trikl,,,"Personal-finance app for millennials to save, invest, and play to earn. Pakistan is the world’s 5th-most populous country, with over 64% of the population under the age of 30, many of whom without an understanding of investment opportunities.","FinTech / Insurance,Consumer",Fintech,Haseeb Siddiqui,SOSV,SOSV Orbit Startups - Chinaccelerator 21,SOSV,http://trikl.co,https://www.linkedin.com/company/trikl-tech,,,,
Hackster,,,"The place where hardware gets created Hackster is the largest online community for hardware hackers. Whether you are a hacker, a hobbyist or an entrepreneur, Hackster is the place where it all starts.","Deeptech / Robotics / AR/VR,Consumer",Education & EdTech,"Adam Benzion, Benjamin Larralde",SOSV,SOSV Portfolio: Cyril Ebersweiler,SOSV,http://hackster.io,https://www.linkedin.com/company/3767014,,,,
OneSkin,500000,Series A,"Finding molecules able to reverse skin aging OneSkin aims to promote skin rejuvenation by decoding the aging process. By replicating skin aging using 3D models and correlating biological markers with chronological age, we have created an efficient…","BioTech,Consumer",Consumer Bio; Human Health; Nutrition & Wellness; Therapeutics,"Mariana Lima, Julianna Lott de Carvalho, Carolina Reis",SOSV (IndieBio),IndieBio 03,SOSV,http://oneskin.co,https://www.linkedin.com/company/oneskin,,,,
SunGreenH2,"$7,500,000",Seed,Revolutionizing zero-emissions green hydrogen SunGreenH2 is developing a breakthrough membrane for high efficiency green hydrogen production with electrolysis.,"Climate / Sustainability,Deeptech / Robotics / AR/VR",Climate Tech; Energy; Hard Tech; Sustainable Manufacturing; Electrodes; Electrochemical Stacks,"Saeid Panah, Tulika Raj",SOSV (HAX),HAX 2020,SOSV,http://sungreenh2.com,https://www.linkedin.com/company/sungreenh2,,2020-01-01,year,
Major Map,,Seed,"AI solution for students in Korea to find the most suitable colleges and majors. Major Map provides AI solutions for students to find their career roadmap—complete with a personality assessment, a search engine of all available majors in South…",Consumer,AI & Machine Learning; Education & EdTech,Lee Hoony,SOSV,SOSV Orbit Startups - Chinaccelerator 21,SOSV,http://majormap.net,https://www.linkedin.com/company/majormap,,,,
Hydrostasis,1750000,Pre-Seed,"Optimal hydration for everyday health and performance Hydrostasis sensor platform provides actionable, real-time, and personalized hydration information that impacts health, safety, and performance.",Health,Healthcare; Human Health; Nutrition & Wellness,"Misha Shirman, Debbie Chen",SOSV (HAX),HAX 2021,SOSV,http://hydrostasis.com,https://www.linkedin.com/company/hydrostasis,,2021-01-01,year,
Prolific Machines,$86.5M,Growth,"Transforming biomanufacturing with light-controlled, AI-optimized biotherapeutics; Prolific Machines combines cutting-edge technologies to enable cell production at a new scale.","Climate / Sustainability,BioTech",Climate Tech; Human Health; Industrial Bio; Sustainable Manufacturing,"Deniz Kent, Max Huisman, Declan Jones",SOSV (IndieBio),IndieBio SF 11,SOSV,http://prolific-machines.com,https://www.linkedin.com/company/prolific-machines,,,,
SmartBenefits,175000,Pre-Seed,"Employee healthcare made easy and affordable Smartbenefit was founded to empower businesses in Pakistan, startups and SMEs, to get access to affordable health care and life care benefits without hassle.","FinTech / Insurance,Health,Future of Work",Fintech,"Hunain Kapadia, Sibtain Jiwani",SOSV,SOSV Orbit Startups - MOX 11,SOSV,https://smartbenefits.pk/,https://www.linkedin.com/company/smartchoice-pk,,,,
Kolibri,1900000,Seed,Using sound to enable advanced therapies Kolibri is pioneering acoustic cell engineering to radically cut the cost and complexity of therapeutic manufacturing.,"Deeptech / Robotics / AR/VR,Health,BioTech",Hard Tech; Healthcare; Human Health; Therapeutics,"Gabriel Dumy, Amélie Quilichini",SOSV (IndieBio),IndieBio NY 06,SOSV,https://www.kolibrilab.com,https://www.linkedin.com/company/kolibrilab,,,,
Voyage Foods,,Growth,"Our favorite foods, forever Recreating the foods and drinks that face environmental, ethical, and health challenges in a way that’s sustainable, scalable, and shockingly scrumptious.",Climate / Sustainability,Climate Tech; Future Food,Adam Maxwell,SOSV (IndieBio),SOSV Portfolio: Po Bronson,SOSV,http://voyagefoods.com,https://www.linkedin.com/company/voyage-foods,,,,
The Last Gameboard,,Seed,Console and platform to digitize tabletop games The Last Game board combines physical and digital gameplay in a gameboard for consumers.,"Gaming / Media / Entertainment,Consumer",Consumer Devices,"Tim Schukar, Shail Mehta",SOSV (HAX),HAX 2020,SOSV,http://lastgameboard.com,https://www.linkedin.com/company/the-last-gameboard,,2020-01-01,year,
Kalia Health,825000,Pre-Seed,"Bringing healthcare home Kalia Health is dedicated to improving maternal health through engineering a safe, affordable, and accessible home-based early detection test for preeclampsia (PE).",Health,Diagnostics; Human Health; Women's Health,Denali Dahl,SOSV (IndieBio),IndieBio NY 04,SOSV,https://www.kaliahealth.com/,https://www.linkedin.com/company/kalia-health,,,,
Barcoding Inc,,Pre-Seed,"Supply chain automation software and systems Barcoding is a supply chain automation and innovation company that helps organizations be more efficient, accurate, and connected.","Dev Tools / Cloud,Logistics / Supply Chain",Enterprise Software,Jay Steinmetz,SOSV,SOSV Portfolio: Sean O'Sullivan,SOSV,http://barcoding.com,https://www.linkedin.com/company/decisionpoint-technologies,,,,
Capra Biosciences,500000,Seed,Petrochemicals without the petroleum Capra Biosciences is bringing down the biomanufacturing capex by greater than 10 times through our novel biofilm-based bioreactor design.,Climate / Sustainability,Climate Tech; Industrial Bio; Sustainable Manufacturing,"Andrew Magyar, Elizabeth Onderko",SOSV (IndieBio),IndieBio SF 11,SOSV,http://caprabiosciences.com,https://www.linkedin.com/company/capra-biosciences,,,,
Ozone Bio,500000,Seed,"Emissions-free chemicals brought to life by zombie cells Ozone Bio has developed an emissions-free, low-cost adipic acid produced from wood-derived feedstocks to make the world’s only bio-nylon 6, 6 that can compete in the open market.",Climate / Sustainability,Climate Tech; Industrial Bio; Sustainable Manufacturing,"Anna Khusnutdinova, Khorcheska Batyrova",SOSV (IndieBio),IndieBio SF 11,SOSV,http://ozonebiocorp.com,,,,,
Play140,,,"Social, text-based gaming Play140 is a startup founded by gaming industry and startup veterans. It is a social gaming startup that offers simple, text-based games that can be played via SMS texting, instant messaging, or Twitter.",Gaming / Media / Entertainment,Media,Tom Monaghan,SOSV,SOSV Portfolio: Cyril Ebersweiler,SOSV,http://play140.com,,,,,
Digi Bio,,Pre-Seed,Programmable bio-chips to automate experiments Digi.Bio is accelerating the development of life saving cell therapies with a lab-on-a-chip and computational platform that analyzes how cell therapies perform and evaluate their outcome down to the…,Deeptech / Robotics / AR/VR,AI & Machine Learning; Hard Tech; Industrial Bio; Industrial Equipment,"Jelmer Cnossen, Federico Muffatto, Frido Emans",SOSV (HAX),HAX 10,SOSV,http://digi.bio,https://www.linkedin.com/company/digi,,,,
Q5D,$5.9 Million,Series A,"Disrupting the global wiring harness market Wiring is the critical element that makes so many of moder-day products function. Despite major advances in our approach to these products and their manufacturing, wiring of these products is still made by…","Deeptech / Robotics / AR/VR,Climate / Sustainability",Hard Tech; Manufacturing & Energy; Robotics,"Chris Elsworthy, Stephen Bennington",SOSV (HAX),HAX 2021,SOSV,http://q5dtechnology.com,https://www.linkedin.com/company/q5d,,2021-01-01,year,
Strados Labs,1250000,Series A,Making Every Breath Count Strados’ system detects pulmonary abnormalities earlier and more often through a small skin worn stethoscope that measures breathing patterns and lung sounds (like wheezing or coughing).,"Deeptech / Robotics / AR/VR,Consumer",Consumer Devices; Hard Tech,"Richard Powers, Nick Delmonico",SOSV (HAX),HAX 2018,SOSV,http://stradoslabs.com,https://www.linkedin.com/company/strados-labs,,2018-01-01,year,
MoveIt Solutions,50000,Seed,Intra city logistics platform Moveit is an intracity logistics platform that provides on-demand solutions to businesses and households.,"Transportation / Mobility,Logistics / Supply Chain",Transportation Tech,"Mirza Baig, Uzair Khan, Asad Gabol",SOSV,SOSV Orbit Startups - Chinaccelerator 21,SOSV,http://moveit.com.pk,https://www.linkedin.com/company/moveitpk,,,,
Scindo,250000,Seed,"Sustainable everyday Carbon chains are the backbones in most modern products, extracted from crude oil and converted into anything from materials to ingredients.",Climate / Sustainability,Climate Tech; Industrial Bio; Sustainable Manufacturing,"Gustaf Hemberg, Juliet Sword",SOSV (IndieBio),IndieBio NY 01,SOSV,https://scindo.bio/,https://www.linkedin.com/company/scindo,,,,
Flow Neuroscience,220000,Series A,Brain stimulation wearable and app-based therapy to treat clinical depression Flow Neuroscience offers a medication-free depression treatment that combines a brain stimulation wearable and an app-based therapy program.,"Deeptech / Robotics / AR/VR,Health",Hard Tech; Healthcare; Human Health; Mental health,"Erin Lee, Erik Rehn, Daniel Mansson",SOSV (HAX),HAX 10,SOSV,http://flowneuroscience.com,https://www.linkedin.com/company/flow-neuroscience,,,,
Tesarakt,,Pre-Seed,"Reinventing Brain Care Through AI Neurological disorders, like Alzheimer’s, can be challenging to diagnose, especially earlier in the disease progression when symptoms are subtle.",Health,Computational Bio; Diagnostics; Human Health,"Sarah Hsu, Kristina Vulgan",SOSV (IndieBio),IndieBio NY 04,SOSV,https://www.tesarakt.com,https://www.linkedin.com/company/tesarakt,,,,
Neupeak Robotics,,Seed,Feeding the future Neupeak is automating agricultural harvesting for fruits and vegetables like strawberries with robots.,"Climate / Sustainability,Deeptech / Robotics / AR/VR",AgTech; Robotics,"Anshul Porwal, Div Gill, Raffaella Di Mattia",SOSV (HAX),HAX 2020,SOSV,http://neupeak.com,https://www.linkedin.com/company/neupeak,,2020-01-01,year,
Presso,$12 Million,Series A,"Laundry Sucks. We're here to change that. Founded in 2018 by Nishant Jain and Thibault Corens, Presso is an Atlanta-based AI-robotics company harnessing the power of technology to create the first line of on-demand, low-carbon, express garment care…",Deeptech / Robotics / AR/VR,Hard Tech; Robotics,"Thibault Corens, Nishant Jain",SOSV (HAX),HAX 2018,SOSV,http://www.getpresso.com,https://www.linkedin.com/company/getpresso,,2018-01-01,year,
Lorryz,1,Series A,"On-demand transportation for cargo owners in MENAP Lorryz is MENA-Pakistan’s freight network that connects cargo owners with trucking companies for on-demand transportation solutions, using smart algorithms and data science to optimize road freight…",Transportation / Mobility,Transportation Tech,Capt. Adnan Ahmad,SOSV,SOSV Orbit Startups - Chinaccelerator 21,SOSV,http://lorryz.com,https://www.linkedin.com/company/lorryz,,,,
Property Passbook,725000,Pre-Seed,"Data-driven wealth management for global real estate investments Property Passbook is a multi-lingual, investor-first platform leveraging a massive data set and smart analytics.","FinTech / Insurance,PropTech",Fintech; SaaS,Colin Bogar,SOSV,SOSV Orbit Startups - Chinaccelerator 09,SOSV,https://propertypassbook.com/,https://www.linkedin.com/company/property-passbook,,,,
Solid Ox Motors,,Pre-Seed,"All-electric, grid optional Solid Ox Motors will manufacture mobile Solid Oxide Fuel Cell (SOFC) range extenders for battery electric vehicles.","Climate / Sustainability,Transportation / Mobility",Climate Tech; Energy; Transportation Tech,"Brandon Balili, Jared Moore",SOSV (IndieBio),IndieBio SF 12,SOSV,https://www.solidoxmotors.com,https://www.linkedin.com/company/solidoxmotors,,,,
CellCrine,500000,Pre-Seed,$300K will make 50 Million Liters of SP CDM for CMI The Concept of Making Cultured Meat is done. The Proof of Concept to make it possible has been validated by a third party.,"Climate / Sustainability,BioTech",Alt Protein; Climate Tech; Future Food,Rodolfo Faudoa,SOSV (IndieBio),IndieBio SF 12,SOSV,https://www.cellcrine.com,https://www.linkedin.com/company/elfamed-inc,,,,
USHOPAL,,Growth,Brand acceleration group The USHOPAL brand acceleration group partners and invests in the next generation of luxury brands in the beauty and wellness space.,Consumer,E-Commerce,Lu Guo 郭璐,SOSV,SOSV Orbit Startups - Chinaccelerator 07,SOSV,https://us.ushopal.com/,https://www.linkedin.com/company/ushopal,,,,
Pulse Industrial,,Seed,IoT solutions for industrial equipment failures Pulse Industrial is digitizing chemical plants with stream trap based sensor networks.,"Climate / Sustainability,Deeptech / Robotics / AR/VR",Climate Tech; Hard Tech; Industrial IoT,"Bryan Fedorak, Thomas Uhlenbruck",SOSV (HAX),HAX 2019,SOSV,http://pulseindustrial.ca,https://www.linkedin.com/company/pulseindustrial,,2019-01-01,year,
Chi Botanic,,Seed,The plant cell company Chi Botanic revolutionizes how natural products are made by applying synthetic biology and automation to create and scale customized plant stem cell cultures.,Climate / Sustainability,Climate Tech; Future Food; Industrial Bio,"Jonathan Meuser, Robert Jinkerson",SOSV (IndieBio),IndieBio 09,SOSV,http://chibotanic.com,https://www.linkedin.com/company/chi-botanic,,,,
SuperWorld,,Seed,"MAKE THE WORLD YOURS SuperWorld is an augmented reality (AR) virtual world allowing users and brands to create, discover and monetize.",Web3 / Crypto,AR / VR; Blockchain,"Max Woon, Hrish Lotlikar",SOSV,SOSV Orbit Startups - Chinaccelerator 19,SOSV,http://superworldapp.com,https://www.linkedin.com/company/superworldapp,,,,
MobiGarage,,Seed,Digitizing India’s second-hand smartphone market MobiGarage is innovating the USD $40 billion dollar smartphone market by disrupting the second-hand mobile supply chain.,"Climate / Sustainability,Consumer",Circular Economy; Climate Tech; Consumer Devices; E-Commerce; Marketplaces,"Pulkit Kapoor, Vaibhav Kapoor",SOSV,SOSV Orbit Startups - MOX 09,SOSV,http://mobigarage.com,https://www.linkedin.com/company/mobigarage,,,,
Wayfinder Biosciences,,Seed,Targeting functional RNA structures to generate new small molecule medicines for undruggable protein targets Wayfinder Bio develops orally available small-molecule medicines that bind disease-protein mRNAs and prevent harmful proteins from being…,BioTech,Biopharma; Computational Bio; Human Health; Industrial & Research Tools; Industrial Bio; Therapeutics,"Jason Fontana, David Sparkman-Yager",SOSV (IndieBio),IndieBio SF 12,SOSV,https://wayfinderbio.com,https://www.linkedin.com/company/wayfinder-biosciences,,,,
Unlocked Labs,1025000,Pre-Seed,Optimized Probiotics with Measurable Outcomes Unlocked is developing probiotics with enhanced abilities to take up and break down compounds in the GI tract – thereby safely bringing down levels throughout the human body.,"CPG,Consumer",Consumer Bio; Consumer Packaged Goods; Human Health; Microbiome; Nutrition & Wellness,Christoph Geisler,SOSV (IndieBio),IndieBio SF 12,SOSV,https://theraneutrics.com,https://www.linkedin.com/company/unlocked-labs,,,,
Dastgyr Technologies,4000000,Series A,Dastgyr is a B2B marketplace that connects small-scale retailers with manufacturers and suppliers. Dastgyr’s app helps retailers save 30% on their procurement and helps them to buy now and pay later.,"FinTech / Insurance,Consumer",E-Commerce; Fintech; Marketplaces,"Muhammad Qureshi, Zohaib Ali",SOSV,SOSV Orbit Startups - MOX 10,SOSV,http://dastgyr.com,https://www.linkedin.com/company/dastgyr,,,,
Climate Crop,,Pre-Seed,Photosynthesis unlimited ClimateCrop aims to unlock the limits of photosynthesis to capture more carbon and increase crop yields.,Climate / Sustainability,AgTech; Climate Tech,"Yehuda Borenstein, Erez Eliyahu, Vivekanand Tiwari",SOSV (IndieBio),IndieBio SF 12,SOSV,https://climate-crop.com/,https://www.linkedin.com/company/climatecrop,,,,
GIVN Goods,,Pre-Seed,"TOMS for everyday products GIVN is a social enterprise dedicated to turning mass consumer products into social goodness. Our flagship product, GIVN Water, is a premium North American spring water that is seriously good water – every bottle funds one…","CPG,Consumer",Consumer Packaged Goods,"John Houseal, Liz Skalla",SOSV,IndieBio Food-X 03,SOSV,http://givnwater.com,https://www.linkedin.com/company/givn,,,,
ViaBot,6100000,Series A,Autonomous robots for outdoor commercial tasks ViaBot builds multi-functional robots that take care of outdoor chores for commercial properties.,"Deeptech / Robotics / AR/VR,Transportation / Mobility",Hard Tech; Robotics,"Dawei Ding, Gregg Ratanaphanyarat",SOSV (HAX),HAX 11,SOSV,https://www.viabot.com/,https://www.linkedin.com/company/viabot,,,,
Perimeter,,Pre-Seed,Outdoor monitoring subscription that prevents home invasions Perimeter is building a sending platform to monitor home invasions at the earliest sign.,Consumer,Industrial IoT,"Michael Schramm, Munjal Budhabhatti",SOSV (HAX),HAX 2020,SOSV,http://www.getperimeter.co,,,2020-01-01,year,
Sea & Believe,,Pre-Seed,Plant-based seafood Plantruption stands for disruption and we are on a mission to create Irelands first plant-based seafood. We are researching and collaborating with universities and food technologists to provides Plant based seafood that’s close…,"Climate / Sustainability,BioTech,Consumer",Alt Protein; Climate Tech; Consumer Bio; Future Food,"Piyali Chakraborty, Jennifer O’Brien",SOSV (IndieBio),IndieBio SF 12,SOSV,https://www.sea-believe.com,https://www.linkedin.com/company/plantruption,,,,
RizLab Health,2200000,Pre-Seed,Bringing blood analysis to patients' fingertips RizLab Health is addressing the pandemic of antimicrobial resistance and helping clinicians by pinpointing the source of infection (and thus preventing inappropriate antibiotic prescriptions) with…,Health,Computational Bio; Diagnostics; Human Health,"Shahriar Azizpour, Mehdi Javanmard",SOSV (IndieBio),IndieBio NY 03,SOSV,http://rizlabhealth.com,https://www.linkedin.com/company/rizlab-health-inc,,,,
Electro-Active Technologies,2970000,Seed,"Turning organic waste into high value organic fertilizer and power Our process enables companies and communities to reinvest their organic waste into value-added products, including renewable hydrogen.",Climate / Sustainability,Climate Tech; Energy; Sustainable Manufacturing,"Abhijeet Borole, Alex Lewis",SOSV (IndieBio),IndieBio 08,SOSV,http://electroactive.tech,https://www.linkedin.com/company/electro-active-technologies,,,,
Voilà,850000,Series A,"Awaken US social commerce In China, KOLs and influencers make a lot of money because they drive purchases with social commerce. US influencers make much less because they can only earn on ads and sponsorship. Voilà!",,AI & Machine Learning,Ke Shang,SOSV,SOSV Orbit Startups - Chinaccelerator 16,SOSV,http://www.voila.love,https://www.linkedin.com/company/visual-chameleon-inc-,,,,
BioROSA Technologies Inc.,,Seed,Creating a biologically-based diagnostic standard of care for autism spectrum disorders Over 30 million children and over 100 million people around the world live with autism spectrum disorders (ASD).,"Health,BioTech",Diagnostics; Healthcare; Human Health,John Slattery,SOSV (IndieBio),IndieBio 07,SOSV,http://biorosa.com,https://www.linkedin.com/company/biorosa-technologies,,,,
NeuroCreate,211690,Pre-Seed,Using AI and Neuroscience to Augment Human Cognition At NeuroCreate we enable you to reach Flow mental states at will through our AI-powered digital platform.,,AI & Machine Learning; SaaS,Shama Rahman,SOSV,IndieBio RebelBio 05,SOSV,http://www.neurocreate.co.uk,https://www.linkedin.com/company/11520638,,,,
Catalog Technologies,,Growth,Infinite data archives We are encoding the world’s digital information into DNA—fitting entire data centers into the palm of your hand. What CATALOG is building can be thought of as a printing press with movable typefaces.,Climate / Sustainability,Climate Tech; Industrial Bio; Sustainable Manufacturing,"Nathaniel Bernard Roquet, Hyunjun Park",SOSV (IndieBio),IndieBio 04,SOSV,http://catalogdna.com,https://www.linkedin.com/company/15199950,,,,
mFluiDX,,Seed,"Enabling molecular detection anywhere The mFluiDx platform is fully autonomous, smart-phone enabled unit ideal for on-site testing. Also, Injection molding allows mass production of chips at cost 1000 times lower than PCR.","BioTech,Health",Diagnostics; Human Health,Charlie Yeh,SOSV (IndieBio),IndieBio 03,SOSV,http://mfluidx.com,https://www.linkedin.com/company/mfluidx,,,,
Perennial,,Seed,"Innovating in senior nutrition with plants Through relentless innovation, we are bringing a more clean and modern approach to global adult nutrition by harnessing the power of plants.",,Future Food,"Craig Deebank, Sara Bonham",SOSV (IndieBio),IndieBio 03,SOSV,http://liveperennial.com,https://www.linkedin.com/company/perennial-sciences,,,,
TomTex,1900000,Pre-Seed,Designing the future of sustainable biomaterial The TômTex mission is to create innovative material designs that parallel lifecycles observed in nature and serve as alternatives to the production methods that have contributed to our world’s…,Climate / Sustainability,Climate Tech; Industrial Bio; Sustainable Manufacturing,"Ross McBee, Uyen Tran, Atom Nguyen",SOSV (IndieBio),IndieBio NY 03,SOSV,https://www.tomtex.co/,https://www.linkedin.com/company/t%C3%B4mtex,,,,
Helex,,Seed,Genomic medicines for kidney diseases with high unmet need Helex is developing first-in-class non-viral genetic medicines for renal indications.,BioTech,Biopharma; Computational Bio; Data & Information Tech; Human Health,"Anirudh Nishtala, Rohini Kalvakuntla, Poulami Chaudhuri",SOSV (IndieBio),IndieBio NY 03,SOSV,https://www.helex.bio,https://www.linkedin.com/company/helexbio,,,,
ENTR,1000000,Pre-Seed,The future of food and beverage formulation and compliance ENTR is an enterprise SaaS platform built alongside industry leaders to empower food and beverage companies to innovate faster and decrease compliance risk by managing their data from idea…,"Logistics / Supply Chain,CPG,RegTech/Gov/Legal,Consumer",E-Commerce; Food Supply Chain Solutions,Chelsea Hawk,SOSV,IndieBio Food-X 10,SOSV,https://www.entrtechnologies.com/,https://www.linkedin.com/company/entr-technologies,,,,
Pannex Therapeutics,2500000,Pre-Seed,Developing anti-addictive painkillers to save lives Pannex Therapeutics is developing first-in-class Panx1 channel blockers targeting shared neuroinflammatory and immune pathways.,BioTech,Biopharma; Human Health; Therapeutics,David Bravo,SOSV (IndieBio),IndieBio NY 03,SOSV,https://pannextherapeutics.com/,https://www.linkedin.com/company/pannex-therapeutics,,,,
MIDOCONLINE,700000,Seed,LATAM’s app for video consultations with trusted medical professionals globaly. Midoconline is Latin America’s leading app for video consultations with trusted medical professionals anywhere in the world.,"Health,Gaming / Media / Entertainment,Consumer",Digital Health; Nutrition & Wellness,"Pedro Bernal, Luis Gomez, Fernando Carvajal",SOSV,SOSV Orbit Startups - Chinaccelerator 21,SOSV,http://midoconline.com,https://www.linkedin.com/company/midoconline,,,,
Spindle Biotech Inc.,500000,Pre-Seed,RNA right away Spindle Biotech Inc. is commercializing a proprietary RNA polymerase for large-scale mRNA vaccine production. Recent advances in mRNA technology have shown the growing importance of synthetic RNA in biological systems due to its…,BioTech,Industrial & Research Tools,Aaron Chung,SOSV,IndieBio RebelBio 07,SOSV,https://spindle.bio,https://www.linkedin.com/company/spindle-biotech-inc,,,,
Envairo,100000,,"Optimizing buildings for the people inside Envairo is the only solution that measures room-level occupancy from air sensor data, enabling buildings to track space use from the same sensors needed for HVAC.",,Enterprise Software,Gabriel Peschiera,SOSV,SOSV URBAN-X 02,SOSV,http://envairo.com,https://www.linkedin.com/company/envairo,,,,
Simply Good Jars,4000000,Series A,"Making last-minute food consumption easier and healthier Simply Good Jars brings chef-crafted, hand-prepared meals to the places where you live, work, and play.","Logistics / Supply Chain,CPG,Consumer",Consumer Packaged Goods; Food Supply Chain Solutions,Jared Cannon,SOSV,IndieBio Food-X 09,SOSV,http://simplygoodjars.com,https://www.linkedin.com/company/simply-good-jars,,,,
Moirai Biodesign,,Seed,"The RNA Architects - Computer-guided mRNA/RNA TX/VX design & RNA-based DX We provide computational mRNA/RNA design services for the industry and academia to help develop more stable mRNA vaccines and more effective RNA-based drugs, reposition…","Health,Dev Tools / Cloud",Diagnostics; Human Health,"Salva Duran Nebreda, Daniel Poglayen, Núria Conde Pueyo, Amadis Pages, Ivan Dotu",SOSV,IndieBio RebelBio 03,SOSV,http://moiraibiodesign.com,https://www.linkedin.com/company/moirai-biodesign,,,,
Lilu,700000,Seed,"Technology to empower new moms Lilu automates breast massage and compression (that mothers do and experts recommend). Their solution reduces the problems related to breastfeeding and helps mothers pump, track, and manage their breast milk supply.","Deeptech / Robotics / AR/VR,Health,Consumer",Consumer Devices; Hard Tech; Healthcare; Human Health; Women's Health,"Adriana Vazquez Ortiz, Sujay Suresh Kumar",SOSV (HAX),HAX 10,SOSV,http://wearlilu.com,https://www.linkedin.com/company/lilu-inc,,,,
Plasma Nutrition,,Pre-Seed,"Changing the functional properties of food and nutrition ioProtein naturally enhances your body’s own ability to use protein, allowing your body to get the most out of the nutritional products you take every day.","CPG,Consumer",Consumer Packaged Goods; Nutrition & Wellness,"Steve Motosko, Chris Flynn Rozanski",SOSV,IndieBio Food-X 04,SOSV,http://plasmanutrition.com,https://www.linkedin.com/company/plasma-nutrition,,,,
MicroSynbiotiX,1500000,,Microalgae synthetic biology company for oral delivery of vaccines to animals MicroSynbiotiX is developing cost-effective oral vaccines to combat infections and improve global food security.,"Climate / Sustainability,BioTech,Logistics / Supply Chain",AgTech; Therapeutics,"Simon Jegan, Antonio Lamb",SOSV,IndieBio RebelBio 03,SOSV,http://microsynbiotix.com,https://www.linkedin.com/company/microsynbiotix-ltd.,,,,
Videoverse,2000000,Growth,"A universe of video applications, powered by deep learning VideoVerse is a video technology company that encapsulates an ecosystem of smart AI-based video editing suite for all enterprise and individual content creators.",Gaming / Media / Entertainment,AI & Machine Learning; Media,"Vinayak Shrivastav, Alok Patil, Saket Dandotia",SOSV,SOSV Orbit Startups - Chinaccelerator 18,SOSV,https://vverse.ai/#,https://www.linkedin.com/company/toch.,,,,
Vyv (fka Vital Vio),,Series A,"Overhead lighting that safely kills bacteria Vyv offers a revolutionary replacement for standard overhead lighting that provides safe, active, and continuous disinfection through visible white light.","Health,Consumer",Consumer Devices; Healthcare; Human Health,"Colleen Costello, James Peterson",SOSV,SOSV Portfolio: Sean O'Sullivan,SOSV,https://vyv.tech,https://www.linkedin.com/company/5077501,,,,
General Sense,4000000,Series A,Identifying the Chemical World Through Scent General Sense is building the chemical sensing layer for artificial intelligence. The company’s Nose-Computer Interface (NCI) reads neural signals directly from a dog’s olfactory bulb — the point where…,"Health,Climate / Sustainability",Computational Bio; Diagnostics; Human Health; Sustainable Manufacturing,"Westley Dang, Peter Ledochowitsch, Gabriel Lavella",SOSV (IndieBio),IndieBio SF 11,SOSV,https://www.generalsense.com/,https://www.linkedin.com/company/generalsense,,,,
Sweetie Pie Organics,100000,,"Organic functional foods for mom and baby Sweetie Pie Organics is a line of organic functional foods for mom and baby. We have national distribution at Walmart, Grocery Channel, Buy Buy Baby, Bed Bath and Beyond, and online at Target and Amazon.","CPG,Consumer",Consumer Packaged Goods; Nutrition & Wellness,Liliana Cantrell,SOSV,IndieBio Food-X 09,SOSV,http://sweetiepieorganics.com,https://www.linkedin.com/company/market-solutions-group-inc.,,,,
Flore (FKA Sun Genomics),1120000,Series A,"Precision probiotic formulas tailored to your microbiome Flore crafts precision probiotics from your microbiome test, mapped to 352 markers, 23,000+ microbes, and 209 conditions.","BioTech,Consumer",Consumer Bio; Human Health; Microbiome; Nutrition & Wellness,,SOSV (IndieBio),IndieBio 06,SOSV,http://flore.com,https://www.linkedin.com/company/florehealth,,,,
Halla,,Series A,The Taste Intelligence company Halla’s Taste Intelligence is the only grocery AI that understands and responds to human preference and behavior—all in real-time.,,AI & Machine Learning; Food Software,"Spencer Price, Henry Michaelson, Gabriel Nipote",SOSV,IndieBio Food-X 08,SOSV,https://halla.io/,https://www.linkedin.com/company/12901348,,,,
Abbot’s Butcher,,Series A,"Artisan plant-based meats Abbot’s Butcher offers artisan plant-based meats, only using the best-tasting, highest-quality ingredients possible. Our products are crafted from premium-quality ingredients, sourced from ethical producers.","Climate / Sustainability,CPG,Consumer",Climate Tech; Consumer Packaged Goods; Future Food,Kerry Song,SOSV,IndieBio Food-X 07,SOSV,https://abbotsbutcher.com/,https://www.linkedin.com/company/theabbotsbutcher,,,,
Mechasys,,Pre-Seed,Visual layout positioning Mechasys provide accurate and rapid layout positioning for construction sites with lasers.,Deeptech / Robotics / AR/VR,Hard Tech; Industrial IoT,"Charles Ha, William St-Pierre, Jonathan Lefebvre",SOSV (HAX),HAX 2019,SOSV,http://mechasys.ca,https://www.linkedin.com/company/27208353,,2019-01-01,year,
Re-Nuble,231000,Seed,"Leading pioneer of biologically-superior, chemical-free hydroponic fertilizer Re-Nuble uniquely transforms food waste into plant-based technologies for both soil-based and hydroponic cultivation.","Climate / Sustainability,BioTech,Logistics / Supply Chain",AgTech; Climate Tech; Food Supply Chain Solutions,Tinia Pina,SOSV,IndieBio Food-X 02,SOSV,http://www.re-nuble.com,https://www.linkedin.com/company/re-nuble,,,,
Particle,,Growth,The number one development platform for the Internet of Things Particle’s full-stack Internet of Things (IoT) device platform gives you the hardware and software you need to securely and reliably connect your IoT devices to the web.,"Deeptech / Robotics / AR/VR,Dev Tools / Cloud",Data & Information Tech; Hard Tech; Industrial IoT,"Zach Supalla, Will Hart, Zachary Crockett",SOSV (HAX),HAX 02,SOSV,http://particle.io,https://www.linkedin.com/company/particleio,,,,
WhatSalon,,,Location-based hair & beauty appointment booking app WhatSalon is a mobile application that allows you to find and book hair and beauty appointments in your local area at the touch of a button.,"CPG,Consumer",E-Commerce,"David O’Flynn, Kieran Walsh",SOSV,SOSV Portfolio: Bill Liao,SOSV,http://whatsalon.com,https://www.linkedin.com/company/salon-manager-online,,,,
Bounty Media,415000,Seed,Zero party deep data provider for advertisers and publishers Bounty Media puts consumers in control of their data and privacy as a “zero party.” The deep data platform allows advertisers to offer premium content subscriptions to their audiences in…,Gaming / Media / Entertainment,Media; SaaS,"Jake Denney, Claes Loberg",SOSV,SOSV Orbit Startups - MOX 11,SOSV,http://bounty.media,,,,,
Crayonic,350000,Seed,"Bank-grade passwordless security for authentication, digital assets, and e-signatures Crayonic enables next-generation passwordless security for user authentication, digital asset storage, and electronic signatures.","Web3 / Crypto,Cybersecurity,FinTech / Insurance,Consumer",Blockchain; Consumer Devices,"Michal Varchola, Peter Kolarov",SOSV,SOSV dlab 02,SOSV,http://crayonic.com,https://www.linkedin.com/company/crayonic,,,,
"Lula, Inc.",,Series A,"Convenience at the front door Lula provides a last-mile logistics platform for small CPG retailers, like convenience stores and bodegas, through an omnichannel and emission-free delivery option.",Logistics / Supply Chain,Food Supply Chain Solutions,"Tom Falzani, Adit Gupta",SOSV,IndieBio Food-X 12,SOSV,http://luladelivery.com,https://www.linkedin.com/company/lula-delivery,,,,
HandlPay,2500000,Pre-Seed,A decentralized payment protocol enabling seamless stablecoin transactions via social handles HandlPay is a decentralized peer-to-peer payment protocol designed to simplify global value transfer by bridging social identity with blockchain…,"FinTech / Insurance,Web3 / Crypto,Consumer",E-Commerce; Fintech,"Barry Hurley, Arish Khajotia, Gregor Arn",SOSV,SOSV Orbit Startups - MOX 10,SOSV,https://www.handlpay.com/,https://www.linkedin.com/company/handlpay,,,,
Mycashback.co,30000,Pre-Seed,Fastest cashback in the world myCashback is the fastest cashback company in the world. We pay in one day while other cashback companies pay in 60 days.,Consumer,E-Commerce; Enterprise Software,Sarun Vichayabhai,SOSV,SOSV Orbit Startups - MOX 02,SOSV,http://mycashback.co,,,,,
Tappytoon,,Growth,Netflix for comics and webtoons Tappytoon is the premier digital-first comics platform that has become a daily destination for more than three million readers hailing from over 190 countries.,Gaming / Media / Entertainment,Media,"Sun Bang, Ernest Woo",SOSV,SOSV Orbit Startups - MOX 01,SOSV,http://tappytoon.com,https://www.linkedin.com/company/tappytoon,,,,
WakeCap,685000,Series A,Improving safety and productivity in construction WakeCap Technologies Inc’s wearable product overcomes the challenges of digitizing field logistics in the construction sector.,"Deeptech / Robotics / AR/VR,Future of Work,PropTech",Enterprise Software; Hard Tech; Industrial Equipment,"Hassan Albalawi, Badis Glaied, Ishita Sood",SOSV (HAX),HAX 11,SOSV,http://www.wakecap.com,https://www.linkedin.com/company/25065591,,,,
Taxworld,120000,Pre-Seed,Intelligent tax technology Our cloud-based platform uses AI to provide answers to tax questions.,"FinTech / Insurance,Consumer",AI & Machine Learning; E-Commerce,Alan Moore,SOSV,SOSV Portfolio: Bill Liao,SOSV,http://taxworld.ie,https://www.linkedin.com/company/taxworld-ltd,,,,
"The VIT Initiative, LLC",,,Eliminating injuries and illnesses before they happen VIT uses IoT sensors and predictive analytics to prevent workplace injuries before they happen.,Deeptech / Robotics / AR/VR,Hard Tech; Industrial IoT,"Andy Chan, Connor Young",SOSV (HAX),HAX 2019,SOSV,http://vitinitiative.com,https://www.linkedin.com/company/vit-initiative,,2019-01-01,year,
Pheronym,,Pre-Seed,Directed plant protection Pheronym uses a new kind of pheromone to manage microscopic roundworms called nematodes for eco-friendly agricultural pest control.,Climate / Sustainability,AgTech; Climate Tech,"Cameron Schiller, Fatma Kaplan",SOSV (IndieBio),IndieBio 05,SOSV,http://pheronym.com,https://www.linkedin.com/company/pheronym,,,,
KrakenSense,700000,Pre-Seed,A new way to rapidly detect pathogens in the food supply chain KrakenSense makes real-time pathogen detection sensors using cutting-edge nanotechnology and state-of-the-art calibration techniques.,"Health,Logistics / Supply Chain,Climate / Sustainability",Diagnostics; Industrial Bio; Sustainable Manufacturing,"Nisha Sarveswaran, Jamal Zeinalov",SOSV (IndieBio),IndieBio SF 10,SOSV,http://krakensense.com,https://www.linkedin.com/company/kraken-sense-ltd,,,,
UnBoxRobotics,$12M,Series A,Unbox the future of logistics automation UnBox Robotics automates warehousing and logistics with vertical systems designed for use in warehouses located in urban areas.,"Deeptech / Robotics / AR/VR,Logistics / Supply Chain",Hard Tech; Robotics,"Shahid Memon, Pramod Ghadge",SOSV (HAX),HAX 2019,SOSV,http://unboxrobotics.com,https://www.linkedin.com/company/unboxrobotics,,2019-01-01,year,
Khepra,250000,Pre-Seed,"Renewable fuels and chemicals from waste Using proprietary ultrasonic technology, Khepra can activate the thousands of megawatt hours of renewable electricity that are wasted every year and use it to upcycle plastics and agricultural wastes into…",Climate / Sustainability,Climate Tech; Energy; Industrial Bio; Sustainable Manufacturing,"Julie Kring, Madeleine Allen",SOSV (IndieBio),IndieBio SF 10,SOSV,http://khepra.net,https://www.linkedin.com/company/khepra,,,,
FluidAI,$13.5M,Series A,Platform for detecting post-operative complications NERv is creating the first-ever platform to detect post-operative complications in real-time.,"Deeptech / Robotics / AR/VR,Health",Diagnostics; Hard Tech; Healthcare; Human Health; Remote care,"Amr Abdelgawad, Youssef Helwa, Abdallah El-Falou",SOSV (HAX),HAX 2018,SOSV,https://fluidai.md,https://www.linkedin.com/company/nerv-inc-,,2018-01-01,year,
xRobotics,,Seed,Full suite of robotic automation for commercial pizza kitchens xRobotics is automating pizza production with robotics.,Deeptech / Robotics / AR/VR,Hard Tech; Robotics,"Roman Sharapov, Denis Rodionov",SOSV (HAX),HAX 2019,SOSV,http://xrobotics.io,https://www.linkedin.com/company/xrobotics,,2019-01-01,year,
Surface,,Seed,"Industry polishing robots Surface designs and develops industry-polishing robots that can polish multiple materials like metal, wood, plastics, and composite materials.",Deeptech / Robotics / AR/VR,Hard Tech; Robotics,Du Ling,SOSV (HAX),HAX China 2020,SOSV,http://surobopilot.com,https://www.linkedin.com/company/surface-robot,,2020-01-01,year,True
FleetOperate,,Pre-Seed,On-demand Driver-as-a-Service platform for the trucking industry FleetOperate is a credentialed truck driver marketplace that enables drivers to provide on-demand driving services to carriers and shippers.,"Web3 / Crypto,Transportation / Mobility,Consumer",Blockchain; Marketplaces; Transportation Tech,"Sharan Savadattimath, Nitin Sharma, Yash Kuntavalli",SOSV,SOSV dlab 03,SOSV,https://fleetoperate.com,https://www.linkedin.com/company/fleetoperate,,,,
ANA Therapeutics,,,"Investigating niclosamide as a treatment for COVID-19 ANA Therapeutics developing ANA-001, a proprietary capsule formulation of niclosamide for coronavirus indications, currently in Phase 2/3 clinical trials as a treatment for COVID-19.",BioTech,Therapeutics,Akash Bakshi,SOSV (IndieBio),SOSV Portfolio: Po Bronson,SOSV,https://www.neurobopharma.com,,,,,
Spintex,,Pre-Seed,"Spider-inspired silk fibres for sustainable, high-performance materials At Spintex, we unlocked the secrets of nature’s textile experts, spiders, to produce a low-cost and sustainable biomaterial platform for spinning high-performance silk fibers.",Climate / Sustainability,Climate Tech; Materials; Sustainable Manufacturing,"Alex Greenhalgh, Martin Frydrych",SOSV (IndieBio),IndieBio SF 10,SOSV,http://spintex.co.uk,https://www.linkedin.com/company/spintex,,,,
Tourplus,900000,Pre-Seed,"Personalize Your Travel Experience Tourplus is a Travel Tech company founded in Malaysia on 2015, endorsed by Ministry of Tourism, Art and Culture Malaysia.","Transportation / Mobility,Consumer",E-Commerce,"Kyle Foo, Rickson Goh",SOSV,SOSV Orbit Startups - Chinaccelerator 16,SOSV,https://www.tourplus.my,https://www.linkedin.com/company/tourplusapp,,,,
Sequential Skin,500000,Seed,"The world's first at-home genetic and skin microbiome test Sequential Skin is providing personalized skincare solutions. Our easy-to-use at-home test kit uses advanced genetic sequencing technology to understand how your genes, skin microbiome, and…",Consumer,Consumer Bio; Human Health; Microbiome; Nutrition & Wellness,"Albert Dashi, Oliver Worsley",SOSV (IndieBio),IndieBio NY 02,SOSV,http://sequential.bio,https://www.linkedin.com/company/sequentialbio,,,,
Klaud9,,Pre-Seed,Professional photoshoots in 24 hours for your business Great pictures drive great ecommerce sales. Klaud9 helps brands hire photographers to shoot photos delivering style consistent photos in 24 hours across 80 countries.,Gaming / Media / Entertainment,Media; SaaS,"Isabel Gonzalez, Eduard Busquets",SOSV,SOSV Orbit Startups - Chinaccelerator 18,SOSV,http://klaud9.com,https://www.linkedin.com/company/klaud9,,,,
GateHouse Bio (fka sRNAlytics),2400000,Series A,Breaking RNA codes to enable precision sRNA medicine Gatehouse Bio unlocks disease-driving RNA codes to power precision sRNA medicine. Its Code-Breaker™ platform maps complex mRNA::sRNA activity relationships to identify biomarkers and drug targets.,"BioTech,Health",Biopharma; Diagnostics; Human Health,David Salzman,SOSV (IndieBio),IndieBio 06,SOSV,https://gatehousebio.com,https://www.linkedin.com/company/27453999,,,,
Dahlia Biosciences,,Pre-Seed,Dahlia Biosciences is providing the next generation of multiplexed in situ single-cell RNA analysis tools for research and diagnostic applications.,Health,Human Health; Medtech,"Michael Lin, Un Kwon-Casado",SOSV (IndieBio),IndieBio 06,SOSV,http://dahliabio.com,https://www.linkedin.com/company/dahliabio,,,,
Bonzun,,Seed,Bonzun creates life Bonzun’s IVF app increases your chance of having a baby with functions that will improve the IVF process. These functions include a medication tracker to make sure you never miss an important dose and functions that will reduce…,"Health,Gaming / Media / Entertainment",Healthcare; Human Health; Media; Women's Health,Bonnie Roupé,SOSV,SOSV Orbit Startups - Chinaccelerator 10,SOSV,http://bonzun.com,https://www.linkedin.com/company/10159053,,,,
Boost Capital,1500000,Pre-Seed,Agentic AI to deepen your customer profiles & broaden your customer base Boost’s AI-powered tech enables financial institutions to onboard customers faster and smarter.,FinTech / Insurance,Fintech,"Lucinda Revell, Gordon Peters",SOSV,SOSV Orbit Startups - MOX 12,SOSV,http://boostkh.com,https://www.linkedin.com/company/boostcapital,,,,
Farma Genetics Inc,,Pre-Seed,Food as medicine is the future of healthcare FYXX’s first product line is trying to reduce heart disease through diet and supplements.,"BioTech,Health,CPG,Consumer",Consumer Packaged Goods; Future Food,,SOSV,IndieBio Food-X 10,SOSV,https://fyxxhealth.com,https://www.linkedin.com/company/farmagenetix,,,,
Diptera.ai,,Seed,Stopping mosquito-borne disease Diptera.ai’s technology cuts the cost of SIT—a natural and highly-efficient insect birth control method—to make it a widespread solution against mosquitoes.,Climate / Sustainability,AgTech; Computational Bio; Human Health,"Victor Levitin, Ariel Livne",SOSV (IndieBio),IndieBio NY 01,SOSV,http://diptera.ai,https://www.linkedin.com/company/smtlabs-co,,,,
Cartesi,260000,Seed,"The Operating System for DApps Cartesi is the operating system of DApps. Complex and intensive computations run in a Linux environment, outside the blockchain, without compromising decentralization.",Web3 / Crypto,Blockchain; Enterprise Software,"Colin Steil, Erick de Moura",SOSV,SOSV Orbit Startups - Chinaccelerator 14,SOSV,http://cartesi.io,https://www.linkedin.com/company/cartesiproject,,,,
Blue Planet Ecosystems,,Seed,"Designing, building, and operating artificial ecosystems for sustainable food production Blue Planet Ecosystems builds, develops, and operates modular, closed-loop photo protein reactors for sustainable food production in extreme environments.","Climate / Sustainability,BioTech",Alt Protein; Climate Tech; Future Food,"Georg Schmitzberger, Thomas Daniele, Paul Schmitzberger",SOSV (IndieBio),IndieBio 08,SOSV,http://blue-planet-ecosystems.com,https://www.linkedin.com/company/blue-planet-ecosystems,,,,
Flair,3100000,Series A,"Electrification, demand response, energy efficiency Flair builds a Smart Vent suite for rapid retrofitting of central heating and cooling and a Minisplit controller compatible with over one billion non-smart air conditioners operating today.",Climate / Sustainability,Climate Tech; Energy; Industrial IoT,"Daniel Myers, Kenny Tay",SOSV (HAX),HAX 06,SOSV,http://flair.co,https://www.linkedin.com/company/3784910,,,,
NewCampus,,Seed,"Today, 60% of employees at growth stage companies are young and inexperienced managers. NewCampus is a modern business school for Asia, supercharging managers at next-gen organizations.",Consumer,Education & EdTech,"Will Fan, Fei Yao",SOSV,SOSV Orbit Startups 2022,SOSV,http://newcampus.co,https://www.linkedin.com/company/newcampushq,,2022-01-01,year,
UNL,6500000,Seed,Building the Internet of Places UNL is a smart micro-location infrastructure and new generation mapping technology startup building the Internet of Places – a digital 1:1 geodata twin of the physical world.,Web3 / Crypto,Blockchain; SaaS,"Mihaela Georgieva, Xander Van Der Heijden",SOSV,SOSV Orbit Startups - MOX 06,SOSV,http://unl.global,https://www.linkedin.com/company/unlglobal,,,,
Elephant Robotics,,Series A,"Cooperative robot with an integrated robot arm, voice, and vision system Elephant Robotics builds low cost robotic arms with integrated vision and control systems. Their robots are used across manufacturing, education, and research.",Deeptech / Robotics / AR/VR,Hard Tech; Robotics,"Kirin Wu, Junyi Song",SOSV (HAX),HAX China 01,SOSV,http://www.elephantrobotics.com/en/,https://www.linkedin.com/company/elephantrobotics,,,,
Revol Technologies Inc,,,"Custom-fit Bluetooth earphones Ultimate Ears is building quick-molding, custom-fit Bluetooth earphones that will solve common problems associated with comfort, cost, and process.","Deeptech / Robotics / AR/VR,Consumer",Consumer Devices; Hard Tech,"Navi Cohen, Daniel Blumer, Tali Katz",SOSV (HAX),HAX 07,SOSV,http://revols.com,https://www.linkedin.com/company/revol-technologies-inc,,,,
Petronics,,,An intelligent robotic mouse for your cat Petronics is focused on building pet products to enhance the happiness and wellbeing of your furriest family members.,"Deeptech / Robotics / AR/VR,Consumer",Consumer Devices; Hard Tech; Robotics,"David Jun, Dave Cohen",SOSV (HAX),HAX 05,SOSV,http://petronics.io,https://www.linkedin.com/company/petronics,,,,
Rumarocket,,Pre-Seed,"Using machine learning algorithms to help companies hire, retain and motivate smarter Rumarocket’s Machine Learning Algorithm has helped our clients hire staff that made 12% – 50% more revenue and decreased employee turnover by 15%.",Deeptech / Robotics / AR/VR,Enterprise Software; SaaS,Kathleen Yu,SOSV,SOSV Orbit Startups - Chinaccelerator 06,SOSV,http://rumarocket.com,https://www.linkedin.com/company/rumarocket,,,,
The EVERY Company,,Growth,"Creating Vital Ingredients For The World The EVERY Company, headquartered in South San Francisco, is a market leader in engineering, manufacturing and formulating animal-free, animal proteins as ingredients for the global food and beverage industry.","Climate / Sustainability,BioTech",Alt Protein; Climate Tech; Future Food,"Eitan Darwish, Arturo Elizondo",SOSV (IndieBio),IndieBio 01,SOSV,http://theeverycompany.com,https://www.linkedin.com/company/clara-foods,,,,
Feel Therapeutics,1800000,Series A,"Biomarkers and digital therapeutics for mental health Feel is developing biomarkers and digital therapeutics to bring objective data and measurement in the way we diagnose, manage, and care for mental health.","Deeptech / Robotics / AR/VR,BioTech,Health,Consumer",Consumer Devices; Hard Tech; Human Health; Mental health; Remote care,"Haris Tsirbas, George Eleftheriou",SOSV (HAX),HAX 09,SOSV,http://myfeel.co,https://www.linkedin.com/company/sentio-solutions-inc-,,,,
Lief Therapeutics,,Seed,Wearable that helps you combat stress Lief Therapeutics behavioral coaches and wearable smart patch empower patients to improve their mental health without going to the clinic.,"Deeptech / Robotics / AR/VR,Health,BioTech",Hard Tech; Healthcare; Human Health; Mental health; Remote care,"Billy Frese, Nathanael Wolfe, Rohan Dixit",SOSV (HAX),HAX 07,SOSV,https://getlief.com/,https://www.linkedin.com/company/lief-therapeutics,,,,
Petcube,,Series A,Dropcam + Instagram for pets Petcube keeps people connected with their pets with its interactive Petcube camera and a mobile community of pet lovers. Petcube is a global leader at the intersection of connected home and pet care.,Consumer,Consumer Devices,"Alexander Neskin, Yaroslav Azhnyuk, Andrey Klen",SOSV (HAX),HAX 03,SOSV,http://petcube.com,https://www.linkedin.com/company/petcube,,,,
Minut,2500000,Series A,"Connect to home Minut’s sensor monitors your home by analyzing sounds and the indoor environment. It can alert you when it detects alarms, breaking windows, or unexpected activity when you’re away.","Deeptech / Robotics / AR/VR,Consumer",Consumer Devices; Hard Tech; Industrial IoT,"Fredrik Ahlberg, Nils Mattisson, Marcus Ljungblad",SOSV (HAX),HAX 05,SOSV,http://minut.com,https://www.linkedin.com/company/minut,,,,
DARMA,,Series A,Your personal sitting coach Darma is the world’s first “inactivity tracker”—a non-invasive smart cushion to monitor your sitting habits and improve your physical and mental health.,"Deeptech / Robotics / AR/VR,Consumer",Consumer Devices; Hard Tech; Human Health; Remote care,"Vic Song, Junhao Hu",SOSV (HAX),HAX 04,SOSV,http://darma.co,https://www.linkedin.com/company/darma-inc-,,,,
Prime Roots,,Growth,Fungi for foodies Prime Roots (formerly Terramino Foods) is revolutionizing protein. We are using fungi super protein as the base of our delicious high-protein products that are good for you and the world.,"Climate / Sustainability,BioTech",Alt Protein; Climate Tech; Future Food,"Joshua Nixon, Kimberlie Le",SOSV (IndieBio),IndieBio 06,SOSV,http://primeroots.com,https://www.linkedin.com/company/primeroots,,,,
STÄMM,,Series A,"Biomanufacturing everywhere Leveraging microfluidics, electroporation, and robotics, Stämm is downsizing a whole biotech plant into an all-in-one, plug-and-play desktop unit.","Climate / Sustainability,Deeptech / Robotics / AR/VR,Health",Climate Tech; Hard Tech; Healthcare; Human Health; Industrial Bio,"Juan Francisco Llamazares, Federico Vegh",SOSV (IndieBio),IndieBio 07,SOSV,http://stamm.bio,https://www.linkedin.com/company/stammbiotech,,,,
FLOWBIO,,Seed,Wearable that monitors biomarkers from sweat FLOWBIO builds wearable and non-invasive technology to quantify data in an athlete’s sweat.,"Deeptech / Robotics / AR/VR,Consumer",Consumer Devices; Hard Tech,"Giovanni Rovere, Stefan van der Fluit",SOSV (HAX),HAX 2020,SOSV,http://flowbio.com,https://www.linkedin.com/company/flowbio,,2020-01-01,year,
Filtricine,,Series A,"Developing a drug-free cancer therapy based on nutrient deprivation Filtricine, Inc. is a pre-clinical-stage therapeutic company.","BioTech,Health",Biopharma; Human Health; Therapeutics,"Xiyan Li, Jimmy Wang, Grace Yang",SOSV (IndieBio),IndieBio 07,SOSV,http://filtricine.com,https://www.linkedin.com/company/filtricine,,,,
VoltStorage,2700000,Growth,"An electric storage device for clean solar power VoltStorage is a vanadium redox flow battery that is safer, cheaper, and more durable than lithium ion.","Climate / Sustainability,Deeptech / Robotics / AR/VR,Dev Tools / Cloud",Climate Tech; Energy; Hard Tech; Industrial IoT,"Felix Kiefl, Jakob Bitner, Michael Peither",SOSV (HAX),HAX 09,SOSV,http://voltstorage.com,https://www.linkedin.com/company/voltstorage,,,,
Tensorfield Agriculture,$2.9 Million,Pre-Seed,Agricultural robots for a future without herbicides Tensorfield Agriculture supports the commercial adoption of thermal micro-dosing for weed control in vegetable crops – they eradicate weeds using only heated vegetable oil.,"Climate / Sustainability,Deeptech / Robotics / AR/VR",AgTech; Hard Tech; Industrial Equipment,"Louise Thomas, Xiong Chang, Sandeep Mirchandani, Cheehan Weereratne",SOSV (HAX),HAX 2018,SOSV,https://tensorfield.ag,https://www.linkedin.com/company/tensorfield-agriculture,,2018-01-01,year,
MikeLegal,150000,Pre-Seed,Your AI powered legal associate Corporates’ most valuable asset is often their brand. Corporate legal departments spend 60% of their time on trademark management and protection and intellectual property work – low value and repetitive.,RegTech/Gov/Legal,AI & Machine Learning,"Anshul Gupta, Tushar Bhargava",SOSV,SOSV Orbit Startups - Chinaccelerator 18,SOSV,http://mikelegal.com,https://www.linkedin.com/company/mikelegal,,,,
Machine Medicine Technologies,656000,Seed,"Hypervision for clinicians Machine Medicine is dedicated to advancing the understanding of the human condition in all its mental, physical, and social forms.","BioTech,Health",Human Health; Industrial & Research Tools,Jonathan O’Keeffe,SOSV,IndieBio RebelBio 06,SOSV,http://machinemedicine.com,https://www.linkedin.com/company/machine-medicine,,,,
Microendo,130000,Pre-Seed,Crop specific biofertilizers. Microendo is the first supplier and developer specialized in biofertilizers for specific crops. We use the plant’s Microbiota for product development.,Climate / Sustainability,AgTech; Climate Tech; Future Food,"Fernando Fernandez, Cristobal Fonseca",SOSV,IndieBio RebelBio 07,SOSV,https://microendo.com.mx/en/,https://www.linkedin.com/company/microendo-inc,,,,
Perfect Day,2060000,Growth,Sustainable dairy protein from precision fermentation Perfect Day is a cellular agriculture company revolutionizing the production of milk protein and dairy products.,"Climate / Sustainability,BioTech",Alt Protein; Climate Tech; Future Food; Sustainable Manufacturing,"Ryan Pandya, Perumal Gandhi",SOSV,IndieBio RebelBio 01,SOSV,http://perfectdayfoods.com,https://www.linkedin.com/company/perfectday,,,,
Vani,70000,Pre-Seed,"Intelligent voice assistant for Indian local languages Vani is a seamless voice interface for the hundreds of millions who don’t speak English, the differently-abled, and the elderly.",,AI & Machine Learning,"Jatin Babber, Sparsh Agrawal",SOSV,SOSV Orbit Startups - MOX 09,SOSV,https://www.vaniassistant.com/,https://www.linkedin.com/company/vaniassistant,,,,
Divigas,350000,Series A,"Next-generation hydrogen purification DiviGas is a Singapore-based industrial membrane supplier for refineries, chemical processors, and industrial processors.","Climate / Sustainability,Deeptech / Robotics / AR/VR",Climate Tech; Energy; Hard Tech; Industrial IoT,"Andre Lorenceau, Ali Naderi",SOSV (HAX),HAX 2019,SOSV,http://divigas.co,https://www.linkedin.com/company/divigas,,2019-01-01,year,
Arkademi,,Pre-Seed,Indonesia #1 Certified Online Course Platform Arkademi helps people get access to any vocational courses with professional certification at a very accessible cost.,Consumer,AI & Machine Learning; Education & EdTech,Hilman Fajrian,SOSV,SOSV Orbit Startups - MOX 08,SOSV,http://arkademi.com,https://www.linkedin.com/company/arkademi,,,,
Robomart,3500000,Series A,"Waymo for Delivery Based in Glendale, CA, Robomart is the world leader in autonomous retail, creator of the first self-driving store and the world’s most advanced delivery robots.","Deeptech / Robotics / AR/VR,Logistics / Supply Chain",Robotics,"Ali Ahmed, Tigran Shahverdyan, Emad Rahim",SOSV (HAX),HAX 2020,SOSV,https://robomart.ai,https://www.linkedin.com/company/robomart,,2020-01-01,year,
Lingrove,$17.5M,Series A,"Transform spaces with impact-resistant, eco-friendly wall coverings, and buliding materials Creating ‘wood’ without the tree. Their formable, natural fiber and resin replicates the performance, look, feel and re-usability of premium wood from…","Climate / Sustainability,Deeptech / Robotics / AR/VR,Consumer",Climate Tech; Consumer Bio; Materials; Sustainable Manufacturing,"Joe Luttwak, Desi Banatao",SOSV (IndieBio),IndieBio 06,SOSV,http://lingrove.com,https://www.linkedin.com/company/lingrove,,,,
Wasteless,,Seed,The world's first machine learning and real-time tracking solution for grocery stores Wasteless has developed supply chain technology using RFID tags and a pricing algorithm to help food retailers save money and reduce food waste.,"Climate / Sustainability,Logistics / Supply Chain,CPG",Climate Tech; Enterprise Software; Food Supply Chain Solutions,"Oded Omer, Yossi Regev",SOSV,IndieBio Food-X 05,SOSV,http://wasteless.co,https://www.linkedin.com/company/13216326,,,,
TinyChef,3200000,Seed,Scaling Holistic Wellness and Fitness for Gyms and Clinics NutriChef is an AI-powered platform designed to assist dietitians in delivering personalized nutrition management.,"Health,Logistics / Supply Chain,Consumer",Food Supply Chain Solutions,Bahubali Shete,SOSV,IndieBio Food-X 06,SOSV,https://nutrichef.io/,https://www.linkedin.com/company/nutrichef-by-tinychef,,,,
Dispatch,,,Making delivery smart Dispatch is creating a platform for local delivery powered by a fleet of autonomous vehicles designed for sidewalks and pedestrian spaces.,"Deeptech / Robotics / AR/VR,Logistics / Supply Chain",Hard Tech; Robotics,"Uriah Baalke, Jia Hao Lim, Sonia Jin, Stav Braun",SOSV (HAX),HAX 07,SOSV,http://dispatch.ai,https://www.linkedin.com/company/dispatch.ai,,,,
Giladiskon,150000,Pre-Seed,Connecting restaurants and lifestyle retailers to members Giladiskon helps Indonesian restaurants and lifestyle retailers by introducing them to its 1.5 million members for free.,"Gaming / Media / Entertainment,Consumer",E-Commerce; Media,"Steven Sentosa, Fandy Santoso",SOSV,SOSV Orbit Startups - MOX 08,SOSV,https://www.giladiskon.com,https://www.linkedin.com/company/giladiskon,,,,
Geltor,5000000,Growth,"Building food with biology Many of the foods we love, the medicines we need, and the cosmetics we use daily rely on a single ingredient: gelatin. At Geltor, we make real gelatin, without the animal.","Climate / Sustainability,BioTech",Alt Protein; Climate Tech; Sustainable Manufacturing,"Alexander Lorestani, Nick Ouzounov",SOSV (IndieBio),IndieBio 02,SOSV,http://geltor.com,https://www.linkedin.com/company/geltor-inc,,,,
Amper,,Series A,"Real-time machine analytics for factory owners Amper is a clip-on device to help factory owners and managers analyze power consumption of their machines, predict downtime, and deploy predictive maintenance.","Deeptech / Robotics / AR/VR,Data & Analytics",Hard Tech; Industrial IoT,"Akshat Thirani, Phil House, Sachin Lal",SOSV (HAX),HAX 09,SOSV,http://amper.xyz,,,,,
Intelligent Implants Ltd,2000000,Series A,"Wireless implantable electronics that induce, steer, and monitor bone growth in real time Intelligent Implants is a bioelectronics company developing a revolutionary implantable electrical stimulation platform technology that is incorporated into…",Health,Healthcare; Human Health; Medtech,"Martin Larsson, Erik Zellmer, John Zellmer, Rory Murphy",SOSV,SOSV Portfolio: Bill Liao,SOSV,http://intelligentimplants.ie,https://www.linkedin.com/company/intelligent-implants,,,,
Endless West,,Growth,"Makers of molecular spirits Endless West is a beverage company using science to create its own blend of wines and spirits. Its first product, Glyph, is the first whiskey to ever be crafted note by note using molecules (or flavor and aroma notes)…","Climate / Sustainability,BioTech",Climate Tech; Future Food; Industrial Bio,"Alec Lee, Mardonn Chua",SOSV (IndieBio),IndieBio 01,SOSV,http://endlesswest.com,https://www.linkedin.com/company/endlesswest,,,,
Fleksy,1200000,Seed,"Smart keyboard assistant Fleksy Keyboard is a dynamic and customizable keyboard compatible with all your favorite apps, allowing users to type on WhatsApp, Snapchat, LinkedIn, Telegram, and thousands more.",,,"Xevi Farrarons, Olivier Plante, Francesc Garcia",SOSV,SOSV Orbit Startups - MOX 05,SOSV,https://www.fleksy.com/,https://www.linkedin.com/company/9290020,,,,
Deepspin,$7.75 Million,Seed,"The first truly low-cost MRI machine DeepSpin is developing AI-powered MRI imaging machine at a fraction of the cost, size, and weight of standard systems.","Deeptech / Robotics / AR/VR,Health",Hard Tech; Healthcare; Human Health,"Pedro Silva, Clemens Tepel",SOSV (HAX),HAX 2020,SOSV,http://deepspin.io,https://www.linkedin.com/company/deepspin,,2020-01-01,year,
Neurode,$3.9 Million,Seed,Changing the way we treat ADHD Neurode is actively tracking and improving symproms of ADHD with transcranial stimulation.,Health,Digital Health; Healthcare; Human Health; Mental health,"Damian Sofrevski, Nathalie Gouailhardou",SOSV (HAX),HAX 2021,SOSV,http://neurode.com.au,https://www.linkedin.com/company/neurode,,2021-01-01,year,
Vertiq,100000,Seed,The ultimate motor for versatility and performance IQ Motion Control brings advanced motor control technology to a wide range of robotics fields without adding significant cost to production.,Deeptech / Robotics / AR/VR,Hard Tech; Industrial IoT; Robotics,Matt Piccoli,SOSV (HAX),HAX 11,SOSV,https://www.vertiq.co,https://www.linkedin.com/company/iqinetics,,,,
Journey Foods,,Pre-Seed,"Manage Food Products, Better JourneyAI analyzes millions of ingredients via nutrients, supply chain insights, and more to help you discover the perfect ingredient for any product.",Logistics / Supply Chain,AI & Machine Learning; Food Supply Chain Solutions,Riana Lynn,SOSV,SOSV Orbit Startups - Chinaccelerator 17,SOSV,https://journeyfoods.io/,https://www.linkedin.com/company/journey-foods,,,,
Lucidefi,,Seed,Defi Terminal with AI filter Data Republic provides a Defi trading terminal with AI filters that provides traders profitable investments real-time and invest easily.,FinTech / Insurance,Fintech; SaaS,Sungmin Aum,SOSV,SOSV Orbit Startups - Chinaccelerator 19,SOSV,https://www.lucidefi.ai,https://www.linkedin.com/company/lucidefi,,,,
Bite,,Series A,Personalized self-service kiosks for hospitality sector Bite’s intelligent self-ordering kiosks aim to personalize the food service and retail experience by incorporating facial recognition and a learning algorithm while lowering the cost of service…,"Health,Logistics / Supply Chain",Enterprise Software; Food Supply Chain Solutions,"Stas Nikiforov, Jeff Hong, James Schwerdtman, Brandon Barton",SOSV,IndieBio Food-X 04,SOSV,https://www.getbite.com/,https://www.linkedin.com/company/bitekiosk,,,,
Primo,135000,Seed,Foster deeper relationships Primo provides a modularized and data-driven customer engagement platform to help dozens of highly popular brands manage their entire membership program lifecycle from building and engaging to monetizing.,Consumer,E-Commerce; Enterprise Software,"Paul Suthapong, Vee Sirasoontorn",SOSV,SOSV Orbit Startups - MOX 06,SOSV,https://www.primo.mobi,https://www.linkedin.com/company/primoworld,,,,
Neptune Robotics,,Series A,Automated biofouling management & robotic hull cleaning system Neptune’s robots clean ship hulls to remove biomass accumulation and increase fuel efficiency by up to 18%.,"Climate / Sustainability,Deeptech / Robotics / AR/VR",AI & Machine Learning; Climate Tech; Robotics,"Jacky Im, Kate Ma, Elizabeth Chan",SOSV (HAX),HAX 2018,SOSV,https://neptune-robotics.com/,https://www.linkedin.com/company/neptunerobotics,,2018-01-01,year,
nura,,Growth,Headphones that learn and adapt to your unique hearing Nura is a new headphone that integrates unique soundwave technology to automatically measure your hearing (from the outer ear all the way to the brain) and adapt music perfectly to you.,"Deeptech / Robotics / AR/VR,Consumer",AI & Machine Learning; Consumer Devices; Hard Tech,"Luke Campbell, Dragan Petrovic, Kyle Slater",SOSV (HAX),HAX 08,SOSV,http://nuraphone.com,https://www.linkedin.com/company/nura-music,,,,
Simbe Robotics,,Growth,Automating retail Simbe Robotics is building the world’s first fully autonomous robotic shelf-auditing and analytics solution for retail.,Deeptech / Robotics / AR/VR,Hard Tech; Robotics,"Jeff Gee, Mirza Akbar Shah, Brad Bogolea",SOSV (HAX),HAX 07,SOSV,http://simberobotics.com,https://www.linkedin.com/company/simbe,,,,
MavenHut,,Seed,"Multiplayer, social classic games MavenHut makes classic games more fun. We transform classic single-player games into multi-player, social games. Our first innovation was to bring the social into the unsocial Solitaire.",Gaming / Media / Entertainment,Media,"Cristi Badea, Elvis Apostol, Bobby Voicu",SOSV,SOSV Portfolio: Bill Liao,SOSV,http://mavenhut.com,https://www.linkedin.com/company/2550686,,,,
XIXILAB,150000,Pre-Seed,"High quality, affordable and convenient teeth straightening services with invisible braces The skin care regimen for women in China includes as many as 9 steps close to the average of 8-10 steps of women in Korea and they are willing to spend US$200…",Health,Digital Health; Healthcare; Human Health; Remote care,"Lucas Englehardt, Miliyun Chiu",SOSV,SOSV Orbit Startups - Chinaccelerator 17,SOSV,http://xixilab.com,https://www.linkedin.com/company/xixilab,,,,
FASHORY,,Pre-Seed,"Short-term retail spaces in high-traffic locations FASHORY FUSE is an online platform that helps brands worldwide launch in China through partnered retail spaces and pop-ups with end-to-end marketing, inventory, and payment management.","Deeptech / Robotics / AR/VR,Consumer",E-Commerce,"Faith Teo, Koh Huisi, Emmy Teo",SOSV,SOSV Orbit Startups - Chinaccelerator 10,SOSV,http://thefashory.com,https://www.linkedin.com/company/fashory,,,,
Particella,,Seed,"Oral Gene Medicines Particella Inc., (formerly DNAlite Therapeutics) is a biotechnology company that has developed a novel proprietary lipid nanoparticle that can deliver mRNA and other nucleic acids orally.",BioTech,Biopharma; Human Health; Therapeutics,"Timothy Day, Mubhij Ahmad",SOSV (IndieBio),IndieBio 05,SOSV,https://particella.bio,https://www.linkedin.com/company/particella,,,,
Woovly,2200000,Seed,"Woovly, a social commerce platform for Tier 2,3 millennials driven by a creator community. Users at Woovly, discover & shop lifestyle products instantly via short video content created by micro/nano influencers.","Gaming / Media / Entertainment,Consumer",E-Commerce; Media,"Neha Suyal, Venkatesan Jayaraman",SOSV,SOSV Orbit Startups - MOX 07,SOSV,https://play.google.com/store/apps/details?id=com.woovly.bucketlist,https://www.linkedin.com/company/woovly,,,,
Nature Preserve,3724466,Pre-Seed,Repeatable product carbon footprints for real decisions Nature Preserve is a sustainability-centered tech startup. We believe in a world where all agrifood companies can manage to reduce the carbon footprint of their products while delivering…,"Climate / Sustainability,Logistics / Supply Chain",Climate Tech; Food Supply Chain Solutions; Sustainable Manufacturing,"Alex Ingrisano, Anantha Peramuna",SOSV,IndieBio Food-X 11,SOSV,http://naturepreserve.co,https://www.linkedin.com/company/naturepreserve,,,,
HomeCrowd,,Pre-Seed,We help millennials achieve the dream of home ownership HomeCrowd is a digital mortgage crowdlending platform that uses a holistic credit scoring system to help underserved young professionals get access to alternative mortgage loans.,FinTech / Insurance,Fintech,Dave Chew,SOSV,SOSV Orbit Startups - Chinaccelerator 16,SOSV,http://myhomecrowd.com,https://www.linkedin.com/company/home-crowd,,,,
Ray IoT,2500000,Seed,"Non-contact sleep and wellness tracker for babies Ray IoT Solutions, Inc. has created the first and only non-contact wellness and sleep tracker. This product tracks respiration rate and movement patterns without putting anything on the human body.","Deeptech / Robotics / AR/VR,Consumer",AI & Machine Learning; Consumer Devices; Hard Tech,"Ranjana Nair, Sanchi Poovaya, Aardra Kannan Ambili",SOSV (HAX),HAX 09,SOSV,https://www.raybaby.us/,,,,,
Refill Assistant,,Pre-Seed,Workflow and patient engagement tools for community pharmacies. Refill Assistant offers integrated tools to help community pharmacies engage with patients online channel to help reduce phone call volume and interruptions.,"Health,Future of Work,Consumer",Digital Health,"Ken Corcoran, Desmond Byrne",SOSV,SOSV SELR8R 02,SOSV,http://www.refillassistant.com,https://www.linkedin.com/company/refillassistant,,,,
OpenTrons,,Growth,"Lab robots for people OpenTrons has a liquid handling robot for small- to medium-scale laboratories that would be appropriate for testing in hospitals everywhere. In a 10-robot configuration, OpenTrons can run up to 15,000 COVID-19 tests per week.",Deeptech / Robotics / AR/VR,Hard Tech; Human Health; Industrial Bio; Industrial Equipment; Robotics,"Chiu Chau, Jonathon Badal, Will Canine",SOSV (HAX),HAX 05,SOSV,http://opentrons.com,https://www.linkedin.com/company/opentrons-labworks-inc,,,,
Shaper,,,"Human-involved robotics company At Shaper, we fuse robotics with handheld tools to simplify the process of making. We think everyone can create with better tools, so we’re working to make tools smarter, more intuitive, and easier to use.",Deeptech / Robotics / AR/VR,Robotics,"Ilan Moyer, Alec Rivers",SOSV,SOSV Portfolio: Cyril Ebersweiler,SOSV,http://shapertools.com,https://www.linkedin.com/company/shapertools,,,,
Servy,,,Next-generation restaurant mystery dining platform Servy is a next-gen mystery dining and market research platform for the hospitality industry.,Logistics / Supply Chain,Food Supply Chain Solutions; SaaS,"Julien Wormser, Rob Edell",SOSV,IndieBio Food-X 01,SOSV,http://servyapp.com,https://www.linkedin.com/company/servy,,,,
Tinkamo,100000,Seed,Connected STEM toys Tinkamo is an education technology company that empowers kids with new technologies to discover and reimagine the world. Tinkamo believe that information technology and artificial intelligence will deeply reform the society.,Consumer,Consumer Devices; Education & EdTech,"Jam Zhang, Chen Ran",SOSV (HAX),HAX China 02,SOSV,https://www.tinkamo.com/,https://www.linkedin.com/company/tinkamo-inc,,,,
"Catallact, Inc.",,Pre-Seed,Catallact is a provider of on-chain data and analytics to the finance industry Catallact transforms raw on-chain data into useful information and actionable metrics through a flexible dashboard and integration into automated workflows with…,"Web3 / Crypto,FinTech / Insurance,Data & Analytics",Blockchain; Fintech,"Dan McGinn, Paul Lewis",SOSV,SOSV dlab 01,SOSV,https://www.catallact.com,https://www.linkedin.com/company/catallact,,,,
Gamer Guides,300000,Pre-Seed,Digital strategy guides for gamers The idea for Gamer Guides was originally conceived back in 2010 during a playthrough of Final Fantasy XIII.,Gaming / Media / Entertainment,Media,Sophia Hayes,SOSV,SOSV Portfolio: Bill Liao,SOSV,http://gamerguides.com,https://www.linkedin.com/company/gamer-guides-ltd,,,,
Seaquake,135000,Seed,"Increase trading volumes for crypto exchanges by improving liquidity and market making Seaquake provides infrastructure to the Digital Asset Market through development, consultancy, and our core technology stack which is connected to all aspects of…","FinTech / Insurance,Web3 / Crypto",Fintech,"Andrew Katz, Dylan Knight",SOSV,SOSV Orbit Startups - Chinaccelerator 17,SOSV,http://seaquake.io,https://www.linkedin.com/company/seaquake,,,,
NUSIC,385000,Pre-Seed,"Music Streaming for the TikTok Generation NUSIC is an AI DJ powered music platform, for fans to engage & artists to get paid. Growing at over 50% a month and monetizing through a freemium model driven by Algorithmic Audio Ads (AAAds), NUSIC features…","Web3 / Crypto,Gaming / Media / Entertainment",Blockchain; Media,"Adam Place, Aala Chen",SOSV,SOSV Orbit Startups - Chinaccelerator 13,SOSV,http://nusic.fm,https://www.linkedin.com/company/nu%E5%8A%AA,,,,
Crowd Supply,,,Where engineers and designers crowdfund awesome new products. Crowd Supply lets you raise money from the crowd to manufacture your next big idea.,Consumer,E-Commerce,"Lou Doctor, Scott Torborg, Joshua Lifton",SOSV,SOSV Portfolio: Cyril Ebersweiler,SOSV,http://www.crowdsupply.com,https://www.linkedin.com/company/crowdsupply,,,,
Biomathematica SAS,150000,Pre-Seed,"Unlocking the human microbiome using mathematics BioMathematica is building a new standard in the microbiome field: an online platform called DryLab, which processes and integrates microbiome-related “omics” data for condition-specific, personalized…",,AI & Machine Learning; Human Health; Industrial & Research Tools; Microbiome,"Ghjuvan Grimaud, Sebastien Forcioli",SOSV,IndieBio RebelBio 06,SOSV,http://www.biomathematica.com,https://www.linkedin.com/company/biomathematica,,,,
Cell Reserves Inc,,Pre-Seed,Developing novel protein and peptide-based therapeutics for the treatment of diseases Cell Reserves is a biopharmaceutical company passionate about finding and improving treatments for diseases.,BioTech,Therapeutics,"Ravinder Sardana, Shrutee Sardana",SOSV,IndieBio RebelBio 03,SOSV,http://cellreserves.com,https://www.linkedin.com/company/cell-reserves-inc,,,,
Milkomeda,,Series A,"Layer 2 protocol (rollups) delivering EVM capabilities to non-EVM blockchains Milkomeda offers a novel protocol that empowers several leading blockchains (Algorand, Terra, Solana, and Cardano) with EVM support and a path for long-term scaling via a…",Web3 / Crypto,Blockchain,"Sebastien Guillemot, Robert Kornacki, Nicolás Arqueros",SOSV,SOSV dlab 03,SOSV,http://milkomeda.com,,,,,
BitMEX,,Growth,Bitcoin futures and options exchange BitMEX is a financial trading platform offering open access to global markets for retail investors.,"Web3 / Crypto,FinTech / Insurance",Blockchain; Fintech,"Arthur Hayes, Samuel Reed, Ben Delo",SOSV,SOSV Orbit Startups - Chinaccelerator 08,SOSV,http://bitmex.com,https://www.linkedin.com/company/bitmex,,,,
VRex Lab,1200000,Seed,"AR/VR content creation universe VRex Lab is a location-based augmented reality messenger app, connecting users to K-pop celebrities in malls, restaurants, and retail stores.","Web3 / Crypto,Gaming / Media / Entertainment",AR / VR; Blockchain,"Heesuk Ricky Kang, Rudy Lee",SOSV,SOSV Orbit Startups - Chinaccelerator 10,SOSV,http://vrexlab.com,,,,,
Hearth Labs,,Pre-Seed,Measuring the missing half of thermal comfort Hearth Labs makes thermal-LiDAR sensors for better building HVAC efficiency.,"Climate / Sustainability,Deeptech / Robotics / AR/VR",Climate Tech; Energy; Hard Tech; Industrial IoT,Nicholas Houchois,SOSV (HAX),HAX 2019,SOSV,http://www.hearthlabs.com,https://www.linkedin.com/company/hearth-labs,,2019-01-01,year,
Drip AI,,Seed,"Hydropanel harvests Drip AI harvests water from the air completely passively and at scale, yielding water that is up to five times cheaper than tap water.",Climate / Sustainability,Climate Tech; Industrial Equipment,"Ramadan Borayek, Oussama Harouch",SOSV (HAX),HAX 2021,SOSV,https://www.drip-ai.com/,https://www.linkedin.com/company/drip-ai,,2021-01-01,year,
Medical Device Corner,$1.23 Million,Seed,Improving the diagnosis and treatment of cancers MDC builds robotic systems that can be used by physicians on patients during MRI and CT scans.,"Deeptech / Robotics / AR/VR,Health,BioTech",Hard Tech; Healthcare; Human Health,Sam Frishman,SOSV (HAX),HAX 2021,SOSV,https://meddevcorner.com,https://www.linkedin.com/company/meddevcorner,,2021-01-01,year,
Whycall,,Pre-Seed,The world's smartest spam-alert service Whycall protects people against spam and voice phishing. Other services can’t provide caller ID unless other users register it—but Whycall can with the world’s smartest phone-spam engine.,Gaming / Media / Entertainment,AI & Machine Learning; Media,"MinjeeKim, YoungJung Yun",SOSV,SOSV Orbit Startups - MOX 04,SOSV,http://www.evain.co.kr/?ckattempt=2,,,,,
VemiCo Ltd,100000,Pre-Seed,"From gut microbiota to therapeutics via AI and synthetic biology We address modern lifestyle diseases and conditions without the need to change person’s lifestyle, with a novel and unique technology that mimics the communication skills of certain…",BioTech,Nutrition & Wellness; Therapeutics,"George Tzortzis, Jelena Vulevic",SOSV,IndieBio RebelBio 08,SOSV,http://vemico.co.uk,https://www.linkedin.com/company/vemico-ltd,,,,
VALANX Biotech,230000,Seed,Superpowering proteins Valanx Biotech is a university spin-out offering a patented method for high-efficiency protein conjugation for cancer drug targeting and other uses.,BioTech,Industrial & Research Tools,Michael Lukesch,SOSV,IndieBio RebelBio 04,SOSV,http://valanx.bio,https://www.linkedin.com/company/valanxbiotech,,,,
Neurocess,,Pre-Seed,"Wearable technology for healthcare, gaming, and professional athletes Neurocess’ clinical-level EMG-derived muscle data provides valuable insights related to athletic performance, injury risks, and training efficiency.","Health,Gaming / Media / Entertainment,Consumer",Consumer Devices; Medtech,"Mert Ergeneci, Erhan Ertan, Kaan Gokcesu",SOSV (HAX),HAX 2018,SOSV,http://neurocess.co,https://www.linkedin.com/company/neurocess-inc,,2018-01-01,year,
Vaartani,,Pre-Seed,AI-powered consumer insights Vaartani provides brands with actionable insights from conversations and reviews given by consumers on individual products in real-time.,"Data & Analytics,Consumer",AI & Machine Learning; Enterprise Software,Sourabh Khan,SOSV,IndieBio Food-X 09,SOSV,http://vaartani.com,https://www.linkedin.com/company/vaartani,,,,
Light Protocol Labs,,Seed,Private transactions for Solana Everybody can see what you do on the blockchain. Light protects sensitive user data at scale so that crypto can go mainstream.,"Web3 / Crypto,FinTech / Insurance",Blockchain; Fintech,"Jorrit Palfner, Swen Schaeferjohann",SOSV,SOSV dlab 04,SOSV,https://luminouslabs.org,https://www.linkedin.com/company/luminous-labs-lda,,,,
"NeuroQore, Inc.",3000000,Seed,"Breakthrough rapid treatment for major depressive disorder and imminent risk of suicide NeuroQore is comprised of a team of passionate and motivated scientists, engineers, and clinicians dedicated to developing pioneering neuromodulation treatments…","BioTech,Health",Human Health; Medtech; Mental health; Therapeutics,"Mehran Talebinejad, Adrian Chan",SOSV (IndieBio),IndieBio 04,SOSV,http://neuroqore.com,https://www.linkedin.com/company/10956369,,,,
Millennia TEA,,Seed,"An entirely new kind of tea We fuel wellness with the freshest and most nutrient-rich teas anywhere—real, raw, whole-food teas and (soon) tea cubes.","CPG,Consumer",Consumer Packaged Goods; Nutrition & Wellness,"Tracy Bell, Rory Bell",SOSV,IndieBio Food-X 10,SOSV,http://millenniatea.com,https://www.linkedin.com/company/18863730,,,,
The CareVoice,20200000,Series A,Transforming healthcare to be more consumer centric The CareVoice is an Asian health insurance company driven to make health insurance more human centric using a digital approach.,"Health,FinTech / Insurance,Consumer",Digital Health; Fintech,"Jan Velich, Neil Liang, Sebastien Gaudin",SOSV,SOSV Orbit Startups - Chinaccelerator 10,SOSV,http://thecarevoice.com,https://www.linkedin.com/company/3588665,,,,
Innatrix,999999,Pre-Seed,Sustainable and Safe Solutions to Replace Agrochemicals Innatrix’s seasoned team of AgriTech professionals are working to replace agrochemical with biological pesticides for farmers.,Climate / Sustainability,AgTech; Industrial Bio,Jiarui Li,SOSV (IndieBio),IndieBio NY 04,SOSV,https://www.innatrix.com,https://www.linkedin.com/company/innatrix,,,,
XN Health,249999,Pre-Seed,Muscle through the ICU XN Health is building a medical device to improve outcomes of ventilated patients through phrenic nerve stimulation.,"Deeptech / Robotics / AR/VR,Health",Hard Tech; Healthcare; Human Health,Elizabeth Jaworski,SOSV (HAX),HAX 2021,SOSV,http://xn-health.com,https://www.linkedin.com/company/xn-health,,2021-01-01,year,
viAct.ai,250000,Seed,Automate construction monitoring through AI computer vision viAct.ai leverages computer vision to automate real-time monitoring of dynamic scenarios such as construction and manufacturing sites.,"Dev Tools / Cloud,PropTech",AI & Machine Learning,Gary Ng,SOSV,SOSV Orbit Startups - Chinaccelerator 16,SOSV,http://www.viact.ai,https://www.linkedin.com/company/viactai,,,,
Pencil,135000000,Pre-Seed,"Bringing audience data and analytics to book publishing Pencil’s platform allows an author to understand how their book is being read, make edits dynamically, and connect to their audience.","Gaming / Media / Entertainment,Data & Analytics",Media,Swarup Nanda,SOSV,SOSV Orbit Startups - MOX 08,SOSV,https://thepencilapp.com/,https://www.linkedin.com/company/thepencilapp,,,,
PickMyWork,150000,Series A,"The growth engine for companies looking to acquire new users for their products PickMyWork is a gig platform that gives businesses an on-demand sales force to sign customers at 1/20th the cost of a pay-per-task model, using upskilled, unemployed…",,SaaS,"Kajal Malik, Vidyarthi Baddireddy, Utsav Bhattacharjee",SOSV,SOSV Orbit Startups - MOX 11,SOSV,https://www.pickmywork.com/,,,,,
Try&Buy Fashion,,Seed,"Virtual Dressing Room Powered by computer vision, Try&Buy helps online retailers increase sales and reduce returns through virtual body models generated from customer selfies. Customers can try on clothes just as if they were in the store.",Consumer,AR / VR; E-Commerce,Nitin Vats,SOSV,SOSV Orbit Startups - Chinaccelerator 15,SOSV,http://tryndbuy.com,https://www.linkedin.com/company/try-buy-fashions,,,,
HausBots,,Pre-Seed,Protecting the built environment Hausbots is using robotics to protect and maintain the built environment at height.,Deeptech / Robotics / AR/VR,Robotics,"Jack Cornes, Harry Smith",SOSV (HAX),HAX 2020,SOSV,http://hausbots.com,https://www.linkedin.com/company/hausbots,,2020-01-01,year,
Ingest AI,,Seed,Our AI eats costs so you don't have to Ingest robotically automates all restaurant back-office operations by healing the data fracture within restaurant third-party systems.,Logistics / Supply Chain,Food Supply Chain Solutions; SaaS,"Daniel Meth, Linus Liang, Kenneth Kuo",SOSV,IndieBio Food-X 07,SOSV,http://ingest.ai,https://www.linkedin.com/company/ingestai,,,,
Puna Bio,,Seed,"Growing crops in impossible conditions Puna Bio uses extremophiles – microorganisms 3.5 billion years old, sourced from La Puna, the highest and driest desert on Earth – to develop biological inputs for agriculture that increase yields, reduce…",Climate / Sustainability,AgTech; Climate Tech,"Franco Levis, Carolina Belfiore, Maria Eugenia Farias",SOSV (IndieBio),IndieBio SF 12,SOSV,https://puna.bio,https://www.linkedin.com/company/punabio,,,,
Veloz Bio,250000,Seed,"""Last mile"" protein manufacturing Veloz is a biotech company leveraging molecular farming to develop and manufacture sustainable and affordable animal-free, alternative proteins.","Climate / Sustainability,BioTech",AgTech; Climate Tech; Future Food; Industrial Bio,Flavio Siller,SOSV (IndieBio),IndieBio SF 12,SOSV,https://velozbio.com,https://www.linkedin.com/company/velozbio,,,,
Piktochart,,Pre-Seed,"Creating data stories and making information beautiful Piktochart is the most intuitive and affordable way to tell visual stories with infographics, reports, presentations, and prints.",,SaaS,"Ai Ching Goh, Andrea Zaggia",SOSV,SOSV Orbit Startups - Chinaccelerator 02,SOSV,http://piktochart.com,https://www.linkedin.com/company/piktochart,,,,
WiJungle,,Pre-Seed,Unified cybersecurity solutions for businesses WiJungle is a unified network security gateway that enables organizations to manage and secure their entire network through a single window.,Cybersecurity,Data & Information Tech; Enterprise Software,"Praveen Gupta, Karmesh Gupta",SOSV,SOSV Orbit Startups - MOX 12,SOSV,http://wijungle.com,https://www.linkedin.com/company/wijungle,,,,
Verismart,,Pre-Seed,End-to-End Identity and Data Access Management Platform Verismart leverages blockchain to create a secure and privacy-compliant environment for large corporations to manage and share identity data.,"FinTech / Insurance,Cybersecurity",Enterprise Software; Fintech,Saurabh Gupta,SOSV,SOSV Orbit Startups - MOX 08,SOSV,http://verismart.ai,https://www.linkedin.com/company/metawing,,,,
Octopus,,Seed,"A reverse logistic platform for post-consumer waste Octopus is a circular economy platform that “Uber-nizes” trash pickers, improves revenue for recyclers, and helps consumer brands uncover valuable post-consumption data.","Climate / Sustainability,Consumer",Circular Economy; Climate Tech; Data & Information Tech; Enterprise Software; Marketplaces,"Dimas Rubianto, Andi Ichsan, Hamish Daud",SOSV,SOSV Orbit Startups - MOX 12,SOSV,http://octopus.co.id,https://www.linkedin.com/company/octopus-ina,,,,
Styched,1000000,Pre-Seed,Affordable D2C youth fashion brand Styched is a global Direct to Consumer brand with new styles launched every week at a quarter of the price of any other brands via independent tailors that use our patented Production on Demand technology and Zero…,"CPG,Climate / Sustainability,Consumer",E-Commerce; Sustainable Manufacturing,"Durga Dash, Soumajit Bhowmik",SOSV,SOSV Orbit Startups - MOX 12,SOSV,http://styched.in,https://www.linkedin.com/company/styched,,,,
Wazer,170000,Seed,"World's first advanced desktop waterjet cutter WAZER is the world’s first affordable digital cutting device that cuts any material with water, bringing the precision of waterjet cutting to engineers, makers, designers, and hobbyists.",Deeptech / Robotics / AR/VR,Hard Tech; Industrial Equipment,"Nisan Lerea, Matthew Nowicki",SOSV (HAX),HAX 08,SOSV,http://wazer.com,https://www.linkedin.com/company/wazer,,,,
CyGenica Ltd.,,Pre-Seed,Delivering therapeutic molecules directly into living cells CyGenica has developed a biomolecular device for the programmed delivery of therapeutic molecules directly into living cells.,BioTech,Human Health; Therapeutics,Nusrat Jahan,SOSV,IndieBio RebelBio 04,SOSV,http://cygenica.com,https://www.linkedin.com/company/cyca-oncosolutions,,,,
PlanHouse,186000,Pre-Seed,"A social platform connecting people with their interesting experiences and communities After the COVID outbreak, increasing number of communities start to organize healthy activities in large cities of China.",,SaaS,Sophie Sun,SOSV,SOSV Orbit Startups - Chinaccelerator 16,SOSV,http://www.travelright.cn,https://www.linkedin.com/company/mastertrip,,,,
Badili,,Seed,Africa's 1st Re-Commerce Platform Creating an organized industry for pre-owned & affordable smartphones in Africa,"Climate / Sustainability,Consumer",Circular Economy; Climate Tech; Consumer Devices; E-Commerce; Marketplaces,"Rishabh Lawania, Keshu Dubey",SOSV,SOSV Orbit Startups - MOX 12,SOSV,http://badili.africa,https://www.linkedin.com/company/badili-commerce,,,,
Qwasar Silicon valley,,Seed,Talent training platform for the digital economy Qwasar is a learning platform used to facilitate training programs that develop technical skills for the digital economy.,"Future of Work,Consumer",Education & EdTech; SaaS,"Jennifer Robertson, Gaetan Juvin, Kwame Yamgnane",SOSV,SOSV Portfolio: Cyril Ebersweiler,SOSV,http://qwasar.io,https://www.linkedin.com/company/qwasar-silicon-valley,,,,
Kno Global,250000,Pre-Seed,"Real-time impact data for factories, workers and brands Brands want to avoid the next factory crisis, factories want to reduce the cost of turnover and make sales, workers want a voice.",,SaaS,"Marianne Hughes, Timothy Leung",SOSV,SOSV Orbit Startups - Chinaccelerator 16,SOSV,http://knoglobal.com,https://www.linkedin.com/company/kno-global,,,,
HighStreet Pakistan,,Pre-Seed,"Online retailer for exclusive brand products Women in Pakistan love the very best in Health & Beauty products. Unfortunately due to top brands not being officially and readily available, this means ordering from foreign websites with month long…",Consumer,E-Commerce,"Makhdoom Humayon, Ali Ayaz, Babar Ali",SOSV,SOSV Orbit Startups - MOX 12,SOSV,http://high-street.pk,https://www.linkedin.com/company/highstreet-pakistan,,,,
Tasting Collective,,Pre-Seed,"Dinner Out. Reinvented. We’re a roving community of food lovers on a mission to create a more meaningful restaurant experience. To us, restaurants are stages upon which stories are told and setting in which relationships are built.",Logistics / Supply Chain,Food Supply Chain Solutions,Nat Gelb,SOSV,IndieBio Food-X 02,SOSV,http://tastingcollective.com,https://www.linkedin.com/company/tasting-collective,,,,
Pinpoint,,Seed,"Surgical robotic systems Pinpoint’s surgical robotic systems provides surgeons with extremely reliable sub-milimeter accuracy for biopsy behind the rib cage, where surgical equipment must pass in between individual rib bones.","Deeptech / Robotics / AR/VR,Health",Hard Tech; Healthcare; Human Health; Robotics,"Zhuo Li, Yang Jiaolong",SOSV (HAX),HAX China 03,SOSV,http://pinpointrobot.cn,,,,,
Haptic,400000,Seed,Information through touch Haptic is a wearable haptics design company developing products that communicate information entirely via touch.,Consumer,Consumer Devices,"Yang Wang, Kevin Yoo, Keith Kirkland",SOSV,SOSV URBAN-X 02,SOSV,http://haptic.works,https://www.linkedin.com/company/hapticworks,,,,
Vidyakul,,Pre-Seed,Interactive e-learning Vidyakul is an interactive e-learning platform enabling teachers to create online courses and students to access quality education.,Consumer,Education & EdTech,"Raman Garg, Tarun Saini",SOSV,SOSV Orbit Startups - MOX 07,SOSV,https://www.vidyakul.com,https://www.linkedin.com/company/vidyakul,,,,
NURO CORP,1067000,Pre-Seed,"One of the world's leading manufacturers of non-invasive Neurotechnology NURO is the architect of NUOS, KOMPOS, PAD and MENTIS, all leading non-invasive neurotechnologies for healthcare and non-healthcare applications.","BioTech,Consumer",Consumer Bio; Therapeutics,"Pascal Gand, Francois Gand",SOSV (IndieBio),IndieBio 06,SOSV,http://nuro.ca,https://www.linkedin.com/company/nuro-corp-,,,,
Screea,450000,Pre-Seed,Universal loyalty platform where one can earn and spend cashback points all in one app Screea is a universal cashback loyalty platform where users can earn Screea points anywhere within our global ecosystem—online and offline.,"FinTech / Insurance,Consumer",E-Commerce; Fintech,"Stanley Chen, William Chiang",SOSV,SOSV Orbit Startups - MOX 03,SOSV,https://www.screea.com,https://www.linkedin.com/company/screea,,,,
Agrifi,350000,Pre-Seed,Financial Access for All Indian Farmers Agrifi builds a digital credit history for farmers through their app and matches the farmers with banks.,"Climate / Sustainability,FinTech / Insurance",AgTech,"Kapil Chawala, Raghuchandra R, Abhilash Thirupathy",SOSV,SOSV Orbit Startups - MOX 12,SOSV,http://agrifi.in,https://www.linkedin.com/company/agri-fi,,,,
Cradlewise,$13.3M,Series A,Smart cribs for babies Cradlewise builds a smart crib which can soothe babies back to sleep at the earliest signs of waking.,"Deeptech / Robotics / AR/VR,Health,Consumer",Consumer Devices; Hard Tech; Healthcare; Human Health; Women's Health,"Radhika Patil, Bharath Patil",SOSV (HAX),HAX 2019,SOSV,https://cradlewise.com,https://www.linkedin.com/company/cradlewise,,2019-01-01,year,
Dashlabs,,,"Dashlabs is a think tank and holding company based in London, United Kingdom. Dash Labs is a think-tank & holding company for the trio of Josh Russell, Pete Barr-Watson, and Dave Stone.",,Enterprise Software,,SOSV,SOSV Portfolio: Bill Liao,SOSV,http://dashlabs.com,https://www.linkedin.com/company/dash-labs,,,,
RxAll Inc.,$4 Million,Seed,Instant drug testing RxAll is building a pharmacy platform which provides chemcially verified drug quality and authenticated quality control.,"Deeptech / Robotics / AR/VR,Health,BioTech",Hard Tech; Healthcare; Human Health,"Amy Kao, Adebayo Alonge",SOSV (HAX),HAX 2019,SOSV,http://rxall.net,https://www.linkedin.com/company/rxall-inc,,2019-01-01,year,
Quidli,,Seed,"Offer crypto as perks to your employees, team members, and contributors At Quidli, we enable digital-first teams to share crypto as internal incentives and rewards.","Web3 / Crypto,FinTech / Insurance,Future of Work",Blockchain; Fintech,"Guillaume Figielski, Justin Ahn",SOSV,SOSV dlab 02,SOSV,https://quid.li,https://www.linkedin.com/company/quidli,,,,
Oomph,,Pre-Seed,"Indonesia's largest Android-engagement platform Oomph is your one-stop shop for high-quality, international mobile content in Indonesia.",Gaming / Media / Entertainment,Media,Stanley Tan,SOSV,SOSV Orbit Startups - MOX 04,SOSV,http://oomph.co.id,https://www.linkedin.com/company/oomph-id,,,,
Trendy Butler,,Seed,A diverse men’s apparel subscription service Trendy Butler is a diverse men’s apparel subscription service that gives members up to $150 worth of men’s clothes for $65 per month.,"CPG,Consumer",E-Commerce,"Ali Najafian, Jeremy Barnett",SOSV,SOSV Portfolio: Cyril Ebersweiler,SOSV,http://trendybutler.com,https://www.linkedin.com/company/trendy-butler,,,,
Styleseller,,Pre-Seed,"Marketing and commerce platform where buyers voluntarily participate in brand marketing StyleSeller is a marketing plus commerce platform in which buyers voluntarily participate in brand marketing, so the products of the company spread out…",Consumer,E-Commerce,"Sihyeon Ahn, Ahn Sungkoog",SOSV,SOSV Orbit Startups - MOX 04,SOSV,https://www.corp.styleseller.co.kr/,https://www.linkedin.com/company/18363483,,,,
Livin Farms,100000,Series A,Feeding the world while saving the planet Livin Farms has figured out a fundamentally more efficient and sustainable way to produce protein for the animal feed industry.,"Climate / Sustainability,Deeptech / Robotics / AR/VR",AgTech; Climate Tech; Hard Tech; Robotics,Katharina Unger,SOSV (HAX),HAX 07,SOSV,http://livinfarms.com,https://www.linkedin.com/company/l-i-v-i-n-farms,,,,
Mirakee,,Pre-Seed,"Showcase your poems, quotes, stories and any kind of write-ups.",Gaming / Media / Entertainment,Media,Alankrita Sood,SOSV,SOSV Orbit Startups - MOX 08,SOSV,http://mirakee.com,https://www.linkedin.com/company/mirakee,,,,
Pandabus,,Seed,"Real-time bus information for commuters Pandabus is focused on developing applications that provide the general public with easy-to-use, location-based services focused on providing real-time, relevant information to commuters about their daily…",Climate / Sustainability,AI & Machine Learning; Climate Tech; Enterprise Software,"Lawrence Mulligan, 姜东明, Lu GuoXu",SOSV,SOSV Portfolio: William Bao Bean,SOSV,http://pandabus.cn,https://www.linkedin.com/company/panda-travel-agency-private-limited,,,,
NotCo,,Growth,"Innovative and disruptive food products We use artificial intelligence to create exceptional foods. We gave life to a computer that has scientific knowledge to generate delicious, healthy, and accessible products from plants.","Climate / Sustainability,BioTech",Alt Protein; Climate Tech; Future Food,"Karim Pichara, Pablo Zamora, Matias Muchnick",SOSV (IndieBio),IndieBio 05,SOSV,http://notco.ai,https://www.linkedin.com/company/the-not-co-,,,,
Vivid Vision,,Seed,The world's most advanced lazy eye treatment Vivid Vision Clinical is designed to let your eye doctor have absolute control over your lazy eye treatment.,,Human Health; Medtech,"James Blaha, Manish Gupta",SOSV,SOSV InteractX 01 (LEAP),SOSV,http://seevividly.com,https://www.linkedin.com/company/9376434,,,,
Kyomei,,Pre-Seed,Transforming meat protein production with plants Kyomei is using a novel strategy to scale production of meat myoglobin produced in plants.,"Climate / Sustainability,BioTech",AgTech; Alt Protein; Climate Tech; Future Food,"Meir Wachs, Kyoko Morimoto",SOSV (IndieBio),IndieBio NY 03,SOSV,https://kyomei.co.uk,https://www.linkedin.com/company/kyomeiproteins,,,,
RxDiet,,Pre-Seed,"Deep learning solution for prescription dietary treatment Our AI automates online grocery shopping and personal precision nutrition for better health outcomes, lower cost, and zero food waste.",,AI & Machine Learning; Food Software; Human Health,"Jan Skvaril, Roman Kalista",SOSV,IndieBio Food-X 10,SOSV,https://www.rx-diet.com,https://www.linkedin.com/company/rx-diet,,,,
Rocketship,,Pre-Seed,"Create an accelerator program for your passion Rocketship helps coaches deliver curriculum and mentorship, build community, and transform lives.",Deeptech / Robotics / AR/VR,SaaS,Trevor Owens,SOSV,SOSV Orbit Startups - Chinaccelerator 18,SOSV,http://onrocketship.com,,,,,
Karma Biotechnologies,6000000,Seed,LNP technology that can deliver both DNA and RNA payloads to solid tumor microenvironments Karma is an in vivo cell therapy company that uses a proprietary LNP technology to reprogram key immune cells to infiltrate tumors and break down their…,BioTech,Human Health; Therapeutics,"Alan Johnson, Andrew Gray",SOSV (IndieBio),IndieBio SF 14,SOSV,http://karmabiotech.com,https://www.linkedin.com/company/karma-biotechnologies,,,,
Somatic,,Series A,Commercial bathroom cleaning robots SOMATIC is a robotic cleaning service for commercial bathrooms.,Deeptech / Robotics / AR/VR,AI & Machine Learning; Hard Tech; Robotics,"Eugene Zasoba, Michael Levy",SOSV (HAX),HAX 2018,SOSV,http://getsomatic.com,https://www.linkedin.com/company/somatic,,2018-01-01,year,
Matchnow,,Pre-Seed,"Network of job opportunities in the beauty industry MATCH is the first job shop of NetEase with a network in the United States. It offers a network of job opportunities in the beauty industry, which makes it easy to collaborate.","Gaming / Media / Entertainment,CPG,Consumer",E-Commerce; Media,"Chien Bounz, Arther Wu",SOSV,SOSV Orbit Startups - MOX 03,SOSV,http://matchnow.co,,,,,
DemystData,,Seed,"Data integration technology for financial services DemystData works at the intersection of big data, technology, and banking. We help financial service providers, like online lenders and banks, access and apply booming amounts of customer data.","FinTech / Insurance,Data & Analytics",,Mark Hookey,SOSV,SOSV Orbit Startups - MOX 01,SOSV,http://demyst.com,https://www.linkedin.com/company/demystdata,,,,
Genetic Anomalies,,,Genetic Anomalies developed a digital rights property trading system. Pre-WWW online gaming company with virtual property economic model. Sold the first virtual goods on the Internet in 1997.,"Gaming / Media / Entertainment,FinTech / Insurance,PropTech",Media,,SOSV,SOSV Portfolio: Sean O'Sullivan,SOSV,,,,,,
Verdex Technologies,,Pre-Seed,"A Revolution In Green Advanced Materials Filtration media represents a $100B climate problem. Current materials are filled with harmful microplastics and polluting forever chemicals, and they are low performance while at the same time high cost.",Climate / Sustainability,Sustainable Manufacturing,,SOSV (HAX),HAX 2023,SOSV,https://www.verdextech.com,https://www.linkedin.com/company/verdex-tech,,2023-01-01,year,True
